split,dish_id,image_path,total_calories,total_mass,total_fat,total_carb,total_protein
train,dish_1558641037,data/nutrition5k_dataset/imagery/realsense_overhead/dish_1558641037/rgb.png,60.839996337890625,117.0,0.23399999737739563,16.3799991607666,0.35100001096725464
train,dish_1562958721,data/nutrition5k_dataset/imagery/realsense_overhead/dish_1562958721/rgb.png,125.7248306274414,167.0,3.698546886444092,21.36392593383789,2.1617441177368164
train,dish_1565799617,data/nutrition5k_dataset/imagery/realsense_overhead/dish_1565799617/rgb.png,294.2217102050781,520.0,2.8494389057159424,29.379562377929688,33.367977142333984
train,dish_1561491210,data/nutrition5k_dataset/imagery/realsense_overhead/dish_1561491210/rgb.png,251.09747314453125,276.0,18.868791580200195,23.3143367767334,22.313339233398438
train,dish_1561661806,data/nutrition5k_dataset/imagery/realsense_overhead/dish_1561661806/rgb.png,183.4759521484375,89.0,8.400409698486328,9.825472831726074,16.235809326171875
train,dish_1562873264,data/nutrition5k_dataset/imagery/realsense_overhead/dish_1562873264/rgb.png,503.6002197265625,595.0,35.51457214355469,66.93379211425781,33.33362579345703
train,dish_1558373449,data/nutrition5k_dataset/imagery/realsense_overhead/dish_1558373449/rgb.png,416.23199462890625,72.0,35.63999938964844,16.3439998626709,16.128000259399414
train,dish_1561480414,data/nutrition5k_dataset/imagery/realsense_overhead/dish_1561480414/rgb.png,125.16199493408203,129.0,4.835000038146973,16.31599998474121,5.447000026702881
train,dish_1563465805,data/nutrition5k_dataset/imagery/realsense_overhead/dish_1563465805/rgb.png,32.43000030517578,23.0,1.5640000104904175,4.139999866485596,0.4830000102519989
train,dish_1564589308,data/nutrition5k_dataset/imagery/realsense_overhead/dish_1564589308/rgb.png,227.00999450683594,161.0,10.94800090789795,28.98000144958496,3.38100004196167
train,dish_1560442226,data/nutrition5k_dataset/imagery/realsense_overhead/dish_1560442226/rgb.png,83.79000091552734,147.0,0.4410000145435333,20.579999923706055,1.0290000438690186
train,dish_1566333255,data/nutrition5k_dataset/imagery/realsense_overhead/dish_1566333255/rgb.png,515.5452270507812,372.0,20.582202911376953,43.079132080078125,39.08174133300781
train,dish_1561134102,data/nutrition5k_dataset/imagery/realsense_overhead/dish_1561134102/rgb.png,24.30000114440918,81.0,0.16200000047683716,6.156000137329102,0.4860000014305115
train,dish_1562602918,data/nutrition5k_dataset/imagery/realsense_overhead/dish_1562602918/rgb.png,265.62225341796875,417.0,5.792154788970947,34.74925231933594,19.446212768554688
train,dish_1563898786,data/nutrition5k_dataset/imagery/realsense_overhead/dish_1563898786/rgb.png,420.928466796875,344.0,31.470230102539062,11.42750358581543,23.636035919189453
train,dish_1562615103,data/nutrition5k_dataset/imagery/realsense_overhead/dish_1562615103/rgb.png,94.28854370117188,110.0,6.186011791229248,8.58028507232666,1.9628349542617798
train,dish_1565711115,data/nutrition5k_dataset/imagery/realsense_overhead/dish_1565711115/rgb.png,321.5299987792969,308.0,14.40999984741211,2.38700008392334,39.709999084472656
train,dish_1558031526,data/nutrition5k_dataset/imagery/realsense_overhead/dish_1558031526/rgb.png,76.94200134277344,62.0,0.12399999797344208,18.22800064086914,0.9919999837875366
train,dish_1563475788,data/nutrition5k_dataset/imagery/realsense_overhead/dish_1563475788/rgb.png,39.0,78.0,0.07800000160932541,10.139999389648438,0.38999998569488525
train,dish_1558725085,data/nutrition5k_dataset/imagery/realsense_overhead/dish_1558725085/rgb.png,54.36000061035156,151.0,0.1509999930858612,13.59000015258789,0.7549999952316284
train,dish_1562168365,data/nutrition5k_dataset/imagery/realsense_overhead/dish_1562168365/rgb.png,70.0,140.0,0.14000000059604645,18.19999885559082,0.699999988079071
train,dish_1562945779,data/nutrition5k_dataset/imagery/realsense_overhead/dish_1562945779/rgb.png,37.69532012939453,29.0,2.0206449031829834,4.463192939758301,0.9279999732971191
train,dish_1565194906,data/nutrition5k_dataset/imagery/realsense_overhead/dish_1565194906/rgb.png,451.79547119140625,839.0,5.2037200927734375,56.64761734008789,42.0001220703125
train,dish_1565808943,data/nutrition5k_dataset/imagery/realsense_overhead/dish_1565808943/rgb.png,13.320000648498535,74.0,0.14800000190734863,2.885999917984009,0.6660000085830688
train,dish_1565023128,data/nutrition5k_dataset/imagery/realsense_overhead/dish_1565023128/rgb.png,41.59483337402344,32.0,2.2296769618988037,4.92490291595459,1.0240000486373901
train,dish_1568044496,data/nutrition5k_dataset/imagery/realsense_overhead/dish_1568044496/rgb.png,35.400001525878906,118.0,0.23600000143051147,8.967999458312988,0.7080000042915344
train,dish_1558457468,data/nutrition5k_dataset/imagery/realsense_overhead/dish_1558457468/rgb.png,23.80000114440918,70.0,0.14000000059604645,5.599999904632568,0.5600000023841858
train,dish_1558114484,data/nutrition5k_dataset/imagery/realsense_overhead/dish_1558114484/rgb.png,151.47999572753906,28.0,11.75999927520752,0.3919999897480011,10.360000610351562
train,dish_1562704564,data/nutrition5k_dataset/imagery/realsense_overhead/dish_1562704564/rgb.png,292.02288818359375,124.0,13.480252265930176,20.778148651123047,20.163644790649414
train,dish_1560368944,data/nutrition5k_dataset/imagery/realsense_overhead/dish_1560368944/rgb.png,143.54042053222656,66.0,8.57303524017334,2.1412200927734375,13.566439628601074
train,dish_1562946006,data/nutrition5k_dataset/imagery/realsense_overhead/dish_1562946006/rgb.png,535.9840087890625,224.0,41.59199905395508,6.288000106811523,32.071998596191406
train,dish_1563218959,data/nutrition5k_dataset/imagery/realsense_overhead/dish_1563218959/rgb.png,267.9396667480469,131.0,14.862058639526367,4.849843978881836,26.745079040527344
train,dish_1563464651,data/nutrition5k_dataset/imagery/realsense_overhead/dish_1563464651/rgb.png,312.0,130.0,9.199999809265137,46.64500045776367,10.868000984191895
train,dish_1562875940,data/nutrition5k_dataset/imagery/realsense_overhead/dish_1562875940/rgb.png,386.6668395996094,418.0,23.183082580566406,52.98098373413086,26.29400634765625
train,dish_1559589942,data/nutrition5k_dataset/imagery/realsense_overhead/dish_1559589942/rgb.png,290.3480224609375,179.0,10.175000190734863,36.630001068115234,13.48799991607666
train,dish_1561753238,data/nutrition5k_dataset/imagery/realsense_overhead/dish_1561753238/rgb.png,298.0343933105469,333.0,13.711389541625977,14.026631355285645,28.8810977935791
train,dish_1566413356,data/nutrition5k_dataset/imagery/realsense_overhead/dish_1566413356/rgb.png,183.97999572753906,164.0,3.9519999027252197,2.196000099182129,33.69900131225586
train,dish_1562007866,data/nutrition5k_dataset/imagery/realsense_overhead/dish_1562007866/rgb.png,497.8613586425781,465.0,15.24950122833252,62.60457229614258,28.075634002685547
train,dish_1561741139,data/nutrition5k_dataset/imagery/realsense_overhead/dish_1561741139/rgb.png,108.19999694824219,20.0,8.399999618530273,0.2800000011920929,7.400000095367432
train,dish_1558028194,data/nutrition5k_dataset/imagery/realsense_overhead/dish_1558028194/rgb.png,228.0500030517578,172.0,11.903999328613281,18.010000228881836,12.218000411987305
train,dish_1559241099,data/nutrition5k_dataset/imagery/realsense_overhead/dish_1559241099/rgb.png,201.34677124023438,382.0,0.9343900084495544,51.246646881103516,2.417124032974243
train,dish_1562788732,data/nutrition5k_dataset/imagery/realsense_overhead/dish_1562788732/rgb.png,57.29280471801758,52.0,6.662715911865234,2.814716100692749,7.842129230499268
train,dish_1564685144,data/nutrition5k_dataset/imagery/realsense_overhead/dish_1564685144/rgb.png,26.162500381469727,50.0,1.2987500429153442,3.4124999046325684,0.8774999976158142
train,dish_1567024224,data/nutrition5k_dataset/imagery/realsense_overhead/dish_1567024224/rgb.png,354.9458312988281,315.0,12.855191230773926,42.525386810302734,18.17399787902832
train,dish_1558115364,data/nutrition5k_dataset/imagery/realsense_overhead/dish_1558115364/rgb.png,485.260009765625,313.0,27.00899887084961,26.503999710083008,39.459999084472656
train,dish_1565640842,data/nutrition5k_dataset/imagery/realsense_overhead/dish_1565640842/rgb.png,307.42999267578125,329.0,5.36299991607666,14.95300006866455,48.435001373291016
train,dish_1561578226,data/nutrition5k_dataset/imagery/realsense_overhead/dish_1561578226/rgb.png,119.22025299072266,289.0,6.62832498550415,13.898274421691895,4.2815327644348145
train,dish_1559841163,data/nutrition5k_dataset/imagery/realsense_overhead/dish_1559841163/rgb.png,357.04351806640625,335.0,18.222002029418945,27.538999557495117,21.15300178527832
train,dish_1566316525,data/nutrition5k_dataset/imagery/realsense_overhead/dish_1566316525/rgb.png,223.88809204101562,83.0,20.465044021606445,2.6972239017486572,7.660690784454346
train,dish_1565031338,data/nutrition5k_dataset/imagery/realsense_overhead/dish_1565031338/rgb.png,296.2404479980469,215.0,16.46657371520996,8.770726203918457,27.085739135742188
train,dish_1568055986,data/nutrition5k_dataset/imagery/realsense_overhead/dish_1568055986/rgb.png,54.400001525878906,76.0,3.4679999351501465,5.97599983215332,0.7400000095367432
train,dish_1562010929,data/nutrition5k_dataset/imagery/realsense_overhead/dish_1562010929/rgb.png,457.2658386230469,405.0,27.095516204833984,25.63043975830078,29.310972213745117
train,dish_1567789230,data/nutrition5k_dataset/imagery/realsense_overhead/dish_1567789230/rgb.png,689.4284057617188,300.0,56.70819854736328,9.137200355529785,34.3734016418457
train,dish_1568665935,data/nutrition5k_dataset/imagery/realsense_overhead/dish_1568665935/rgb.png,154.2220001220703,58.0,5.452000141143799,19.43000030517578,6.495999813079834
train,dish_1561751958,data/nutrition5k_dataset/imagery/realsense_overhead/dish_1561751958/rgb.png,381.22637939453125,293.0,19.166791915893555,10.987133026123047,37.79017639160156
train,dish_1565972384,data/nutrition5k_dataset/imagery/realsense_overhead/dish_1565972384/rgb.png,432.243896484375,706.0,4.748146057128906,30.064855575561523,57.15365982055664
train,dish_1564169197,data/nutrition5k_dataset/imagery/realsense_overhead/dish_1564169197/rgb.png,116.44999694824219,50.0,6.5,8.949999809265137,5.5
train,dish_1562788816,data/nutrition5k_dataset/imagery/realsense_overhead/dish_1562788816/rgb.png,506.6034851074219,320.0,24.274417877197266,44.3224983215332,37.73170471191406
train,dish_1563294575,data/nutrition5k_dataset/imagery/realsense_overhead/dish_1563294575/rgb.png,485.9056396484375,562.0,17.121397018432617,72.02111053466797,15.064019203186035
train,dish_1564429894,data/nutrition5k_dataset/imagery/realsense_overhead/dish_1564429894/rgb.png,498.76983642578125,566.0,11.819026947021484,73.53173828125,25.254064559936523
train,dish_1558372525,data/nutrition5k_dataset/imagery/realsense_overhead/dish_1558372525/rgb.png,242.802001953125,42.0,20.790000915527344,9.534000396728516,9.407999992370605
train,dish_1558115867,data/nutrition5k_dataset/imagery/realsense_overhead/dish_1558115867/rgb.png,132.96299743652344,23.0,11.385000228881836,5.2210001945495605,5.1519999504089355
train,dish_1560888849,data/nutrition5k_dataset/imagery/realsense_overhead/dish_1560888849/rgb.png,168.96412658691406,107.0,5.855534076690674,7.567452907562256,20.427921295166016
train,dish_1565721828,data/nutrition5k_dataset/imagery/realsense_overhead/dish_1565721828/rgb.png,129.22500610351562,239.0,5.393499851226807,18.909000396728516,2.881500005722046
train,dish_1561061593,data/nutrition5k_dataset/imagery/realsense_overhead/dish_1561061593/rgb.png,42.45858383178711,52.0,1.6598700284957886,4.359210014343262,3.223788022994995
train,dish_1566931217,data/nutrition5k_dataset/imagery/realsense_overhead/dish_1566931217/rgb.png,333.1086730957031,378.0,29.458877563476562,21.469036102294922,21.408706665039062
train,dish_1559245979,data/nutrition5k_dataset/imagery/realsense_overhead/dish_1559245979/rgb.png,116.11600494384766,203.0,0.2029999941587448,30.855998992919922,0.8119999766349792
train,dish_1560441270,data/nutrition5k_dataset/imagery/realsense_overhead/dish_1560441270/rgb.png,24.540000915527344,46.0,0.06300000101327896,5.303999900817871,0.8349999785423279
train,dish_1567625294,data/nutrition5k_dataset/imagery/realsense_overhead/dish_1567625294/rgb.png,51.20000076293945,32.0,4.800000190734863,2.880000114440918,0.6399999856948853
train,dish_1565640427,data/nutrition5k_dataset/imagery/realsense_overhead/dish_1565640427/rgb.png,195.76199340820312,42.0,12.095999717712402,20.916000366210938,2.6040000915527344
train,dish_1562961609,data/nutrition5k_dataset/imagery/realsense_overhead/dish_1562961609/rgb.png,423.5417785644531,186.0,17.73101043701172,35.247432708740234,29.078554153442383
train,dish_1562872662,data/nutrition5k_dataset/imagery/realsense_overhead/dish_1562872662/rgb.png,133.2158203125,122.0,15.029959678649902,5.005393981933594,15.61719799041748
train,dish_1565640272,data/nutrition5k_dataset/imagery/realsense_overhead/dish_1565640272/rgb.png,377.82000732421875,405.0,13.907999038696289,49.7400016784668,16.559999465942383
train,dish_1557853154,data/nutrition5k_dataset/imagery/realsense_overhead/dish_1557853154/rgb.png,18.810001373291016,57.0,0.17100000381469727,4.559999942779541,0.39899998903274536
train,dish_1558640294,data/nutrition5k_dataset/imagery/realsense_overhead/dish_1558640294/rgb.png,42.400001525878906,184.0,0.36800000071525574,9.553999900817871,1.5980000495910645
train,dish_1564686832,data/nutrition5k_dataset/imagery/realsense_overhead/dish_1564686832/rgb.png,829.737548828125,392.0,39.73246765136719,64.51634216308594,54.17950439453125
train,dish_1562615360,data/nutrition5k_dataset/imagery/realsense_overhead/dish_1562615360/rgb.png,331.48199462890625,191.0,20.40243911743164,20.03392791748047,17.890609741210938
train,dish_1568061272,data/nutrition5k_dataset/imagery/realsense_overhead/dish_1568061272/rgb.png,380.39404296875,415.0,11.045062065124512,45.30430221557617,25.763874053955078
train,dish_1564686702,data/nutrition5k_dataset/imagery/realsense_overhead/dish_1564686702/rgb.png,307.9449768066406,130.0,12.545000076293945,36.75,11.960000038146973
train,dish_1561576618,data/nutrition5k_dataset/imagery/realsense_overhead/dish_1561576618/rgb.png,57.924407958984375,188.0,2.318721055984497,8.41977596282959,1.7496119737625122
train,dish_1562959190,data/nutrition5k_dataset/imagery/realsense_overhead/dish_1562959190/rgb.png,518.8011474609375,378.0,31.284950256347656,53.022335052490234,26.72298812866211
train,dish_1561666923,data/nutrition5k_dataset/imagery/realsense_overhead/dish_1561666923/rgb.png,539.6385498046875,425.0,22.059612274169922,55.69009780883789,34.9427490234375
train,dish_1557863170,data/nutrition5k_dataset/imagery/realsense_overhead/dish_1557863170/rgb.png,129.82000732421875,142.0,11.426000595092773,8.233999252319336,2.2660000324249268
train,dish_1565987116,data/nutrition5k_dataset/imagery/realsense_overhead/dish_1565987116/rgb.png,393.41998291015625,397.0,17.283000946044922,10.670999526977539,49.667999267578125
train,dish_1561061630,data/nutrition5k_dataset/imagery/realsense_overhead/dish_1561061630/rgb.png,186.68374633789062,150.0,11.299298286437988,17.85063934326172,6.371216773986816
train,dish_1563812615,data/nutrition5k_dataset/imagery/realsense_overhead/dish_1563812615/rgb.png,402.7840881347656,386.0,18.810022354125977,17.20134162902832,39.89674377441406
train,dish_1565724588,data/nutrition5k_dataset/imagery/realsense_overhead/dish_1565724588/rgb.png,266.7202453613281,410.0,12.287975311279297,35.88297653198242,6.973049163818359
train,dish_1560444637,data/nutrition5k_dataset/imagery/realsense_overhead/dish_1560444637/rgb.png,509.3210144042969,285.0,31.756999969482422,25.58799934387207,29.480998992919922
train,dish_1565810237,data/nutrition5k_dataset/imagery/realsense_overhead/dish_1565810237/rgb.png,349.86639404296875,306.0,19.25312042236328,7.274592876434326,38.68890380859375
train,dish_1562689519,data/nutrition5k_dataset/imagery/realsense_overhead/dish_1562689519/rgb.png,169.54000854492188,173.0,7.439000129699707,5.881999969482422,19.030000686645508
train,dish_1565638287,data/nutrition5k_dataset/imagery/realsense_overhead/dish_1565638287/rgb.png,357.9346618652344,175.0,19.85389518737793,6.478799819946289,35.728153228759766
train,dish_1563308386,data/nutrition5k_dataset/imagery/realsense_overhead/dish_1563308386/rgb.png,155.80548095703125,214.0,6.034587860107422,24.200393676757812,2.87349009513855
train,dish_1561666821,data/nutrition5k_dataset/imagery/realsense_overhead/dish_1561666821/rgb.png,211.78656005859375,170.0,12.141860961914062,19.425872802734375,7.538331985473633
train,dish_1562181247,data/nutrition5k_dataset/imagery/realsense_overhead/dish_1562181247/rgb.png,660.094482421875,220.0,45.32347106933594,11.534340858459473,49.14976119995117
train,dish_1566934152,data/nutrition5k_dataset/imagery/realsense_overhead/dish_1566934152/rgb.png,305.06524658203125,396.0,15.832462310791016,11.56218147277832,29.805675506591797
train,dish_1563551006,data/nutrition5k_dataset/imagery/realsense_overhead/dish_1563551006/rgb.png,357.669189453125,213.0,22.059999465942383,29.586002349853516,15.69480037689209
train,dish_1563827454,data/nutrition5k_dataset/imagery/realsense_overhead/dish_1563827454/rgb.png,86.57000732421875,248.0,3.301332950592041,10.737333297729492,6.02933406829834
train,dish_1564169932,data/nutrition5k_dataset/imagery/realsense_overhead/dish_1564169932/rgb.png,766.6265258789062,473.0,37.37470245361328,42.81098556518555,65.77315521240234
train,dish_1564686657,data/nutrition5k_dataset/imagery/realsense_overhead/dish_1564686657/rgb.png,279.1949768066406,105.0,9.869999885559082,35.17499923706055,11.760000228881836
train,dish_1559841571,data/nutrition5k_dataset/imagery/realsense_overhead/dish_1559841571/rgb.png,18.799999237060547,5.0,0.33500000834465027,3.6500000953674316,0.6000000238418579
train,dish_1565379788,data/nutrition5k_dataset/imagery/realsense_overhead/dish_1565379788/rgb.png,49.64992904663086,101.0,1.1949490308761597,9.962657928466797,0.897363007068634
train,dish_1562691705,data/nutrition5k_dataset/imagery/realsense_overhead/dish_1562691705/rgb.png,412.6768798828125,554.0,11.576250076293945,51.6173210144043,27.196392059326172
train,dish_1567537457,data/nutrition5k_dataset/imagery/realsense_overhead/dish_1567537457/rgb.png,297.7650146484375,361.0,12.137429237365723,36.09172821044922,12.930025100708008
train,dish_1558628515,data/nutrition5k_dataset/imagery/realsense_overhead/dish_1558628515/rgb.png,31.920000076293945,56.0,0.1679999977350235,7.840000152587891,0.3919999897480011
train,dish_1564000417,data/nutrition5k_dataset/imagery/realsense_overhead/dish_1564000417/rgb.png,340.35198974609375,128.0,12.031999588012695,42.880001068115234,14.336000442504883
train,dish_1558115047,data/nutrition5k_dataset/imagery/realsense_overhead/dish_1558115047/rgb.png,203.6999969482422,212.0,10.381999969482422,7.565999984741211,25.578001022338867
train,dish_1558115764,data/nutrition5k_dataset/imagery/realsense_overhead/dish_1558115764/rgb.png,151.47999572753906,28.0,11.75999927520752,0.3919999897480011,10.360000610351562
train,dish_1559838279,data/nutrition5k_dataset/imagery/realsense_overhead/dish_1559838279/rgb.png,103.69999694824219,114.0,3.677999973297119,14.952000617980957,3.7019999027252197
train,dish_1560888930,data/nutrition5k_dataset/imagery/realsense_overhead/dish_1560888930/rgb.png,224.93116760253906,151.0,7.066030979156494,17.505605697631836,21.537919998168945
train,dish_1568405499,data/nutrition5k_dataset/imagery/realsense_overhead/dish_1568405499/rgb.png,562.2693481445312,419.0,29.85374641418457,26.507204055786133,45.239139556884766
train,dish_1562787783,data/nutrition5k_dataset/imagery/realsense_overhead/dish_1562787783/rgb.png,114.01374053955078,76.0,6.586967945098877,12.59272289276123,2.3127639293670654
train,dish_1562095340,data/nutrition5k_dataset/imagery/realsense_overhead/dish_1562095340/rgb.png,718.9573974609375,381.0,37.59532928466797,72.49267578125,25.50871467590332
train,dish_1558026623,data/nutrition5k_dataset/imagery/realsense_overhead/dish_1558026623/rgb.png,29.880001068115234,83.0,0.08299999684095383,7.46999979019165,0.41499999165534973
train,dish_1563309398,data/nutrition5k_dataset/imagery/realsense_overhead/dish_1563309398/rgb.png,655.98681640625,604.0,20.217884063720703,23.338592529296875,93.24394989013672
train,dish_1564777986,data/nutrition5k_dataset/imagery/realsense_overhead/dish_1564777986/rgb.png,372.23089599609375,221.0,18.80900001525879,21.323951721191406,28.163883209228516
train,dish_1565981769,data/nutrition5k_dataset/imagery/realsense_overhead/dish_1565981769/rgb.png,23.10442352294922,47.0,0.556065022945404,4.636087894439697,0.41758498549461365
train,dish_1567542843,data/nutrition5k_dataset/imagery/realsense_overhead/dish_1567542843/rgb.png,471.2965087890625,216.0,19.758106231689453,42.70315933227539,28.489662170410156
train,dish_1567625343,data/nutrition5k_dataset/imagery/realsense_overhead/dish_1567625343/rgb.png,65.4800033569336,74.0,4.988999843597412,5.546999931335449,1.7109999656677246
train,dish_1558109986,data/nutrition5k_dataset/imagery/realsense_overhead/dish_1558109986/rgb.png,258.45001220703125,75.0,20.475000381469727,3.1500000953674316,14.475000381469727
train,dish_1558380058,data/nutrition5k_dataset/imagery/realsense_overhead/dish_1558380058/rgb.png,208.11599731445312,36.0,17.81999969482422,8.17199993133545,8.064000129699707
train,dish_1562010865,data/nutrition5k_dataset/imagery/realsense_overhead/dish_1562010865/rgb.png,376.2429504394531,216.0,26.149803161621094,7.23395299911499,28.11778450012207
train,dish_1564601470,data/nutrition5k_dataset/imagery/realsense_overhead/dish_1564601470/rgb.png,15.840999603271484,73.0,0.0729999989271164,3.7230000495910645,0.5109999775886536
train,dish_1568319838,data/nutrition5k_dataset/imagery/realsense_overhead/dish_1568319838/rgb.png,607.5061645507812,312.0,30.92827606201172,39.99575424194336,39.863441467285156
train,dish_1562787983,data/nutrition5k_dataset/imagery/realsense_overhead/dish_1562787983/rgb.png,56.76000213623047,149.0,1.4570000171661377,9.663000106811523,2.6559998989105225
train,dish_1561752449,data/nutrition5k_dataset/imagery/realsense_overhead/dish_1561752449/rgb.png,287.849853515625,134.0,14.534126281738281,14.2379789352417,24.759119033813477
train,dish_1559059992,data/nutrition5k_dataset/imagery/realsense_overhead/dish_1559059992/rgb.png,71.44000244140625,94.0,0.0,16.920000076293945,0.9399999976158142
train,dish_1561666640,data/nutrition5k_dataset/imagery/realsense_overhead/dish_1561666640/rgb.png,48.80000305175781,90.0,0.18000000715255737,12.40000057220459,0.6679999828338623
train,dish_1563897870,data/nutrition5k_dataset/imagery/realsense_overhead/dish_1563897870/rgb.png,169.32000732421875,249.0,3.4860000610351562,29.8799991607666,5.97599983215332
train,dish_1561579505,data/nutrition5k_dataset/imagery/realsense_overhead/dish_1561579505/rgb.png,31.5,126.0,0.3779999911785126,6.300000190734863,2.2679998874664307
train,dish_1558640671,data/nutrition5k_dataset/imagery/realsense_overhead/dish_1558640671/rgb.png,32.29999923706055,95.0,0.1899999976158142,7.599999904632568,0.7599999904632568
train,dish_1565383026,data/nutrition5k_dataset/imagery/realsense_overhead/dish_1565383026/rgb.png,171.55999755859375,287.0,14.031000137329102,12.198999404907227,3.694999933242798
train,dish_1566502271,data/nutrition5k_dataset/imagery/realsense_overhead/dish_1566502271/rgb.png,296.81689453125,359.0,10.50525188446045,13.685195922851562,37.94028091430664
train,dish_1558026756,data/nutrition5k_dataset/imagery/realsense_overhead/dish_1558026756/rgb.png,183.86000061035156,178.0,10.305000305175781,13.486000061035156,9.86299991607666
train,dish_1567537352,data/nutrition5k_dataset/imagery/realsense_overhead/dish_1567537352/rgb.png,50.7924690246582,73.0,4.293021202087402,2.5612130165100098,1.2099360227584839
train,dish_1559243704,data/nutrition5k_dataset/imagery/realsense_overhead/dish_1559243704/rgb.png,116.11600494384766,203.0,0.2029999941587448,30.855998992919922,0.8119999766349792
train,dish_1565984299,data/nutrition5k_dataset/imagery/realsense_overhead/dish_1565984299/rgb.png,93.34351348876953,298.0,1.5828319787979126,18.693933486938477,4.653013229370117
train,dish_1563477736,data/nutrition5k_dataset/imagery/realsense_overhead/dish_1563477736/rgb.png,277.04730224609375,234.0,14.928542137145996,15.535333633422852,20.962175369262695
train,dish_1558637351,data/nutrition5k_dataset/imagery/realsense_overhead/dish_1558637351/rgb.png,80.07999420166016,154.0,0.30799999833106995,21.559999465942383,0.4620000123977661
train,dish_1560529844,data/nutrition5k_dataset/imagery/realsense_overhead/dish_1560529844/rgb.png,91.68000030517578,168.0,0.30000001192092896,22.29599952697754,1.277999997138977
train,dish_1562096933,data/nutrition5k_dataset/imagery/realsense_overhead/dish_1562096933/rgb.png,312.65960693359375,314.0,31.207481384277344,16.597986221313477,38.92085266113281
train,dish_1558632445,data/nutrition5k_dataset/imagery/realsense_overhead/dish_1558632445/rgb.png,526.0709838867188,91.0,45.04500198364258,20.656999588012695,20.384000778198242
train,dish_1563389114,data/nutrition5k_dataset/imagery/realsense_overhead/dish_1563389114/rgb.png,86.53443908691406,148.0,4.4054789543151855,11.310715675354004,2.577626943588257
train,dish_1568313527,data/nutrition5k_dataset/imagery/realsense_overhead/dish_1568313527/rgb.png,48.92000198364258,71.0,3.496000051498413,4.577000141143799,1.5180000066757202
train,dish_1562010418,data/nutrition5k_dataset/imagery/realsense_overhead/dish_1562010418/rgb.png,209.54513549804688,157.0,13.460271835327148,7.343751907348633,15.532299041748047
train,dish_1563822597,data/nutrition5k_dataset/imagery/realsense_overhead/dish_1563822597/rgb.png,59.400001525878906,176.0,2.1706669330596924,7.626667022705078,4.1066670417785645
train,dish_1558628339,data/nutrition5k_dataset/imagery/realsense_overhead/dish_1558628339/rgb.png,70.33000183105469,13.0,5.460000038146973,0.18199999630451202,4.809999942779541
train,dish_1564170542,data/nutrition5k_dataset/imagery/realsense_overhead/dish_1564170542/rgb.png,523.3678588867188,440.0,25.16620635986328,18.044437408447266,52.97624588012695
train,dish_1566317775,data/nutrition5k_dataset/imagery/realsense_overhead/dish_1566317775/rgb.png,237.39999389648438,410.0,4.0,47.183998107910156,7.248000144958496
train,dish_1562959517,data/nutrition5k_dataset/imagery/realsense_overhead/dish_1562959517/rgb.png,91.140380859375,74.0,7.215057849884033,5.974161148071289,1.6299550533294678
train,dish_1558721959,data/nutrition5k_dataset/imagery/realsense_overhead/dish_1558721959/rgb.png,11.160000801086426,62.0,0.12399999797344208,2.4179999828338623,0.5580000281333923
train,dish_1564516366,data/nutrition5k_dataset/imagery/realsense_overhead/dish_1564516366/rgb.png,31.049999237060547,27.0,2.8889999389648438,1.7009999752044678,0.2160000056028366
train,dish_1558032156,data/nutrition5k_dataset/imagery/realsense_overhead/dish_1558032156/rgb.png,140.66000366210938,26.0,10.920000076293945,0.36399999260902405,9.619999885559082
train,dish_1566413445,data/nutrition5k_dataset/imagery/realsense_overhead/dish_1566413445/rgb.png,377.83001708984375,360.0,20.130001068115234,16.33599853515625,36.927001953125
train,dish_1558725786,data/nutrition5k_dataset/imagery/realsense_overhead/dish_1558725786/rgb.png,113.5270004272461,107.0,2.568000078201294,23.53999900817871,3.316999912261963
train,dish_1558382263,data/nutrition5k_dataset/imagery/realsense_overhead/dish_1558382263/rgb.png,356.6299743652344,425.0,19.562000274658203,23.453998565673828,27.487001419067383
train,dish_1566934455,data/nutrition5k_dataset/imagery/realsense_overhead/dish_1566934455/rgb.png,528.0429077148438,395.0,43.88482666015625,39.28249740600586,49.6700439453125
train,dish_1562699612,data/nutrition5k_dataset/imagery/realsense_overhead/dish_1562699612/rgb.png,98.39126586914062,74.0,2.671786069869995,15.661941528320312,2.7933590412139893
train,dish_1558031019,data/nutrition5k_dataset/imagery/realsense_overhead/dish_1558031019/rgb.png,206.44200134277344,197.0,6.553998947143555,30.42399787902832,7.313000202178955
train,dish_1558380527,data/nutrition5k_dataset/imagery/realsense_overhead/dish_1558380527/rgb.png,385.9520263671875,112.0,30.576000213623047,4.703999996185303,21.61600112915039
train,dish_1561060642,data/nutrition5k_dataset/imagery/realsense_overhead/dish_1561060642/rgb.png,468.4123840332031,387.0,18.522783279418945,39.183204650878906,36.67416000366211
train,dish_1558637769,data/nutrition5k_dataset/imagery/realsense_overhead/dish_1558637769/rgb.png,80.07999420166016,154.0,0.30799999833106995,21.559999465942383,0.4620000123977661
train,dish_1561577119,data/nutrition5k_dataset/imagery/realsense_overhead/dish_1561577119/rgb.png,128.31298828125,78.0,5.446000099182129,13.17400074005127,7.423999786376953
train,dish_1563897338,data/nutrition5k_dataset/imagery/realsense_overhead/dish_1563897338/rgb.png,29.920000076293945,88.0,0.17599999904632568,7.039999961853027,0.7039999961853027
train,dish_1558379182,data/nutrition5k_dataset/imagery/realsense_overhead/dish_1558379182/rgb.png,323.73602294921875,56.0,27.720001220703125,12.711999893188477,12.544000625610352
train,dish_1565107171,data/nutrition5k_dataset/imagery/realsense_overhead/dish_1565107171/rgb.png,501.8846435546875,724.0,13.378047943115234,44.091949462890625,46.592220306396484
train,dish_1565799565,data/nutrition5k_dataset/imagery/realsense_overhead/dish_1565799565/rgb.png,240.01171875,396.0,2.5384390354156494,15.923562049865723,32.560977935791016
train,dish_1566499564,data/nutrition5k_dataset/imagery/realsense_overhead/dish_1566499564/rgb.png,42.54999923706055,37.0,3.9590001106262207,2.3310000896453857,0.29600000381469727
train,dish_1565117934,data/nutrition5k_dataset/imagery/realsense_overhead/dish_1565117934/rgb.png,352.31597900390625,235.0,5.400000095367432,0.0,70.94300079345703
train,dish_1559841781,data/nutrition5k_dataset/imagery/realsense_overhead/dish_1559841781/rgb.png,45.019996643066406,43.0,0.41100001335144043,10.489999771118164,0.8659999966621399
train,dish_1566590987,data/nutrition5k_dataset/imagery/realsense_overhead/dish_1566590987/rgb.png,639.911865234375,370.0,25.69085121154785,8.976190567016602,86.36115264892578
train,dish_1560961385,data/nutrition5k_dataset/imagery/realsense_overhead/dish_1560961385/rgb.png,249.51998901367188,293.0,11.830999374389648,23.794002532958984,12.781000137329102
train,dish_1562168471,data/nutrition5k_dataset/imagery/realsense_overhead/dish_1562168471/rgb.png,312.6655578613281,490.0,5.737881183624268,50.06684112548828,17.219375610351562
train,dish_1558113304,data/nutrition5k_dataset/imagery/realsense_overhead/dish_1558113304/rgb.png,247.0709991455078,175.0,15.633000373840332,23.957000732421875,8.041999816894531
train,dish_1563218031,data/nutrition5k_dataset/imagery/realsense_overhead/dish_1563218031/rgb.png,419.7695617675781,426.0,17.15595817565918,17.798938751220703,47.78855895996094
train,dish_1565107211,data/nutrition5k_dataset/imagery/realsense_overhead/dish_1565107211/rgb.png,523.6346435546875,799.0,13.528047561645508,49.041954040527344,47.717220306396484
train,dish_1558641108,data/nutrition5k_dataset/imagery/realsense_overhead/dish_1558641108/rgb.png,96.62998962402344,243.0,0.4860000014305115,24.770999908447266,1.4850000143051147
train,dish_1560527105,data/nutrition5k_dataset/imagery/realsense_overhead/dish_1560527105/rgb.png,92.72529602050781,104.0,3.845911979675293,12.959576606750488,2.1264379024505615
train,dish_1561753075,data/nutrition5k_dataset/imagery/realsense_overhead/dish_1561753075/rgb.png,945.6707153320312,668.0,47.43681335449219,46.31684112548828,82.68748474121094
train,dish_1563208094,data/nutrition5k_dataset/imagery/realsense_overhead/dish_1563208094/rgb.png,160.3112335205078,111.0,6.387735843658447,24.81792449951172,1.361320972442627
train,dish_1564170098,data/nutrition5k_dataset/imagery/realsense_overhead/dish_1564170098/rgb.png,50.79999923706055,67.0,3.4590001106262207,5.165999889373779,0.640999972820282
train,dish_1565811588,data/nutrition5k_dataset/imagery/realsense_overhead/dish_1565811588/rgb.png,348.4841613769531,263.0,21.454355239868164,7.568844795227051,31.21343421936035
train,dish_1560366460,data/nutrition5k_dataset/imagery/realsense_overhead/dish_1560366460/rgb.png,330.7409973144531,255.0,20.443511962890625,9.966404914855957,27.040800094604492
train,dish_1562010085,data/nutrition5k_dataset/imagery/realsense_overhead/dish_1562010085/rgb.png,440.3214416503906,264.0,25.20431900024414,11.446743965148926,41.16697692871094
train,dish_1561575688,data/nutrition5k_dataset/imagery/realsense_overhead/dish_1561575688/rgb.png,607.8923950195312,362.0,36.413856506347656,31.627639770507812,36.77153778076172
train,dish_1562860700,data/nutrition5k_dataset/imagery/realsense_overhead/dish_1562860700/rgb.png,23.5,47.0,0.04699999839067459,6.110000133514404,0.23499999940395355
train,dish_1562775212,data/nutrition5k_dataset/imagery/realsense_overhead/dish_1562775212/rgb.png,92.4800033569336,136.0,1.9040000438690186,16.31999969482422,3.2639999389648438
train,dish_1560798744,data/nutrition5k_dataset/imagery/realsense_overhead/dish_1560798744/rgb.png,357.1520080566406,220.0,14.163999557495117,39.888999938964844,19.32000160217285
train,dish_1561749908,data/nutrition5k_dataset/imagery/realsense_overhead/dish_1561749908/rgb.png,377.2621765136719,472.0,16.426279067993164,22.84683609008789,35.40324020385742
train,dish_1563811490,data/nutrition5k_dataset/imagery/realsense_overhead/dish_1563811490/rgb.png,268.8293762207031,390.0,6.521951198577881,23.145050048828125,25.8267822265625
train,dish_1558379273,data/nutrition5k_dataset/imagery/realsense_overhead/dish_1558379273/rgb.png,227.43600463867188,66.0,18.01799964904785,2.7720000743865967,12.73799991607666
train,dish_1560800836,data/nutrition5k_dataset/imagery/realsense_overhead/dish_1560800836/rgb.png,479.3999938964844,170.0,20.399999618530273,54.39999771118164,20.399999618530273
train,dish_1562785369,data/nutrition5k_dataset/imagery/realsense_overhead/dish_1562785369/rgb.png,440.577880859375,232.0,27.26601791381836,17.1021785736084,31.905460357666016
train,dish_1558722322,data/nutrition5k_dataset/imagery/realsense_overhead/dish_1558722322/rgb.png,37.720001220703125,92.0,0.18400000035762787,9.199999809265137,0.828000009059906
train,dish_1561749348,data/nutrition5k_dataset/imagery/realsense_overhead/dish_1561749348/rgb.png,165.4469451904297,93.0,8.39400577545166,3.6613409519195557,17.270729064941406
train,dish_1558629818,data/nutrition5k_dataset/imagery/realsense_overhead/dish_1558629818/rgb.png,156.08700561523438,27.0,13.364999771118164,6.129000186920166,6.047999858856201
train,dish_1565207815,data/nutrition5k_dataset/imagery/realsense_overhead/dish_1565207815/rgb.png,40.84821319580078,80.0,1.0235669612884521,7.09402322769165,2.6784749031066895
train,dish_1563305837,data/nutrition5k_dataset/imagery/realsense_overhead/dish_1563305837/rgb.png,11.431157112121582,14.0,0.4468879997730255,1.1736329793930054,0.8679429888725281
train,dish_1558722707,data/nutrition5k_dataset/imagery/realsense_overhead/dish_1558722707/rgb.png,19.260000228881836,107.0,0.21400000154972076,4.172999858856201,0.9629999995231628
train,dish_1566414642,data/nutrition5k_dataset/imagery/realsense_overhead/dish_1566414642/rgb.png,219.80999755859375,145.0,7.811999797821045,14.580000877380371,21.541000366210938
train,dish_1558463562,data/nutrition5k_dataset/imagery/realsense_overhead/dish_1558463562/rgb.png,369.9840087890625,64.0,31.68000030517578,14.527999877929688,14.336000442504883
train,dish_1558640477,data/nutrition5k_dataset/imagery/realsense_overhead/dish_1558640477/rgb.png,59.41600036621094,56.0,1.343999981880188,12.319999694824219,1.7359999418258667
train,dish_1559845745,data/nutrition5k_dataset/imagery/realsense_overhead/dish_1559845745/rgb.png,208.14199829101562,322.0,0.32199999690055847,51.12199783325195,3.2239999771118164
train,dish_1558719377,data/nutrition5k_dataset/imagery/realsense_overhead/dish_1558719377/rgb.png,73.83999633789062,142.0,0.2840000092983246,19.8799991607666,0.4259999990463257
train,dish_1568665970,data/nutrition5k_dataset/imagery/realsense_overhead/dish_1568665970/rgb.png,202.1820068359375,167.0,7.741000175476074,24.117000579833984,9.984000205993652
train,dish_1556575083,data/nutrition5k_dataset/imagery/realsense_overhead/dish_1556575083/rgb.png,27.520000457763672,64.0,0.19200000166893005,5.760000228881836,2.1760001182556152
train,dish_1558115601,data/nutrition5k_dataset/imagery/realsense_overhead/dish_1558115601/rgb.png,85.47000122070312,111.0,0.11100000143051147,18.8700008392334,2.2200000286102295
train,dish_1559593646,data/nutrition5k_dataset/imagery/realsense_overhead/dish_1559593646/rgb.png,55.385955810546875,37.0,4.106482982635498,4.058740139007568,1.1232719421386719
train,dish_1565109659,data/nutrition5k_dataset/imagery/realsense_overhead/dish_1565109659/rgb.png,226.744873046875,263.0,6.8106818199157715,17.760318756103516,20.517074584960938
train,dish_1565119698,data/nutrition5k_dataset/imagery/realsense_overhead/dish_1565119698/rgb.png,222.23548889160156,308.0,10.575852394104004,13.186614036560059,19.41132164001465
train,dish_1559848882,data/nutrition5k_dataset/imagery/realsense_overhead/dish_1559848882/rgb.png,143.06201171875,254.0,0.36000001430511475,37.44199752807617,1.2280000448226929
train,dish_1559668314,data/nutrition5k_dataset/imagery/realsense_overhead/dish_1559668314/rgb.png,551.5460205078125,300.0,38.15399932861328,32.832000732421875,21.03499984741211
train,dish_1561578156,data/nutrition5k_dataset/imagery/realsense_overhead/dish_1561578156/rgb.png,31.990978240966797,97.0,1.1411759853363037,5.61078405380249,0.950980007648468
train,dish_1566316612,data/nutrition5k_dataset/imagery/realsense_overhead/dish_1566316612/rgb.png,665.2369995117188,367.0,51.48386001586914,24.176441192626953,27.45770835876465
train,dish_1558546918,data/nutrition5k_dataset/imagery/realsense_overhead/dish_1558546918/rgb.png,70.19999694824219,54.0,0.16200000047683716,15.119999885559082,1.4579999446868896
train,dish_1565036890,data/nutrition5k_dataset/imagery/realsense_overhead/dish_1565036890/rgb.png,520.8646850585938,260.0,23.8348445892334,38.40792465209961,35.657081604003906
train,dish_1566333194,data/nutrition5k_dataset/imagery/realsense_overhead/dish_1566333194/rgb.png,461.58526611328125,220.0,18.614200592041016,36.06713104248047,35.169742584228516
train,dish_1565641885,data/nutrition5k_dataset/imagery/realsense_overhead/dish_1565641885/rgb.png,254.2159881591797,139.0,8.694999694824219,32.65299987792969,11.338000297546387
train,dish_1563910276,data/nutrition5k_dataset/imagery/realsense_overhead/dish_1563910276/rgb.png,375.9433898925781,241.0,15.709351539611816,11.06873893737793,43.652462005615234
train,dish_1558468285,data/nutrition5k_dataset/imagery/realsense_overhead/dish_1558468285/rgb.png,12.319999694824219,44.0,0.17599999904632568,2.3320000171661377,0.9679999947547913
train,dish_1562602888,data/nutrition5k_dataset/imagery/realsense_overhead/dish_1562602888/rgb.png,209.38229370117188,343.0,5.792154788970947,21.429250717163086,18.706214904785156
train,dish_1563567319,data/nutrition5k_dataset/imagery/realsense_overhead/dish_1563567319/rgb.png,398.6308288574219,382.0,45.99423599243164,12.989339828491211,52.497947692871094
train,dish_1563391647,data/nutrition5k_dataset/imagery/realsense_overhead/dish_1563391647/rgb.png,27.390958786010742,22.0,2.6126489639282227,0.9141560196876526,0.49975699186325073
train,dish_1558459528,data/nutrition5k_dataset/imagery/realsense_overhead/dish_1558459528/rgb.png,11.520000457763672,64.0,0.12800000607967377,2.496000051498413,0.5759999752044678
train,dish_1563222745,data/nutrition5k_dataset/imagery/realsense_overhead/dish_1563222745/rgb.png,135.36000061035156,48.0,5.760000228881836,15.359999656677246,5.760000228881836
train,dish_1565031376,data/nutrition5k_dataset/imagery/realsense_overhead/dish_1565031376/rgb.png,319.4904479980469,308.0,16.745576858520508,13.42072582244873,28.75973892211914
train,dish_1558636483,data/nutrition5k_dataset/imagery/realsense_overhead/dish_1558636483/rgb.png,80.07999420166016,154.0,0.30799999833106995,21.559999465942383,0.4620000123977661
train,dish_1563393148,data/nutrition5k_dataset/imagery/realsense_overhead/dish_1563393148/rgb.png,27.730003356933594,118.0,0.43266698718070984,5.152667045593262,1.730666995048523
train,dish_1563395415,data/nutrition5k_dataset/imagery/realsense_overhead/dish_1563395415/rgb.png,182.5384979248047,187.0,5.8086018562316895,25.546873092651367,7.825210094451904
train,dish_1560961059,data/nutrition5k_dataset/imagery/realsense_overhead/dish_1560961059/rgb.png,268.4599914550781,172.0,5.679999828338623,46.792999267578125,7.627200126647949
train,dish_1567106693,data/nutrition5k_dataset/imagery/realsense_overhead/dish_1567106693/rgb.png,359.1600036621094,417.0,6.525000095367432,18.302000045776367,55.369998931884766
train,dish_1561752680,data/nutrition5k_dataset/imagery/realsense_overhead/dish_1561752680/rgb.png,465.3249816894531,175.0,16.44999885559082,58.625,19.600000381469727
train,dish_1567801748,data/nutrition5k_dataset/imagery/realsense_overhead/dish_1567801748/rgb.png,169.07241821289062,71.0,6.686758995056152,16.373151779174805,10.276019096374512
train,dish_1559846528,data/nutrition5k_dataset/imagery/realsense_overhead/dish_1559846528/rgb.png,322.72601318359375,267.0,17.159000396728516,40.5099983215332,9.187999725341797
train,dish_1558547124,data/nutrition5k_dataset/imagery/realsense_overhead/dish_1558547124/rgb.png,144.52500915527344,25.0,12.375,5.675000190734863,5.599999904632568
train,dish_1560543465,data/nutrition5k_dataset/imagery/realsense_overhead/dish_1560543465/rgb.png,33.880001068115234,77.0,1.6169999837875366,3.311000108718872,2.4639999866485596
train,dish_1562949494,data/nutrition5k_dataset/imagery/realsense_overhead/dish_1562949494/rgb.png,68.54560852050781,149.0,2.127584934234619,12.325366020202637,1.5926589965820312
train,dish_1561577549,data/nutrition5k_dataset/imagery/realsense_overhead/dish_1561577549/rgb.png,130.3400115966797,49.0,4.752999782562256,16.170000076293945,5.389999866485596
train,dish_1567021864,data/nutrition5k_dataset/imagery/realsense_overhead/dish_1567021864/rgb.png,342.8756408691406,262.0,30.514339447021484,19.448522567749023,26.453126907348633
train,dish_1565107092,data/nutrition5k_dataset/imagery/realsense_overhead/dish_1565107092/rgb.png,313.44000244140625,444.0,10.175999641418457,3.881999969482422,44.400001525878906
train,dish_1561576707,data/nutrition5k_dataset/imagery/realsense_overhead/dish_1561576707/rgb.png,324.1424255371094,492.0,10.745475769042969,19.872356414794922,38.398155212402344
train,dish_1560887408,data/nutrition5k_dataset/imagery/realsense_overhead/dish_1560887408/rgb.png,324.52001953125,122.0,11.834000587463379,40.26000213623047,13.420000076293945
train,dish_1566419635,data/nutrition5k_dataset/imagery/realsense_overhead/dish_1566419635/rgb.png,605.8717041015625,389.0,22.414907455444336,50.75592041015625,49.4117546081543
train,dish_1566931620,data/nutrition5k_dataset/imagery/realsense_overhead/dish_1566931620/rgb.png,494.5799865722656,461.0,26.08100128173828,22.006000518798828,48.034000396728516
train,dish_1562702091,data/nutrition5k_dataset/imagery/realsense_overhead/dish_1562702091/rgb.png,86.53472900390625,214.0,5.066993236541748,9.079792976379395,2.8382680416107178
train,dish_1567785223,data/nutrition5k_dataset/imagery/realsense_overhead/dish_1567785223/rgb.png,487.7124938964844,261.0,35.62196731567383,13.794290542602539,27.388999938964844
train,dish_1560799113,data/nutrition5k_dataset/imagery/realsense_overhead/dish_1560799113/rgb.png,98.42000579833984,37.0,3.5889999866485596,12.210000038146973,4.070000171661377
train,dish_1561060703,data/nutrition5k_dataset/imagery/realsense_overhead/dish_1561060703/rgb.png,538.4667358398438,445.0,23.64835548400879,44.773719787597656,37.730045318603516
train,dish_1559581236,data/nutrition5k_dataset/imagery/realsense_overhead/dish_1559581236/rgb.png,296.9267272949219,212.0,21.68536376953125,4.042251110076904,19.817258834838867
train,dish_1563464543,data/nutrition5k_dataset/imagery/realsense_overhead/dish_1563464543/rgb.png,386.3699951171875,319.0,22.577999114990234,27.534000396728516,18.902000427246094
train,dish_1564514997,data/nutrition5k_dataset/imagery/realsense_overhead/dish_1564514997/rgb.png,381.11077880859375,396.0,25.97745704650879,40.343685150146484,31.07106590270996
train,dish_1562686548,data/nutrition5k_dataset/imagery/realsense_overhead/dish_1562686548/rgb.png,413.4939880371094,280.0,23.967998504638672,20.892000198364258,27.464000701904297
train,dish_1566331828,data/nutrition5k_dataset/imagery/realsense_overhead/dish_1566331828/rgb.png,349.58306884765625,306.0,11.754175186157227,20.382789611816406,41.19460678100586
train,dish_1558114875,data/nutrition5k_dataset/imagery/realsense_overhead/dish_1558114875/rgb.png,74.36000061035156,143.0,0.28600001335144043,0.42899999022483826,20.020000457763672
train,dish_1565638365,data/nutrition5k_dataset/imagery/realsense_overhead/dish_1565638365/rgb.png,612.35009765625,389.0,33.065616607666016,36.63247299194336,41.29909133911133
train,dish_1568047973,data/nutrition5k_dataset/imagery/realsense_overhead/dish_1568047973/rgb.png,295.5590515136719,234.0,21.246097564697266,6.620098114013672,19.18780517578125
train,dish_1561579706,data/nutrition5k_dataset/imagery/realsense_overhead/dish_1561579706/rgb.png,284.4448547363281,390.0,11.229327201843262,23.337434768676758,24.47287940979004
train,dish_1562611522,data/nutrition5k_dataset/imagery/realsense_overhead/dish_1562611522/rgb.png,132.9499969482422,50.0,4.699999809265137,16.75,5.599999904632568
train,dish_1560527168,data/nutrition5k_dataset/imagery/realsense_overhead/dish_1560527168/rgb.png,322.8352966308594,219.0,18.368911743164062,24.775575637817383,15.273438453674316
train,dish_1563395480,data/nutrition5k_dataset/imagery/realsense_overhead/dish_1563395480/rgb.png,370.52142333984375,329.0,14.10658073425293,31.819580078125,29.16179656982422
train,dish_1566332085,data/nutrition5k_dataset/imagery/realsense_overhead/dish_1566332085/rgb.png,24.75,163.0,0.25999999046325684,4.300000190734863,2.865000009536743
train,dish_1558636514,data/nutrition5k_dataset/imagery/realsense_overhead/dish_1558636514/rgb.png,16.020000457763672,89.0,0.17800000309944153,3.4709999561309814,0.8009999990463257
train,dish_1562788845,data/nutrition5k_dataset/imagery/realsense_overhead/dish_1562788845/rgb.png,529.4834594726562,372.0,25.366416931152344,46.55849838256836,39.39569854736328
train,dish_1561739805,data/nutrition5k_dataset/imagery/realsense_overhead/dish_1561739805/rgb.png,696.363525390625,1102.0,23.340097427368164,101.25613403320312,29.0989990234375
train,dish_1562603536,data/nutrition5k_dataset/imagery/realsense_overhead/dish_1562603536/rgb.png,75.73999786376953,14.0,5.880000114440918,0.19599999487400055,5.179999828338623
train,dish_1568404889,data/nutrition5k_dataset/imagery/realsense_overhead/dish_1568404889/rgb.png,247.28836059570312,219.0,4.835492134094238,45.12339782714844,6.240405082702637
train,dish_1560961179,data/nutrition5k_dataset/imagery/realsense_overhead/dish_1560961179/rgb.png,153.9199981689453,104.0,11.4399995803833,1.6640000343322754,10.40000057220459
train,dish_1559245848,data/nutrition5k_dataset/imagery/realsense_overhead/dish_1559245848/rgb.png,59.689998626708984,127.0,0.12700000405311584,15.239999771118164,1.1430000066757202
train,dish_1558631825,data/nutrition5k_dataset/imagery/realsense_overhead/dish_1558631825/rgb.png,118.83200073242188,112.0,2.687999963760376,24.639999389648438,3.4719998836517334
train,dish_1566333118,data/nutrition5k_dataset/imagery/realsense_overhead/dish_1566333118/rgb.png,239.30999755859375,90.0,8.460000038146973,30.150001525878906,10.079999923706055
train,dish_1562085604,data/nutrition5k_dataset/imagery/realsense_overhead/dish_1562085604/rgb.png,241.11000061035156,423.0,1.2690000534057617,59.220001220703125,2.9609999656677246
train,dish_1565898659,data/nutrition5k_dataset/imagery/realsense_overhead/dish_1565898659/rgb.png,576.7045288085938,537.0,11.448722839355469,16.11227035522461,97.2434310913086
train,dish_1558725734,data/nutrition5k_dataset/imagery/realsense_overhead/dish_1558725734/rgb.png,30.75,75.0,0.15000000596046448,7.5,0.675000011920929
train,dish_1561661552,data/nutrition5k_dataset/imagery/realsense_overhead/dish_1561661552/rgb.png,394.7256774902344,325.0,11.388463973999023,46.265838623046875,25.610855102539062
train,dish_1565711154,data/nutrition5k_dataset/imagery/realsense_overhead/dish_1565711154/rgb.png,421.6175842285156,385.0,19.77515983581543,14.237547874450684,42.17399978637695
train,dish_1567612986,data/nutrition5k_dataset/imagery/realsense_overhead/dish_1567612986/rgb.png,340.2263488769531,524.0,4.518487930297852,29.802513122558594,38.41219711303711
train,dish_1563827132,data/nutrition5k_dataset/imagery/realsense_overhead/dish_1563827132/rgb.png,240.02000427246094,302.0,8.043665885925293,32.75666809082031,11.456666946411133
train,dish_1561579617,data/nutrition5k_dataset/imagery/realsense_overhead/dish_1561579617/rgb.png,130.17234802246094,304.0,4.552824020385742,21.115882873535156,4.4273529052734375
train,dish_1562775241,data/nutrition5k_dataset/imagery/realsense_overhead/dish_1562775241/rgb.png,140.36000061035156,220.0,2.1559998989105225,28.079999923706055,3.8519999980926514
train,dish_1566844766,data/nutrition5k_dataset/imagery/realsense_overhead/dish_1566844766/rgb.png,72.15999603271484,164.0,3.444000005722046,7.052000045776367,5.248000144958496
train,dish_1558640373,data/nutrition5k_dataset/imagery/realsense_overhead/dish_1558640373/rgb.png,105.8800048828125,276.0,0.5519999861717224,26.11400032043457,2.242000102996826
train,dish_1563309315,data/nutrition5k_dataset/imagery/realsense_overhead/dish_1563309315/rgb.png,613.1768798828125,462.0,19.93388557434082,13.225591659545898,91.96595001220703
train,dish_1558379128,data/nutrition5k_dataset/imagery/realsense_overhead/dish_1558379128/rgb.png,36.56999969482422,53.0,0.10599999874830246,9.539999961853027,0.3709999918937683
train,dish_1566316558,data/nutrition5k_dataset/imagery/realsense_overhead/dish_1566316558/rgb.png,490.28802490234375,263.0,40.26504135131836,5.577225208282471,25.66069221496582
train,dish_1558720364,data/nutrition5k_dataset/imagery/realsense_overhead/dish_1558720364/rgb.png,73.83999633789062,142.0,0.2840000092983246,19.8799991607666,0.4259999990463257
train,dish_1568666184,data/nutrition5k_dataset/imagery/realsense_overhead/dish_1568666184/rgb.png,28.500001907348633,190.0,0.3799999952316284,5.510000228881836,2.6600000858306885
train,dish_1564429843,data/nutrition5k_dataset/imagery/realsense_overhead/dish_1564429843/rgb.png,395.7298278808594,474.0,11.635025978088379,52.371742248535156,21.7580623626709
train,dish_1564086748,data/nutrition5k_dataset/imagery/realsense_overhead/dish_1564086748/rgb.png,443.7718200683594,339.0,16.09544563293457,54.91526794433594,23.56855010986328
train,dish_1558719040,data/nutrition5k_dataset/imagery/realsense_overhead/dish_1558719040/rgb.png,31.96000099182129,94.0,0.18799999356269836,7.519999980926514,0.7519999742507935
train,dish_1561405864,data/nutrition5k_dataset/imagery/realsense_overhead/dish_1561405864/rgb.png,197.12120056152344,106.0,5.344728946685791,12.694053649902344,23.0705509185791
train,dish_1562096512,data/nutrition5k_dataset/imagery/realsense_overhead/dish_1562096512/rgb.png,30.339599609375,25.0,2.7389349937438965,1.373378038406372,0.49201300740242004
train,dish_1563217774,data/nutrition5k_dataset/imagery/realsense_overhead/dish_1563217774/rgb.png,96.13845825195312,265.0,3.1615750789642334,15.472299575805664,5.178557872772217
train,dish_1568405405,data/nutrition5k_dataset/imagery/realsense_overhead/dish_1568405405/rgb.png,83.71576690673828,74.0,7.985470771789551,2.59967303276062,1.5781830549240112
train,dish_1563395449,data/nutrition5k_dataset/imagery/realsense_overhead/dish_1563395449/rgb.png,214.63648986816406,222.0,6.977336883544922,29.68194007873535,9.570897102355957
train,dish_1561736736,data/nutrition5k_dataset/imagery/realsense_overhead/dish_1561736736/rgb.png,356.08001708984375,145.0,27.110000610351562,2.247999906539917,24.220001220703125
train,dish_1560368162,data/nutrition5k_dataset/imagery/realsense_overhead/dish_1560368162/rgb.png,41.63921356201172,178.0,0.92705899477005,7.7743730545043945,2.3942160606384277
train,dish_1562698239,data/nutrition5k_dataset/imagery/realsense_overhead/dish_1562698239/rgb.png,407.6331481933594,230.0,16.596675872802734,30.606618881225586,30.144001007080078
train,dish_1566931674,data/nutrition5k_dataset/imagery/realsense_overhead/dish_1566931674/rgb.png,990.989013671875,531.0,76.8030014038086,23.14000129699707,58.40199661254883
train,dish_1565033110,data/nutrition5k_dataset/imagery/realsense_overhead/dish_1565033110/rgb.png,47.599998474121094,147.0,0.5879999995231628,9.354999542236328,3.4179999828338623
train,dish_1562602832,data/nutrition5k_dataset/imagery/realsense_overhead/dish_1562602832/rgb.png,144.18228149414062,188.0,5.482154846191406,15.514250755310059,9.786213874816895
train,dish_1562699652,data/nutrition5k_dataset/imagery/realsense_overhead/dish_1562699652/rgb.png,132.17808532714844,103.0,5.5787529945373535,17.394973754882812,3.5689570903778076
train,dish_1559843052,data/nutrition5k_dataset/imagery/realsense_overhead/dish_1559843052/rgb.png,53.5,130.0,0.38999998569488525,13.049999237060547,0.9629999995231628
train,dish_1566402160,data/nutrition5k_dataset/imagery/realsense_overhead/dish_1566402160/rgb.png,458.71612548828125,697.0,8.670679092407227,41.69162368774414,47.0066032409668
train,dish_1567022383,data/nutrition5k_dataset/imagery/realsense_overhead/dish_1567022383/rgb.png,527.0880126953125,508.0,17.344999313354492,21.214000701904297,70.59500122070312
train,dish_1564086709,data/nutrition5k_dataset/imagery/realsense_overhead/dish_1564086709/rgb.png,393.27032470703125,307.0,14.645413398742676,53.99876022338867,15.606250762939453
train,dish_1561666849,data/nutrition5k_dataset/imagery/realsense_overhead/dish_1561666849/rgb.png,347.5946044921875,298.0,15.213859558105469,47.585872650146484,11.506332397460938
train,dish_1559319826,data/nutrition5k_dataset/imagery/realsense_overhead/dish_1559319826/rgb.png,45.029998779296875,79.0,0.2370000034570694,11.0600004196167,0.5529999732971191
train,dish_1563566674,data/nutrition5k_dataset/imagery/realsense_overhead/dish_1563566674/rgb.png,100.89300537109375,88.0,6.933340072631836,9.706853866577148,1.8184080123901367
train,dish_1561405912,data/nutrition5k_dataset/imagery/realsense_overhead/dish_1561405912/rgb.png,270.8818664550781,196.0,11.174254417419434,18.0565185546875,24.140146255493164
train,dish_1563295400,data/nutrition5k_dataset/imagery/realsense_overhead/dish_1563295400/rgb.png,402.98480224609375,269.0,24.849029541015625,26.97235107421875,18.60948944091797
train,dish_1560539314,data/nutrition5k_dataset/imagery/realsense_overhead/dish_1560539314/rgb.png,165.73834228515625,158.0,18.34840202331543,6.327587127685547,20.611412048339844
train,dish_1568315132,data/nutrition5k_dataset/imagery/realsense_overhead/dish_1568315132/rgb.png,591.2655029296875,440.0,34.99665832519531,29.930391311645508,41.60054397583008
train,dish_1561049435,data/nutrition5k_dataset/imagery/realsense_overhead/dish_1561049435/rgb.png,338.17999267578125,257.0,22.427000045776367,13.217999458312988,20.82200050354004
train,dish_1558630072,data/nutrition5k_dataset/imagery/realsense_overhead/dish_1558630072/rgb.png,294.427001953125,295.0,13.95199966430664,42.058998107910156,7.917000770568848
train,dish_1559581333,data/nutrition5k_dataset/imagery/realsense_overhead/dish_1559581333/rgb.png,415.9467468261719,234.0,30.925363540649414,4.350251197814941,27.957258224487305
train,dish_1560529825,data/nutrition5k_dataset/imagery/realsense_overhead/dish_1560529825/rgb.png,52.91999816894531,117.0,0.30000001192092896,13.115999221801758,0.7680000066757202
train,dish_1565032714,data/nutrition5k_dataset/imagery/realsense_overhead/dish_1565032714/rgb.png,315.5910339355469,330.0,23.1804141998291,24.396652221679688,5.192313194274902
train,dish_1565379868,data/nutrition5k_dataset/imagery/realsense_overhead/dish_1565379868/rgb.png,560.7749633789062,434.0,22.94558334350586,49.07428741455078,38.934471130371094
train,dish_1567020091,data/nutrition5k_dataset/imagery/realsense_overhead/dish_1567020091/rgb.png,236.80517578125,238.0,22.44914436340332,11.681914329528809,16.441938400268555
train,dish_1562875870,data/nutrition5k_dataset/imagery/realsense_overhead/dish_1562875870/rgb.png,256.9464111328125,233.0,17.797086715698242,26.566978454589844,21.725404739379883
train,dish_1563305321,data/nutrition5k_dataset/imagery/realsense_overhead/dish_1563305321/rgb.png,32.936092376708984,67.0,0.7926890254020691,6.608891010284424,0.5952799916267395
train,dish_1563564676,data/nutrition5k_dataset/imagery/realsense_overhead/dish_1563564676/rgb.png,50.623695373535156,62.0,1.9790749549865723,5.197518825531006,3.8437469005584717
train,dish_1558468547,data/nutrition5k_dataset/imagery/realsense_overhead/dish_1558468547/rgb.png,6.96999979019165,34.0,0.10199999809265137,1.156000018119812,0.3059999942779541
train,dish_1559246053,data/nutrition5k_dataset/imagery/realsense_overhead/dish_1559246053/rgb.png,251.04598999023438,494.0,0.8220000267028809,63.92599868774414,3.7300000190734863
train,dish_1568060616,data/nutrition5k_dataset/imagery/realsense_overhead/dish_1568060616/rgb.png,17.079999923706055,61.0,0.24400000274181366,3.2330000400543213,1.3420000076293945
train,dish_1562603813,data/nutrition5k_dataset/imagery/realsense_overhead/dish_1562603813/rgb.png,475.9599914550781,146.0,32.119998931884766,46.71999740600586,3.7960000038146973
train,dish_1563392128,data/nutrition5k_dataset/imagery/realsense_overhead/dish_1563392128/rgb.png,169.93423461914062,162.0,18.81291961669922,6.487778186798096,21.133220672607422
train,dish_1564675118,data/nutrition5k_dataset/imagery/realsense_overhead/dish_1564675118/rgb.png,177.18878173828125,238.0,4.08082914352417,34.12517547607422,2.0327320098876953
train,dish_1558026684,data/nutrition5k_dataset/imagery/realsense_overhead/dish_1558026684/rgb.png,24.139999389648438,71.0,0.1420000046491623,5.679999828338623,0.5680000185966492
train,dish_1565021714,data/nutrition5k_dataset/imagery/realsense_overhead/dish_1565021714/rgb.png,381.17144775390625,662.0,3.619805097579956,39.628196716308594,41.77912139892578
train,dish_1565987054,data/nutrition5k_dataset/imagery/realsense_overhead/dish_1565987054/rgb.png,260.5699768066406,213.0,5.619999885559082,2.303999900817871,48.045997619628906
train,dish_1562007789,data/nutrition5k_dataset/imagery/realsense_overhead/dish_1562007789/rgb.png,302.95489501953125,322.0,6.65067720413208,49.535133361816406,12.643239974975586
train,dish_1560367333,data/nutrition5k_dataset/imagery/realsense_overhead/dish_1560367333/rgb.png,291.63330078125,427.0,13.564784049987793,18.360015869140625,33.176849365234375
train,dish_1565813414,data/nutrition5k_dataset/imagery/realsense_overhead/dish_1565813414/rgb.png,139.72007751464844,179.0,9.889825820922852,3.9353859424591064,12.944803237915039
train,dish_1564171935,data/nutrition5k_dataset/imagery/realsense_overhead/dish_1564171935/rgb.png,476.3375244140625,309.0,21.4178409576416,28.96287727355957,40.716434478759766
train,dish_1562873224,data/nutrition5k_dataset/imagery/realsense_overhead/dish_1562873224/rgb.png,261.85662841796875,436.0,24.70257568359375,16.689786911010742,27.196226119995117
train,dish_1558721757,data/nutrition5k_dataset/imagery/realsense_overhead/dish_1558721757/rgb.png,768.873046875,133.0,65.83499908447266,30.19099998474121,29.792001724243164
train,dish_1560357832,data/nutrition5k_dataset/imagery/realsense_overhead/dish_1560357832/rgb.png,181.35142517089844,82.0,10.603177070617676,17.47418212890625,4.632458209991455
train,dish_1563823814,data/nutrition5k_dataset/imagery/realsense_overhead/dish_1563823814/rgb.png,25.585731506347656,85.0,0.9202579855918884,4.2754058837890625,0.5875769853591919
train,dish_1565972628,data/nutrition5k_dataset/imagery/realsense_overhead/dish_1565972628/rgb.png,545.9600219726562,359.0,38.27000045776367,7.452000141143799,40.779998779296875
train,dish_1558725760,data/nutrition5k_dataset/imagery/realsense_overhead/dish_1558725760/rgb.png,83.7199935913086,161.0,0.32199999690055847,22.540000915527344,0.4830000102519989
train,dish_1562687554,data/nutrition5k_dataset/imagery/realsense_overhead/dish_1562687554/rgb.png,409.3345947265625,281.0,23.747804641723633,42.10425567626953,9.005126953125
train,dish_1563305913,data/nutrition5k_dataset/imagery/realsense_overhead/dish_1563305913/rgb.png,89.65250396728516,107.0,7.107996940612793,5.045907974243164,3.0774500370025635
train,dish_1566417475,data/nutrition5k_dataset/imagery/realsense_overhead/dish_1566417475/rgb.png,150.23052978515625,198.0,9.39551067352295,15.766475677490234,2.7306859493255615
train,dish_1565799663,data/nutrition5k_dataset/imagery/realsense_overhead/dish_1565799663/rgb.png,314.81170654296875,591.0,2.9914391040802,34.06555938720703,34.43297576904297
train,dish_1563476267,data/nutrition5k_dataset/imagery/realsense_overhead/dish_1563476267/rgb.png,237.7109832763672,51.0,14.687999725341797,25.398000717163086,3.1619999408721924
train,dish_1560453150,data/nutrition5k_dataset/imagery/realsense_overhead/dish_1560453150/rgb.png,152.3202667236328,141.0,12.962943077087402,8.120329856872559,3.441844940185547
train,dish_1558381943,data/nutrition5k_dataset/imagery/realsense_overhead/dish_1558381943/rgb.png,13.800000190734863,60.0,0.23999999463558197,2.1600000858306885,1.7400000095367432
train,dish_1561740321,data/nutrition5k_dataset/imagery/realsense_overhead/dish_1561740321/rgb.png,52.98040771484375,28.0,5.462204933166504,1.063660979270935,0.27592700719833374
train,dish_1561749711,data/nutrition5k_dataset/imagery/realsense_overhead/dish_1561749711/rgb.png,300.0779113769531,228.0,14.753814697265625,8.95181941986084,30.678497314453125
train,dish_1562008780,data/nutrition5k_dataset/imagery/realsense_overhead/dish_1562008780/rgb.png,180.84640502929688,195.0,14.93047046661377,9.853951454162598,4.773050785064697
train,dish_1565022027,data/nutrition5k_dataset/imagery/realsense_overhead/dish_1565022027/rgb.png,178.17657470703125,267.0,2.5491220951080322,17.04387855529785,18.578048706054688
train,dish_1558459945,data/nutrition5k_dataset/imagery/realsense_overhead/dish_1558459945/rgb.png,73.83999633789062,142.0,0.2840000092983246,19.8799991607666,0.4259999990463257
train,dish_1558639012,data/nutrition5k_dataset/imagery/realsense_overhead/dish_1558639012/rgb.png,257.4360046386719,490.0,2.236999988555908,63.263999938964844,4.684999942779541
train,dish_1565898489,data/nutrition5k_dataset/imagery/realsense_overhead/dish_1565898489/rgb.png,46.0,40.0,4.28000020980835,2.5199999809265137,0.3199999928474426
train,dish_1560366438,data/nutrition5k_dataset/imagery/realsense_overhead/dish_1560366438/rgb.png,71.93321990966797,136.0,4.9860711097717285,6.105719089508057,2.5801000595092773
train,dish_1565898590,data/nutrition5k_dataset/imagery/realsense_overhead/dish_1565898590/rgb.png,212.7045135498047,257.0,9.76872444152832,16.11227035522461,16.04344367980957
train,dish_1567024135,data/nutrition5k_dataset/imagery/realsense_overhead/dish_1567024135/rgb.png,317.78582763671875,147.0,12.219193458557129,35.093387603759766,15.986000061035156
train,dish_1566419546,data/nutrition5k_dataset/imagery/realsense_overhead/dish_1566419546/rgb.png,306.4369812011719,177.0,11.23599910736084,37.6870002746582,13.904000282287598
train,dish_1558636388,data/nutrition5k_dataset/imagery/realsense_overhead/dish_1558636388/rgb.png,24.0,96.0,0.2879999876022339,4.800000190734863,1.7280000448226929
train,dish_1558027001,data/nutrition5k_dataset/imagery/realsense_overhead/dish_1558027001/rgb.png,20.400001525878906,68.0,0.06800000369548798,5.168000221252441,0.40799999237060547
train,dish_1560454562,data/nutrition5k_dataset/imagery/realsense_overhead/dish_1560454562/rgb.png,318.8218994140625,299.0,26.924074172973633,24.928850173950195,26.887256622314453
train,dish_1567106668,data/nutrition5k_dataset/imagery/realsense_overhead/dish_1567106668/rgb.png,80.30999755859375,248.0,0.4410000145435333,18.302001953125,2.9800000190734863
train,dish_1563900150,data/nutrition5k_dataset/imagery/realsense_overhead/dish_1563900150/rgb.png,202.29660034179688,154.0,12.745121955871582,10.284878730773926,10.978048324584961
train,dish_1558550127,data/nutrition5k_dataset/imagery/realsense_overhead/dish_1558550127/rgb.png,127.1820068359375,22.0,10.890000343322754,4.99399995803833,4.927999973297119
train,dish_1563216412,data/nutrition5k_dataset/imagery/realsense_overhead/dish_1563216412/rgb.png,172.44998168945312,205.0,0.7139999866485596,36.61000061035156,5.23799991607666
train,dish_1558725049,data/nutrition5k_dataset/imagery/realsense_overhead/dish_1558725049/rgb.png,43.0,100.0,0.30000001192092896,9.0,3.4000000953674316
train,dish_1559678629,data/nutrition5k_dataset/imagery/realsense_overhead/dish_1559678629/rgb.png,89.37666320800781,80.0,8.44581127166748,6.143950939178467,9.622075080871582
train,dish_1558462036,data/nutrition5k_dataset/imagery/realsense_overhead/dish_1558462036/rgb.png,2.990000009536743,13.0,0.052000001072883606,0.46799999475479126,0.37700000405311584
train,dish_1558029148,data/nutrition5k_dataset/imagery/realsense_overhead/dish_1558029148/rgb.png,38.880001068115234,108.0,0.1080000028014183,9.720000267028809,0.5400000214576721
train,dish_1558722103,data/nutrition5k_dataset/imagery/realsense_overhead/dish_1558722103/rgb.png,304.84100341796875,368.0,16.07200050354004,38.44499969482422,9.517000198364258
train,dish_1560798785,data/nutrition5k_dataset/imagery/realsense_overhead/dish_1560798785/rgb.png,379.6520080566406,310.0,14.433999061584473,44.388999938964844,20.939998626708984
train,dish_1562096584,data/nutrition5k_dataset/imagery/realsense_overhead/dish_1562096584/rgb.png,94.99057006835938,90.0,4.666848182678223,11.278716087341309,2.6507511138916016
train,dish_1568315001,data/nutrition5k_dataset/imagery/realsense_overhead/dish_1568315001/rgb.png,504.70941162109375,364.0,30.381465911865234,19.981340408325195,39.580326080322266
train,dish_1559751775,data/nutrition5k_dataset/imagery/realsense_overhead/dish_1559751775/rgb.png,309.2359924316406,254.0,13.139999389648438,30.10799789428711,16.76799964904785
train,dish_1558629041,data/nutrition5k_dataset/imagery/realsense_overhead/dish_1558629041/rgb.png,172.00401306152344,226.0,8.395999908447266,13.711999893188477,10.954000473022461
train,dish_1565725123,data/nutrition5k_dataset/imagery/realsense_overhead/dish_1565725123/rgb.png,430.2699890136719,444.0,11.865999221801758,19.185001373291016,61.11899948120117
train,dish_1562702355,data/nutrition5k_dataset/imagery/realsense_overhead/dish_1562702355/rgb.png,68.8829345703125,99.0,5.822041988372803,3.4734249114990234,1.6408720016479492
train,dish_1562873416,data/nutrition5k_dataset/imagery/realsense_overhead/dish_1562873416/rgb.png,52.36000061035156,119.0,2.499000072479248,5.117000102996826,3.808000087738037
train,dish_1560453132,data/nutrition5k_dataset/imagery/realsense_overhead/dish_1560453132/rgb.png,142.09024047851562,108.0,12.929943084716797,5.810328960418701,2.8478450775146484
train,dish_1563553756,data/nutrition5k_dataset/imagery/realsense_overhead/dish_1563553756/rgb.png,309.14581298828125,124.0,21.251611709594727,14.047483444213867,16.13599967956543
train,dish_1562961588,data/nutrition5k_dataset/imagery/realsense_overhead/dish_1562961588/rgb.png,178.22000122070312,67.0,6.499000072479248,22.110000610351562,7.369999885559082
train,dish_1566329234,data/nutrition5k_dataset/imagery/realsense_overhead/dish_1566329234/rgb.png,262.6252136230469,457.0,10.797179222106934,21.224292755126953,23.129114151000977
train,dish_1562873028,data/nutrition5k_dataset/imagery/realsense_overhead/dish_1562873028/rgb.png,280.3414001464844,320.0,16.123878479003906,34.232200622558594,20.963665008544922
train,dish_1562010315,data/nutrition5k_dataset/imagery/realsense_overhead/dish_1562010315/rgb.png,671.10693359375,477.0,38.23711395263672,19.743494033813477,61.92915344238281
train,dish_1563468299,data/nutrition5k_dataset/imagery/realsense_overhead/dish_1563468299/rgb.png,210.35000610351562,385.0,4.129000186920166,35.58399963378906,10.89799976348877
train,dish_1566328929,data/nutrition5k_dataset/imagery/realsense_overhead/dish_1566328929/rgb.png,396.607421875,165.0,17.548870086669922,32.070579528808594,25.493953704833984
train,dish_1558114609,data/nutrition5k_dataset/imagery/realsense_overhead/dish_1558114609/rgb.png,540.8980102539062,160.0,41.222999572753906,14.648000717163086,29.14000129699707
train,dish_1559238435,data/nutrition5k_dataset/imagery/realsense_overhead/dish_1559238435/rgb.png,115.54400634765625,202.0,0.20200000703334808,30.703998565673828,0.8080000281333923
train,dish_1560369255,data/nutrition5k_dataset/imagery/realsense_overhead/dish_1560369255/rgb.png,132.6661376953125,61.0,7.923563003540039,1.9790070056915283,12.538679122924805
train,dish_1562873002,data/nutrition5k_dataset/imagery/realsense_overhead/dish_1562873002/rgb.png,278.2614440917969,307.0,16.097877502441406,33.790199279785156,20.87266731262207
train,dish_1567110665,data/nutrition5k_dataset/imagery/realsense_overhead/dish_1567110665/rgb.png,556.4945678710938,532.0,43.294647216796875,48.39707946777344,39.440093994140625
train,dish_1558721700,data/nutrition5k_dataset/imagery/realsense_overhead/dish_1558721700/rgb.png,19.040000915527344,56.0,0.1120000034570694,4.480000019073486,0.4480000138282776
train,dish_1561661972,data/nutrition5k_dataset/imagery/realsense_overhead/dish_1561661972/rgb.png,12.09000015258789,39.0,0.039000000804662704,2.7300000190734863,0.7020000219345093
train,dish_1561746876,data/nutrition5k_dataset/imagery/realsense_overhead/dish_1561746876/rgb.png,149.4359588623047,84.0,7.581682205200195,3.3070170879364014,15.599369049072266
train,dish_1565032680,data/nutrition5k_dataset/imagery/realsense_overhead/dish_1565032680/rgb.png,280.2817687988281,208.0,21.615924835205078,20.304912567138672,4.1092047691345215
train,dish_1561576887,data/nutrition5k_dataset/imagery/realsense_overhead/dish_1561576887/rgb.png,15.500783920288086,47.0,0.5529410243034363,2.7186269760131836,0.460783988237381
train,dish_1563220087,data/nutrition5k_dataset/imagery/realsense_overhead/dish_1563220087/rgb.png,162.74000549316406,98.0,6.423999786376953,19.85999870300293,7.343999862670898
train,dish_1560456794,data/nutrition5k_dataset/imagery/realsense_overhead/dish_1560456794/rgb.png,205.28338623046875,188.0,23.160921096801758,7.713231086730957,24.065845489501953
train,dish_1563468240,data/nutrition5k_dataset/imagery/realsense_overhead/dish_1563468240/rgb.png,93.10000610351562,239.0,0.3709999918937683,23.941999435424805,1.3270000219345093
train,dish_1563826272,data/nutrition5k_dataset/imagery/realsense_overhead/dish_1563826272/rgb.png,645.12646484375,261.0,34.2618522644043,44.186893463134766,41.229122161865234
train,dish_1565637548,data/nutrition5k_dataset/imagery/realsense_overhead/dish_1565637548/rgb.png,93.43612670898438,102.0,2.2443490028381348,16.658639907836914,2.245048999786377
train,dish_1561575951,data/nutrition5k_dataset/imagery/realsense_overhead/dish_1561575951/rgb.png,213.6991729736328,91.0,9.922188758850098,14.91361141204834,14.898733139038086
train,dish_1561666761,data/nutrition5k_dataset/imagery/realsense_overhead/dish_1561666761/rgb.png,114.33699798583984,43.0,4.041999816894531,14.405000686645508,4.815999984741211
train,dish_1562602627,data/nutrition5k_dataset/imagery/realsense_overhead/dish_1562602627/rgb.png,577.176025390625,171.0,43.237998962402344,25.251998901367188,22.148000717163086
train,dish_1561753275,data/nutrition5k_dataset/imagery/realsense_overhead/dish_1561753275/rgb.png,330.0343933105469,397.0,13.775390625,22.346630096435547,29.201099395751953
train,dish_1564168695,data/nutrition5k_dataset/imagery/realsense_overhead/dish_1564168695/rgb.png,385.00799560546875,78.0,34.163997650146484,0.0,18.01799964904785
train,dish_1568060461,data/nutrition5k_dataset/imagery/realsense_overhead/dish_1568060461/rgb.png,376.762451171875,304.0,20.058874130249023,13.800013542175293,34.890254974365234
train,dish_1559319860,data/nutrition5k_dataset/imagery/realsense_overhead/dish_1559319860/rgb.png,70.33000183105469,13.0,5.460000038146973,0.18199999630451202,4.809999942779541
train,dish_1561654756,data/nutrition5k_dataset/imagery/realsense_overhead/dish_1561654756/rgb.png,256.9800109863281,225.0,14.952000617980957,15.300000190734863,15.2160005569458
train,dish_1560973958,data/nutrition5k_dataset/imagery/realsense_overhead/dish_1560973958/rgb.png,145.313232421875,121.0,6.214187145233154,20.72974395751953,4.312272071838379
train,dish_1559751744,data/nutrition5k_dataset/imagery/realsense_overhead/dish_1559751744/rgb.png,227.32998657226562,188.0,13.007999420166016,10.704000473022461,15.711999893188477
train,dish_1559846099,data/nutrition5k_dataset/imagery/realsense_overhead/dish_1559846099/rgb.png,206.93899536132812,114.0,14.642001152038574,15.71299934387207,7.688000202178955
train,dish_1564518850,data/nutrition5k_dataset/imagery/realsense_overhead/dish_1564518850/rgb.png,194.32699584960938,119.0,7.020999908447266,29.155000686645508,4.879000186920166
train,dish_1562010394,data/nutrition5k_dataset/imagery/realsense_overhead/dish_1562010394/rgb.png,188.61044311523438,116.0,12.935693740844727,3.7080650329589844,14.15958023071289
train,dish_1566923060,data/nutrition5k_dataset/imagery/realsense_overhead/dish_1566923060/rgb.png,515.8200073242188,248.0,34.60900115966797,33.981998443603516,18.783000946044922
train,dish_1562086740,data/nutrition5k_dataset/imagery/realsense_overhead/dish_1562086740/rgb.png,447.8900146484375,215.0,33.880001068115234,3.374000072479248,30.40999984741211
train,dish_1559841061,data/nutrition5k_dataset/imagery/realsense_overhead/dish_1559841061/rgb.png,96.38999938964844,99.0,4.864999771118164,6.25600004196167,7.182000160217285
train,dish_1560799558,data/nutrition5k_dataset/imagery/realsense_overhead/dish_1560799558/rgb.png,196.8400115966797,74.0,7.177999973297119,24.420000076293945,8.140000343322754
train,dish_1558641926,data/nutrition5k_dataset/imagery/realsense_overhead/dish_1558641926/rgb.png,80.07999420166016,154.0,0.30799999833106995,21.559999465942383,0.4620000123977661
train,dish_1562774504,data/nutrition5k_dataset/imagery/realsense_overhead/dish_1562774504/rgb.png,335.3639831542969,176.0,22.94499969482422,17.166000366210938,14.844000816345215
train,dish_1558640238,data/nutrition5k_dataset/imagery/realsense_overhead/dish_1558640238/rgb.png,22.68000030517578,126.0,0.25200000405311584,4.914000034332275,1.1339999437332153
train,dish_1561741174,data/nutrition5k_dataset/imagery/realsense_overhead/dish_1561741174/rgb.png,245.83999633789062,113.0,18.6299991607666,1.7680000066757202,16.700000762939453
train,dish_1563811686,data/nutrition5k_dataset/imagery/realsense_overhead/dish_1563811686/rgb.png,319.4283752441406,331.0,17.312543869018555,25.87976837158203,16.28815269470215
train,dish_1560369421,data/nutrition5k_dataset/imagery/realsense_overhead/dish_1560369421/rgb.png,413.9466552734375,411.0,31.05713653564453,29.280057907104492,43.31870651245117
train,dish_1566402197,data/nutrition5k_dataset/imagery/realsense_overhead/dish_1566402197/rgb.png,480.9461364746094,736.0,8.787679672241211,47.1516227722168,47.27960205078125
train,dish_1567106825,data/nutrition5k_dataset/imagery/realsense_overhead/dish_1567106825/rgb.png,220.20086669921875,104.0,16.9051513671875,3.357732057571411,13.460874557495117
train,dish_1568061097,data/nutrition5k_dataset/imagery/realsense_overhead/dish_1568061097/rgb.png,146.2449951171875,55.0,5.170000076293945,18.42500114440918,6.159999847412109
train,dish_1567625434,data/nutrition5k_dataset/imagery/realsense_overhead/dish_1567625434/rgb.png,581.2530517578125,396.0,25.451919555664062,23.362089157104492,65.5884017944336
train,dish_1567542813,data/nutrition5k_dataset/imagery/realsense_overhead/dish_1567542813/rgb.png,316.63861083984375,145.0,10.951919555664062,39.94044876098633,13.85035514831543
train,dish_1558630038,data/nutrition5k_dataset/imagery/realsense_overhead/dish_1558630038/rgb.png,12.75,51.0,0.15299999713897705,2.549999952316284,0.9179999828338623
train,dish_1568320296,data/nutrition5k_dataset/imagery/realsense_overhead/dish_1568320296/rgb.png,226.01499938964844,85.0,7.989999771118164,28.475000381469727,9.520000457763672
train,dish_1562691409,data/nutrition5k_dataset/imagery/realsense_overhead/dish_1562691409/rgb.png,225.989990234375,164.0,10.479999542236328,22.083999633789062,10.520000457763672
train,dish_1561407208,data/nutrition5k_dataset/imagery/realsense_overhead/dish_1561407208/rgb.png,44.34764099121094,29.0,0.9398819804191589,0.8928340077400208,7.578106880187988
train,dish_1563996596,data/nutrition5k_dataset/imagery/realsense_overhead/dish_1563996596/rgb.png,39.599998474121094,90.0,1.8899999856948853,3.869999885559082,2.880000114440918
train,dish_1566592456,data/nutrition5k_dataset/imagery/realsense_overhead/dish_1566592456/rgb.png,55.439998626708984,126.0,2.6459999084472656,5.418000221252441,4.0320000648498535
train,dish_1560455059,data/nutrition5k_dataset/imagery/realsense_overhead/dish_1560455059/rgb.png,25.55000114440918,134.0,0.20999999344348907,5.678999900817871,1.1729999780654907
train,dish_1562959379,data/nutrition5k_dataset/imagery/realsense_overhead/dish_1562959379/rgb.png,57.06645202636719,85.0,4.411606788635254,3.7784409523010254,1.4514720439910889
train,dish_1566923030,data/nutrition5k_dataset/imagery/realsense_overhead/dish_1566923030/rgb.png,396.79998779296875,226.0,25.368999481201172,33.67399597167969,10.643000602722168
train,dish_1558636028,data/nutrition5k_dataset/imagery/realsense_overhead/dish_1558636028/rgb.png,199.34799194335938,262.0,5.379000186920166,38.542999267578125,4.341000080108643
train,dish_1558724912,data/nutrition5k_dataset/imagery/realsense_overhead/dish_1558724912/rgb.png,30.75,75.0,0.15000000596046448,7.5,0.675000011920929
train,dish_1563391959,data/nutrition5k_dataset/imagery/realsense_overhead/dish_1563391959/rgb.png,245.77410888671875,315.0,24.884578704833984,12.991464614868164,29.050703048706055
train,dish_1564170071,data/nutrition5k_dataset/imagery/realsense_overhead/dish_1564170071/rgb.png,14.0,35.0,0.03500000014901161,3.1500000953674316,0.38499999046325684
train,dish_1565810205,data/nutrition5k_dataset/imagery/realsense_overhead/dish_1565810205/rgb.png,126.96553802490234,153.0,9.058966636657715,4.217970848083496,10.675749778747559
train,dish_1566499686,data/nutrition5k_dataset/imagery/realsense_overhead/dish_1566499686/rgb.png,674.706787109375,388.0,37.68577575683594,35.91573715209961,48.4477424621582
train,dish_1562958998,data/nutrition5k_dataset/imagery/realsense_overhead/dish_1562958998/rgb.png,109.09359741210938,104.0,12.07742977142334,4.164992809295654,13.56700611114502
train,dish_1562874203,data/nutrition5k_dataset/imagery/realsense_overhead/dish_1562874203/rgb.png,362.521728515625,332.0,40.90120315551758,13.621236801147461,42.49925994873047
train,dish_1563221495,data/nutrition5k_dataset/imagery/realsense_overhead/dish_1563221495/rgb.png,365.2698974609375,164.0,13.375452995300293,29.243366241455078,31.254426956176758
train,dish_1564169254,data/nutrition5k_dataset/imagery/realsense_overhead/dish_1564169254/rgb.png,161.75,201.0,6.802000045776367,20.42599868774414,6.406000137329102
train,dish_1561580431,data/nutrition5k_dataset/imagery/realsense_overhead/dish_1561580431/rgb.png,258.00341796875,197.0,10.66627311706543,18.090307235717773,22.401735305786133
train,dish_1562950057,data/nutrition5k_dataset/imagery/realsense_overhead/dish_1562950057/rgb.png,320.1000061035156,223.0,18.56599998474121,26.856000900268555,11.082000732421875
train,dish_1563824155,data/nutrition5k_dataset/imagery/realsense_overhead/dish_1563824155/rgb.png,455.7279052734375,361.0,23.568178176879883,27.65007781982422,34.4058723449707
train,dish_1564778057,data/nutrition5k_dataset/imagery/realsense_overhead/dish_1564778057/rgb.png,575.18505859375,377.0,33.98680114746094,35.53947067260742,31.990741729736328
train,dish_1560973984,data/nutrition5k_dataset/imagery/realsense_overhead/dish_1560973984/rgb.png,171.2132568359375,195.0,6.510186195373535,25.909744262695312,6.088271141052246
train,dish_1565727791,data/nutrition5k_dataset/imagery/realsense_overhead/dish_1565727791/rgb.png,121.07400512695312,99.0,6.599999904632568,6.160999774932861,10.277999877929688
train,dish_1562775456,data/nutrition5k_dataset/imagery/realsense_overhead/dish_1562775456/rgb.png,50.15999984741211,66.0,0.0,11.880000114440918,0.6600000262260437
train,dish_1566416455,data/nutrition5k_dataset/imagery/realsense_overhead/dish_1566416455/rgb.png,372.32659912109375,403.0,20.35685157775879,37.50229263305664,21.23944091796875
train,dish_1568060646,data/nutrition5k_dataset/imagery/realsense_overhead/dish_1568060646/rgb.png,31.479999542236328,97.0,0.2800000011920929,6.473001003265381,1.7380000352859497
train,dish_1558640074,data/nutrition5k_dataset/imagery/realsense_overhead/dish_1558640074/rgb.png,60.31999969482422,116.0,0.23199999332427979,16.239999771118164,0.3479999899864197
train,dish_1565799507,data/nutrition5k_dataset/imagery/realsense_overhead/dish_1565799507/rgb.png,74.6517105102539,78.0,1.902438998222351,13.697562217712402,0.7609760165214539
train,dish_1560799407,data/nutrition5k_dataset/imagery/realsense_overhead/dish_1560799407/rgb.png,220.9017333984375,122.0,14.96129035949707,10.1663179397583,12.222573280334473
train,dish_1563822636,data/nutrition5k_dataset/imagery/realsense_overhead/dish_1563822636/rgb.png,237.01937866210938,258.0,13.746150016784668,10.662964820861816,19.792339324951172
train,dish_1562963484,data/nutrition5k_dataset/imagery/realsense_overhead/dish_1562963484/rgb.png,100.53941345214844,80.0,8.570940971374512,5.136470794677734,2.0848240852355957
train,dish_1558639221,data/nutrition5k_dataset/imagery/realsense_overhead/dish_1558639221/rgb.png,24.5,98.0,0.2939999997615814,4.900000095367432,1.7640000581741333
train,dish_1560441339,data/nutrition5k_dataset/imagery/realsense_overhead/dish_1560441339/rgb.png,280.67999267578125,154.0,18.09200096130371,11.053998947143555,17.479000091552734
train,dish_1567019993,data/nutrition5k_dataset/imagery/realsense_overhead/dish_1567019993/rgb.png,28.083148956298828,55.0,0.7037019729614258,4.877140045166016,1.8414520025253296
train,dish_1563986093,data/nutrition5k_dataset/imagery/realsense_overhead/dish_1563986093/rgb.png,239.02999877929688,215.0,14.340999603271484,14.22800064086914,13.409000396728516
train,dish_1563309237,data/nutrition5k_dataset/imagery/realsense_overhead/dish_1563309237/rgb.png,49.55000305175781,62.0,3.5889999866485596,4.689000129699707,0.843999981880188
train,dish_1561480391,data/nutrition5k_dataset/imagery/realsense_overhead/dish_1561480391/rgb.png,64.40999603271484,113.0,0.33899998664855957,15.819999694824219,0.7910000085830688
train,dish_1563305354,data/nutrition5k_dataset/imagery/realsense_overhead/dish_1563305354/rgb.png,340.0735778808594,208.0,18.281034469604492,12.095402717590332,29.667709350585938
train,dish_1559590005,data/nutrition5k_dataset/imagery/realsense_overhead/dish_1559590005/rgb.png,360.8324890136719,241.0,16.641807556152344,39.466529846191406,14.747198104858398
train,dish_1559678127,data/nutrition5k_dataset/imagery/realsense_overhead/dish_1559678127/rgb.png,108.64200592041016,170.0,7.418569087982178,9.871039390563965,3.004626989364624
train,dish_1565024707,data/nutrition5k_dataset/imagery/realsense_overhead/dish_1565024707/rgb.png,299.2979736328125,149.0,22.203998565673828,2.8940000534057617,21.394001007080078
train,dish_1568061145,data/nutrition5k_dataset/imagery/realsense_overhead/dish_1568061145/rgb.png,187.0532684326172,196.0,6.978137016296387,23.15397834777832,7.411787986755371
train,dish_1558115282,data/nutrition5k_dataset/imagery/realsense_overhead/dish_1558115282/rgb.png,74.87999725341797,144.0,0.2879999876022339,0.4320000112056732,20.15999984741211
train,dish_1566413510,data/nutrition5k_dataset/imagery/realsense_overhead/dish_1566413510/rgb.png,751.383056640625,412.0,58.564002990722656,17.134000778198242,44.222999572753906
train,dish_1558641442,data/nutrition5k_dataset/imagery/realsense_overhead/dish_1558641442/rgb.png,103.38600158691406,211.0,1.7510000467300415,21.809999465942383,3.946000099182129
train,dish_1560453275,data/nutrition5k_dataset/imagery/realsense_overhead/dish_1560453275/rgb.png,92.554443359375,60.0,2.703752040863037,1.2529690265655518,14.971698760986328
train,dish_1567525744,data/nutrition5k_dataset/imagery/realsense_overhead/dish_1567525744/rgb.png,679.2647705078125,298.0,53.00137710571289,34.801021575927734,18.31621742248535
train,dish_1562871731,data/nutrition5k_dataset/imagery/realsense_overhead/dish_1562871731/rgb.png,17.029998779296875,131.0,0.2619999945163727,2.881999969482422,1.965000033378601
train,dish_1566849208,data/nutrition5k_dataset/imagery/realsense_overhead/dish_1566849208/rgb.png,19.600000381469727,70.0,0.2800000011920929,3.7100000381469727,1.5399999618530273
train,dish_1564516760,data/nutrition5k_dataset/imagery/realsense_overhead/dish_1564516760/rgb.png,442.72894287109375,329.0,19.221477508544922,11.774262428283691,52.75727844238281
train,dish_1558723639,data/nutrition5k_dataset/imagery/realsense_overhead/dish_1558723639/rgb.png,10.25,41.0,0.12300000339746475,2.049999952316284,0.7379999756813049
train,dish_1558458584,data/nutrition5k_dataset/imagery/realsense_overhead/dish_1558458584/rgb.png,351.1809997558594,142.0,25.454999923706055,25.94099998474121,12.369000434875488
train,dish_1563220802,data/nutrition5k_dataset/imagery/realsense_overhead/dish_1563220802/rgb.png,308.5943603515625,252.0,15.236607551574707,13.352823257446289,29.468917846679688
train,dish_1565728415,data/nutrition5k_dataset/imagery/realsense_overhead/dish_1565728415/rgb.png,194.42774963378906,80.0,8.405299186706543,16.724395751953125,12.005533218383789
train,dish_1561146781,data/nutrition5k_dataset/imagery/realsense_overhead/dish_1561146781/rgb.png,300.1000061035156,223.0,1.6549999713897705,63.77000045776367,9.783000946044922
train,dish_1565207631,data/nutrition5k_dataset/imagery/realsense_overhead/dish_1565207631/rgb.png,64.4054946899414,54.0,1.9990559816360474,8.16944694519043,3.302449941635132
train,dish_1563824339,data/nutrition5k_dataset/imagery/realsense_overhead/dish_1563824339/rgb.png,85.33999633789062,175.0,4.086999893188477,12.074999809265137,2.0980000495910645
train,dish_1561580628,data/nutrition5k_dataset/imagery/realsense_overhead/dish_1561580628/rgb.png,72.43404388427734,156.0,4.653637886047363,6.68138313293457,2.701085090637207
train,dish_1564675193,data/nutrition5k_dataset/imagery/realsense_overhead/dish_1564675193/rgb.png,478.80877685546875,803.0,5.21082878112793,46.03817367553711,54.25473403930664
train,dish_1567022338,data/nutrition5k_dataset/imagery/realsense_overhead/dish_1567022338/rgb.png,507.2430114746094,463.0,16.399999618530273,19.279001235961914,69.15499877929688
train,dish_1568405430,data/nutrition5k_dataset/imagery/realsense_overhead/dish_1568405430/rgb.png,119.09939575195312,121.0,9.026378631591797,8.612275123596191,2.1865780353546143
train,dish_1568056217,data/nutrition5k_dataset/imagery/realsense_overhead/dish_1568056217/rgb.png,480.77996826171875,427.0,12.261999130249023,13.920999526977539,75.53700256347656
train,dish_1562086501,data/nutrition5k_dataset/imagery/realsense_overhead/dish_1562086501/rgb.png,195.36000061035156,132.0,14.520000457763672,2.111999988555908,13.199999809265137
train,dish_1566501067,data/nutrition5k_dataset/imagery/realsense_overhead/dish_1566501067/rgb.png,464.11798095703125,306.0,24.310998916625977,12.23900032043457,49.61899948120117
train,dish_1563820775,data/nutrition5k_dataset/imagery/realsense_overhead/dish_1563820775/rgb.png,38.06999969482422,162.0,0.593999981880188,7.073999881744385,2.375999927520752
train,dish_1567526738,data/nutrition5k_dataset/imagery/realsense_overhead/dish_1567526738/rgb.png,225.1599884033203,433.0,0.8659999966621399,3.0309998989105225,43.29999923706055
train,dish_1560455203,data/nutrition5k_dataset/imagery/realsense_overhead/dish_1560455203/rgb.png,115.10084533691406,188.0,6.025522232055664,14.741324424743652,2.592315912246704
train,dish_1566416421,data/nutrition5k_dataset/imagery/realsense_overhead/dish_1566416421/rgb.png,313.74188232421875,367.0,18.39505386352539,36.64652633666992,12.292886734008789
train,dish_1558637423,data/nutrition5k_dataset/imagery/realsense_overhead/dish_1558637423/rgb.png,948.8590087890625,409.0,66.36399841308594,77.91600036621094,32.6870002746582
train,dish_1563217895,data/nutrition5k_dataset/imagery/realsense_overhead/dish_1563217895/rgb.png,26.799278259277344,73.0,1.0668230056762695,3.9752919673919678,1.3164180517196655
train,dish_1566588016,data/nutrition5k_dataset/imagery/realsense_overhead/dish_1566588016/rgb.png,472.2333984375,374.0,21.992494583129883,23.61473846435547,42.9310302734375
train,dish_1562950934,data/nutrition5k_dataset/imagery/realsense_overhead/dish_1562950934/rgb.png,304.2185363769531,464.0,4.152194976806641,27.52780532836914,33.404876708984375
train,dish_1561575068,data/nutrition5k_dataset/imagery/realsense_overhead/dish_1561575068/rgb.png,421.93670654296875,436.0,17.68311309814453,16.640642166137695,49.570289611816406
train,dish_1562007739,data/nutrition5k_dataset/imagery/realsense_overhead/dish_1562007739/rgb.png,28.600000381469727,65.0,1.3650000095367432,2.7950000762939453,2.0799999237060547
train,dish_1558381665,data/nutrition5k_dataset/imagery/realsense_overhead/dish_1558381665/rgb.png,17.850000381469727,51.0,0.20399999618530273,3.569999933242798,1.2239999771118164
train,dish_1562184604,data/nutrition5k_dataset/imagery/realsense_overhead/dish_1562184604/rgb.png,211.3800048828125,78.0,14.819999694824219,0.0,19.5
train,dish_1566333167,data/nutrition5k_dataset/imagery/realsense_overhead/dish_1566333167/rgb.png,344.54449462890625,140.0,14.501361846923828,31.633934020996094,20.294445037841797
train,dish_1558639949,data/nutrition5k_dataset/imagery/realsense_overhead/dish_1558639949/rgb.png,21.760000228881836,64.0,0.12800000607967377,5.119999885559082,0.5120000243186951
train,dish_1560366998,data/nutrition5k_dataset/imagery/realsense_overhead/dish_1560366998/rgb.png,39.60000228881836,131.0,0.17299999296665192,9.648000717163086,0.8230000138282776
train,dish_1565203015,data/nutrition5k_dataset/imagery/realsense_overhead/dish_1565203015/rgb.png,663.9395751953125,397.0,19.14238166809082,8.94381046295166,107.0555648803711
train,dish_1566317711,data/nutrition5k_dataset/imagery/realsense_overhead/dish_1566317711/rgb.png,123.76000213623047,182.0,2.5480000972747803,21.84000015258789,4.368000030517578
train,dish_1560444570,data/nutrition5k_dataset/imagery/realsense_overhead/dish_1560444570/rgb.png,168.72000122070312,114.0,12.539999961853027,1.8240000009536743,11.40000057220459
train,dish_1561491180,data/nutrition5k_dataset/imagery/realsense_overhead/dish_1561491180/rgb.png,236.3474884033203,217.0,18.691791534423828,20.364334106445312,21.2513370513916
train,dish_1562173111,data/nutrition5k_dataset/imagery/realsense_overhead/dish_1562173111/rgb.png,792.1799926757812,163.0,50.529998779296875,68.45999908447266,27.71000099182129
train,dish_1562011765,data/nutrition5k_dataset/imagery/realsense_overhead/dish_1562011765/rgb.png,423.9230041503906,283.0,23.582834243774414,14.153583526611328,39.04142379760742
train,dish_1563813501,data/nutrition5k_dataset/imagery/realsense_overhead/dish_1563813501/rgb.png,694.1233520507812,414.0,46.640220642089844,27.803966522216797,40.463897705078125
train,dish_1558723866,data/nutrition5k_dataset/imagery/realsense_overhead/dish_1558723866/rgb.png,14.75,59.0,0.1770000010728836,2.950000047683716,1.062000036239624
train,dish_1563984835,data/nutrition5k_dataset/imagery/realsense_overhead/dish_1563984835/rgb.png,603.979248046875,461.0,38.404388427734375,22.67351531982422,42.21900177001953
train,dish_1560974769,data/nutrition5k_dataset/imagery/realsense_overhead/dish_1560974769/rgb.png,3943.3251953125,3051.0,10.97654914855957,844.568603515625,83.74960327148438
train,dish_1560360030,data/nutrition5k_dataset/imagery/realsense_overhead/dish_1560360030/rgb.png,193.8800048828125,131.0,14.40999984741211,2.0959999561309814,13.100000381469727
train,dish_1558721931,data/nutrition5k_dataset/imagery/realsense_overhead/dish_1558721931/rgb.png,13.25,53.0,0.1589999943971634,2.6500000953674316,0.9539999961853027
train,dish_1567022251,data/nutrition5k_dataset/imagery/realsense_overhead/dish_1567022251/rgb.png,111.91000366210938,254.0,4.125999927520752,18.481000900268555,2.9590001106262207
train,dish_1557863056,data/nutrition5k_dataset/imagery/realsense_overhead/dish_1557863056/rgb.png,75.20000457763672,47.0,7.050000190734863,4.230000019073486,0.9399999976158142
train,dish_1563811439,data/nutrition5k_dataset/imagery/realsense_overhead/dish_1563811439/rgb.png,137.3199920654297,289.0,0.578000009059906,7.2789998054504395,22.2760009765625
train,dish_1566933454,data/nutrition5k_dataset/imagery/realsense_overhead/dish_1566933454/rgb.png,121.74140930175781,154.0,8.774584770202637,9.049747467041016,3.6651198863983154
train,dish_1563308353,data/nutrition5k_dataset/imagery/realsense_overhead/dish_1563308353/rgb.png,51.46548843383789,140.0,1.0025880336761475,10.880392074584961,1.3194899559020996
train,dish_1565033265,data/nutrition5k_dataset/imagery/realsense_overhead/dish_1565033265/rgb.png,1324.0849609375,625.0,106.34300231933594,19.202001571655273,76.66400146484375
train,dish_1559674781,data/nutrition5k_dataset/imagery/realsense_overhead/dish_1559674781/rgb.png,81.66000366210938,203.0,0.2290000021457672,20.610000610351562,1.0670000314712524
train,dish_1562009314,data/nutrition5k_dataset/imagery/realsense_overhead/dish_1562009314/rgb.png,99.56753540039062,195.0,2.4949450492858887,17.29168128967285,6.528782844543457
train,dish_1563303298,data/nutrition5k_dataset/imagery/realsense_overhead/dish_1563303298/rgb.png,170.76007080078125,103.0,4.999781131744385,2.0422959327697754,27.815534591674805
train,dish_1563480534,data/nutrition5k_dataset/imagery/realsense_overhead/dish_1563480534/rgb.png,797.56689453125,576.0,33.8817024230957,35.512001037597656,81.87547302246094
train,dish_1563820834,data/nutrition5k_dataset/imagery/realsense_overhead/dish_1563820834/rgb.png,308.8944396972656,311.0,7.8774800300598145,23.031400680541992,35.561859130859375
train,dish_1566501473,data/nutrition5k_dataset/imagery/realsense_overhead/dish_1566501473/rgb.png,413.9420166015625,371.0,14.890000343322754,18.319000244140625,52.96799850463867
train,dish_1559933793,data/nutrition5k_dataset/imagery/realsense_overhead/dish_1559933793/rgb.png,56.676902770996094,111.0,1.4201990365982056,9.84295654296875,3.716383934020996
train,dish_1562872182,data/nutrition5k_dataset/imagery/realsense_overhead/dish_1562872182/rgb.png,41.53999710083008,296.0,0.6259999871253967,6.886000156402588,4.984000205993652
train,dish_1561663891,data/nutrition5k_dataset/imagery/realsense_overhead/dish_1561663891/rgb.png,247.16885375976562,172.0,10.509970664978027,18.05274200439453,21.3067684173584
train,dish_1562789301,data/nutrition5k_dataset/imagery/realsense_overhead/dish_1562789301/rgb.png,606.9115600585938,435.0,24.5185489654541,68.41181945800781,35.30565643310547
train,dish_1566938026,data/nutrition5k_dataset/imagery/realsense_overhead/dish_1566938026/rgb.png,450.5762939453125,219.0,17.546903610229492,37.53630828857422,33.50950241088867
train,dish_1562687274,data/nutrition5k_dataset/imagery/realsense_overhead/dish_1562687274/rgb.png,161.0216064453125,141.0,12.13980484008789,13.517260551452637,1.161126971244812
train,dish_1566328894,data/nutrition5k_dataset/imagery/realsense_overhead/dish_1566328894/rgb.png,236.65098571777344,89.0,8.366000175476074,29.815000534057617,9.968000411987305
train,dish_1565724552,data/nutrition5k_dataset/imagery/realsense_overhead/dish_1565724552/rgb.png,108.80023956298828,298.0,4.671976089477539,15.722976684570312,4.621048927307129
train,dish_1558637865,data/nutrition5k_dataset/imagery/realsense_overhead/dish_1558637865/rgb.png,71.08699798583984,67.0,1.6080000400543213,14.739999771118164,2.0769999027252197
train,dish_1560543729,data/nutrition5k_dataset/imagery/realsense_overhead/dish_1560543729/rgb.png,219.5299072265625,213.0,7.758306980133057,20.830944061279297,16.74432945251465
train,dish_1566402041,data/nutrition5k_dataset/imagery/realsense_overhead/dish_1566402041/rgb.png,231.9199981689453,446.0,0.8920000195503235,3.121999979019165,44.60000228881836
train,dish_1564429184,data/nutrition5k_dataset/imagery/realsense_overhead/dish_1564429184/rgb.png,389.6579895019531,202.0,22.01799964904785,18.786001205444336,37.97599792480469
train,dish_1562688482,data/nutrition5k_dataset/imagery/realsense_overhead/dish_1562688482/rgb.png,193.45999145507812,169.0,8.417999267578125,19.770000457763672,10.86400032043457
train,dish_1558721272,data/nutrition5k_dataset/imagery/realsense_overhead/dish_1558721272/rgb.png,29.520000457763672,72.0,0.14399999380111694,7.199999809265137,0.6480000019073486
train,dish_1560453294,data/nutrition5k_dataset/imagery/realsense_overhead/dish_1560453294/rgb.png,115.95445251464844,138.0,2.781752109527588,5.698968887329102,16.21969985961914
train,dish_1563479596,data/nutrition5k_dataset/imagery/realsense_overhead/dish_1563479596/rgb.png,104.3735580444336,151.0,5.3512349128723145,12.75677490234375,3.7780070304870605
train,dish_1561567053,data/nutrition5k_dataset/imagery/realsense_overhead/dish_1561567053/rgb.png,26.100000381469727,87.0,0.17399999499320984,6.611999988555908,0.5220000147819519
train,dish_1566488905,data/nutrition5k_dataset/imagery/realsense_overhead/dish_1566488905/rgb.png,82.30829620361328,86.0,2.0975608825683594,15.102439880371094,0.839024007320404
train,dish_1560961107,data/nutrition5k_dataset/imagery/realsense_overhead/dish_1560961107/rgb.png,352.82000732421875,320.0,6.1240010261535645,67.51300048828125,8.663200378417969
train,dish_1565207694,data/nutrition5k_dataset/imagery/realsense_overhead/dish_1565207694/rgb.png,173.7912139892578,178.0,12.895247459411621,15.589639663696289,15.633134841918945
train,dish_1565711326,data/nutrition5k_dataset/imagery/realsense_overhead/dish_1565711326/rgb.png,296.0928955078125,285.0,10.290755271911621,49.627357482910156,3.009226083755493
train,dish_1562702379,data/nutrition5k_dataset/imagery/realsense_overhead/dish_1562702379/rgb.png,100.8829345703125,227.0,6.2060418128967285,9.873424530029297,3.9448719024658203
train,dish_1562008549,data/nutrition5k_dataset/imagery/realsense_overhead/dish_1562008549/rgb.png,417.1295166015625,405.0,12.24078369140625,55.659385681152344,22.35630226135254
train,dish_1561739930,data/nutrition5k_dataset/imagery/realsense_overhead/dish_1561739930/rgb.png,60.040000915527344,79.0,0.0,14.220000267028809,0.7900000214576721
train,dish_1560357427,data/nutrition5k_dataset/imagery/realsense_overhead/dish_1560357427/rgb.png,93.7490005493164,241.0,0.2409999966621399,21.930999755859375,1.2050000429153442
train,dish_1562963704,data/nutrition5k_dataset/imagery/realsense_overhead/dish_1562963704/rgb.png,663.7557983398438,479.0,28.423254013061523,66.0548324584961,35.92176055908203
train,dish_1558641075,data/nutrition5k_dataset/imagery/realsense_overhead/dish_1558641075/rgb.png,12.420000076293945,69.0,0.1379999965429306,2.690999984741211,0.6209999918937683
train,dish_1565627800,data/nutrition5k_dataset/imagery/realsense_overhead/dish_1565627800/rgb.png,167.18927001953125,261.0,2.1340980529785156,13.966902732849121,19.60243797302246
train,dish_1564073641,data/nutrition5k_dataset/imagery/realsense_overhead/dish_1564073641/rgb.png,49.76780700683594,52.0,1.268293023109436,9.131708145141602,0.5073170065879822
train,dish_1559668016,data/nutrition5k_dataset/imagery/realsense_overhead/dish_1559668016/rgb.png,469.05999755859375,279.0,25.525999069213867,41.74300003051758,18.72640037536621
train,dish_1566501126,data/nutrition5k_dataset/imagery/realsense_overhead/dish_1566501126/rgb.png,564.91796875,369.0,33.76100158691406,17.909000396728516,50.878997802734375
train,dish_1558468401,data/nutrition5k_dataset/imagery/realsense_overhead/dish_1558468401/rgb.png,75.20000457763672,47.0,7.050000190734863,4.230000019073486,0.9399999976158142
train,dish_1562787745,data/nutrition5k_dataset/imagery/realsense_overhead/dish_1562787745/rgb.png,85.35774230957031,58.0,5.704967975616455,7.984723091125488,1.8627640008926392
train,dish_1561575300,data/nutrition5k_dataset/imagery/realsense_overhead/dish_1561575300/rgb.png,326.780029296875,199.0,17.62795066833496,9.16340446472168,30.70189094543457
train,dish_1558721559,data/nutrition5k_dataset/imagery/realsense_overhead/dish_1558721559/rgb.png,37.720001220703125,92.0,0.18400000035762787,9.199999809265137,0.828000009059906
train,dish_1565809120,data/nutrition5k_dataset/imagery/realsense_overhead/dish_1565809120/rgb.png,365.6300048828125,502.0,1.7339999675750732,22.898000717163086,63.227996826171875
train,dish_1566934401,data/nutrition5k_dataset/imagery/realsense_overhead/dish_1566934401/rgb.png,435.9028625488281,344.0,39.53281784057617,26.53249740600586,48.1910400390625
train,dish_1560974707,data/nutrition5k_dataset/imagery/realsense_overhead/dish_1560974707/rgb.png,55.025123596191406,60.0,2.0035459995269775,7.0886921882629395,2.992604970932007
train,dish_1559239753,data/nutrition5k_dataset/imagery/realsense_overhead/dish_1559239753/rgb.png,26.545507431030273,54.0,0.6388840079307556,5.326569080352783,0.479777991771698
train,dish_1563550950,data/nutrition5k_dataset/imagery/realsense_overhead/dish_1563550950/rgb.png,183.1699981689453,93.0,13.899999618530273,1.4579999446868896,12.329999923706055
train,dish_1564086658,data/nutrition5k_dataset/imagery/realsense_overhead/dish_1564086658/rgb.png,260.8529968261719,230.0,8.652999877929688,38.71200180053711,11.19800090789795
train,dish_1565640365,data/nutrition5k_dataset/imagery/realsense_overhead/dish_1565640365/rgb.png,720.89013671875,623.0,22.447601318359375,54.55659103393555,75.06904602050781
train,dish_1561576794,data/nutrition5k_dataset/imagery/realsense_overhead/dish_1561576794/rgb.png,654.7212524414062,738.0,28.15142250061035,37.69186019897461,63.45790481567383
train,dish_1558635962,data/nutrition5k_dataset/imagery/realsense_overhead/dish_1558635962/rgb.png,52.02899932861328,9.0,4.454999923706055,2.0429999828338623,2.0160000324249268
train,dish_1562959700,data/nutrition5k_dataset/imagery/realsense_overhead/dish_1562959700/rgb.png,315.4137268066406,153.0,14.441155433654785,16.890979766845703,27.910999298095703
train,dish_1558459462,data/nutrition5k_dataset/imagery/realsense_overhead/dish_1558459462/rgb.png,58.650001525878906,85.0,0.17000000178813934,15.300000190734863,0.5950000286102295
train,dish_1559668238,data/nutrition5k_dataset/imagery/realsense_overhead/dish_1559668238/rgb.png,290.1399841308594,89.0,19.579999923706055,28.479999542236328,2.313999891281128
train,dish_1565640528,data/nutrition5k_dataset/imagery/realsense_overhead/dish_1565640528/rgb.png,38.546905517578125,105.0,1.534471035003662,5.7178850173950195,1.8934780359268188
train,dish_1565033085,data/nutrition5k_dataset/imagery/realsense_overhead/dish_1565033085/rgb.png,15.399999618530273,55.0,0.2199999988079071,2.9149999618530273,1.2100000381469727
train,dish_1559245697,data/nutrition5k_dataset/imagery/realsense_overhead/dish_1559245697/rgb.png,163.7163543701172,289.0,2.007220983505249,36.95328903198242,3.4050090312957764
train,dish_1558030724,data/nutrition5k_dataset/imagery/realsense_overhead/dish_1558030724/rgb.png,18.30000114440918,61.0,0.061000000685453415,4.636000156402588,0.3659999966621399
train,dish_1558632959,data/nutrition5k_dataset/imagery/realsense_overhead/dish_1558632959/rgb.png,16.020000457763672,89.0,0.17800000309944153,3.4709999561309814,0.8009999990463257
train,dish_1558632799,data/nutrition5k_dataset/imagery/realsense_overhead/dish_1558632799/rgb.png,20.159000396728516,19.0,0.4560000002384186,4.179999828338623,0.5889999866485596
train,dish_1558641416,data/nutrition5k_dataset/imagery/realsense_overhead/dish_1558641416/rgb.png,59.41600036621094,56.0,1.343999981880188,12.319999694824219,1.7359999418258667
train,dish_1559149650,data/nutrition5k_dataset/imagery/realsense_overhead/dish_1559149650/rgb.png,26.239999771118164,64.0,0.12800000607967377,6.400000095367432,0.5759999752044678
train,dish_1562790224,data/nutrition5k_dataset/imagery/realsense_overhead/dish_1562790224/rgb.png,312.749755859375,116.0,30.397384643554688,7.830092906951904,6.847874164581299
train,dish_1558642458,data/nutrition5k_dataset/imagery/realsense_overhead/dish_1558642458/rgb.png,23.0,92.0,0.2759999930858612,4.599999904632568,1.656000018119812
train,dish_1560369313,data/nutrition5k_dataset/imagery/realsense_overhead/dish_1560369313/rgb.png,392.1357116699219,387.0,28.680227279663086,27.95867347717285,40.54530715942383
train,dish_1558547008,data/nutrition5k_dataset/imagery/realsense_overhead/dish_1558547008/rgb.png,73.91999816894531,96.0,0.09600000083446503,16.31999969482422,1.9199999570846558
train,dish_1561577598,data/nutrition5k_dataset/imagery/realsense_overhead/dish_1561577598/rgb.png,813.4520263671875,393.0,46.151893615722656,26.876920700073242,67.19173431396484
train,dish_1558640808,data/nutrition5k_dataset/imagery/realsense_overhead/dish_1558640808/rgb.png,10.65999984741211,26.0,0.052000001072883606,2.5999999046325684,0.23399999737739563
train,dish_1562007904,data/nutrition5k_dataset/imagery/realsense_overhead/dish_1562007904/rgb.png,525.4613647460938,489.0,17.817501068115234,64.11656951904297,28.26763343811035
train,dish_1558721636,data/nutrition5k_dataset/imagery/realsense_overhead/dish_1558721636/rgb.png,163.0699920654297,299.0,2.578000068664551,35.81800079345703,4.616000175476074
train,dish_1562010048,data/nutrition5k_dataset/imagery/realsense_overhead/dish_1562010048/rgb.png,407.13226318359375,199.0,24.372669219970703,5.6828508377075195,38.9907112121582
train,dish_1562183151,data/nutrition5k_dataset/imagery/realsense_overhead/dish_1562183151/rgb.png,108.39240264892578,195.0,6.945024013519287,9.697036743164062,4.906250953674316
train,dish_1558457530,data/nutrition5k_dataset/imagery/realsense_overhead/dish_1558457530/rgb.png,16.0,64.0,0.19200000166893005,3.200000047683716,1.1519999504089355
train,dish_1561739973,data/nutrition5k_dataset/imagery/realsense_overhead/dish_1561739973/rgb.png,295.3699951171875,280.0,16.279998779296875,20.4060001373291,16.709999084472656
train,dish_1561740353,data/nutrition5k_dataset/imagery/realsense_overhead/dish_1561740353/rgb.png,75.42041015625,96.0,5.666204929351807,6.503661155700684,0.7519270181655884
train,dish_1558636582,data/nutrition5k_dataset/imagery/realsense_overhead/dish_1558636582/rgb.png,530.551025390625,410.0,35.91899871826172,45.948001861572266,18.895000457763672
train,dish_1566414780,data/nutrition5k_dataset/imagery/realsense_overhead/dish_1566414780/rgb.png,807.4163208007812,651.0,35.50194549560547,33.422515869140625,102.63382720947266
train,dish_1562602860,data/nutrition5k_dataset/imagery/realsense_overhead/dish_1562602860/rgb.png,165.18228149414062,258.0,5.62215518951416,20.834251403808594,10.206212997436523
train,dish_1559590130,data/nutrition5k_dataset/imagery/realsense_overhead/dish_1559590130/rgb.png,194.40599060058594,152.0,4.10699987411499,1.5210000276565552,35.88800048828125
train,dish_1565031283,data/nutrition5k_dataset/imagery/realsense_overhead/dish_1565031283/rgb.png,252.6804656982422,116.0,14.387574195861816,4.5137248039245605,23.917739868164062
train,dish_1567537252,data/nutrition5k_dataset/imagery/realsense_overhead/dish_1567537252/rgb.png,464.4595642089844,303.0,25.2142391204834,17.229736328125,39.96315383911133
train,dish_1558722665,data/nutrition5k_dataset/imagery/realsense_overhead/dish_1558722665/rgb.png,15.0,60.0,0.18000000715255737,3.0,1.0800000429153442
train,dish_1561578623,data/nutrition5k_dataset/imagery/realsense_overhead/dish_1561578623/rgb.png,208.51483154296875,208.0,10.297771453857422,13.109112739562988,15.945777893066406
train,dish_1564160161,data/nutrition5k_dataset/imagery/realsense_overhead/dish_1564160161/rgb.png,242.5,97.0,1.4550000429153442,47.53000259399414,9.79699993133545
train,dish_1565210037,data/nutrition5k_dataset/imagery/realsense_overhead/dish_1565210037/rgb.png,291.81622314453125,346.0,8.348126411437988,42.82131576538086,14.077192306518555
train,dish_1562958775,data/nutrition5k_dataset/imagery/realsense_overhead/dish_1562958775/rgb.png,227.1827850341797,251.0,11.121790885925293,29.460529327392578,3.6909520626068115
train,dish_1565812116,data/nutrition5k_dataset/imagery/realsense_overhead/dish_1565812116/rgb.png,44.44017028808594,36.0,4.222878932952881,1.4494680166244507,0.8639460206031799
train,dish_1563395374,data/nutrition5k_dataset/imagery/realsense_overhead/dish_1563395374/rgb.png,158.33349609375,84.0,5.430934906005859,21.049205780029297,6.314544200897217
train,dish_1567629081,data/nutrition5k_dataset/imagery/realsense_overhead/dish_1567629081/rgb.png,239.30999755859375,90.0,8.460000038146973,30.150001525878906,10.079999923706055
train,dish_1562785159,data/nutrition5k_dataset/imagery/realsense_overhead/dish_1562785159/rgb.png,265.66265869140625,315.0,27.183799743652344,15.681797981262207,32.89155578613281
train,dish_1563565720,data/nutrition5k_dataset/imagery/realsense_overhead/dish_1563565720/rgb.png,84.66278076171875,149.0,7.843437194824219,4.980220794677734,11.324039459228516
train,dish_1564502063,data/nutrition5k_dataset/imagery/realsense_overhead/dish_1564502063/rgb.png,497.719970703125,92.0,38.63999938964844,1.2879999876022339,34.040000915527344
train,dish_1558724723,data/nutrition5k_dataset/imagery/realsense_overhead/dish_1558724723/rgb.png,39.20000076293945,112.0,0.4480000138282776,7.840000152587891,2.687999963760376
train,dish_1565107119,data/nutrition5k_dataset/imagery/realsense_overhead/dish_1565107119/rgb.png,426.3746337890625,562.0,13.054048538208008,24.603952407836914,45.55121994018555
train,dish_1561049409,data/nutrition5k_dataset/imagery/realsense_overhead/dish_1561049409/rgb.png,317.7799987792969,197.0,22.3070011138916,8.418000221252441,20.341999053955078
train,dish_1562775488,data/nutrition5k_dataset/imagery/realsense_overhead/dish_1562775488/rgb.png,91.23999786376953,145.0,0.15800000727176666,12.433000564575195,8.5600004196167
train,dish_1561739649,data/nutrition5k_dataset/imagery/realsense_overhead/dish_1561739649/rgb.png,208.23355102539062,388.0,3.843096971511841,39.756126403808594,8.455999374389648
train,dish_1566415591,data/nutrition5k_dataset/imagery/realsense_overhead/dish_1566415591/rgb.png,214.78077697753906,316.0,16.906707763671875,18.461990356445312,16.844491958618164
train,dish_1558642490,data/nutrition5k_dataset/imagery/realsense_overhead/dish_1558642490/rgb.png,61.95000076293945,187.0,0.4659999907016754,14.100000381469727,2.510999917984009
train,dish_1562788010,data/nutrition5k_dataset/imagery/realsense_overhead/dish_1562788010/rgb.png,67.6435317993164,182.0,1.845234990119934,11.571823120117188,2.979530096054077
train,dish_1565379320,data/nutrition5k_dataset/imagery/realsense_overhead/dish_1565379320/rgb.png,404.0110168457031,247.0,17.782283782958984,26.480632781982422,33.4317512512207
train,dish_1561663914,data/nutrition5k_dataset/imagery/realsense_overhead/dish_1561663914/rgb.png,257.3988342285156,205.0,10.542969703674316,20.362743377685547,21.90077018737793
train,dish_1565196260,data/nutrition5k_dataset/imagery/realsense_overhead/dish_1565196260/rgb.png,74.36000061035156,143.0,0.28600001335144043,1.0010000467300415,14.300000190734863
train,dish_1563307575,data/nutrition5k_dataset/imagery/realsense_overhead/dish_1563307575/rgb.png,671.08203125,419.0,38.148250579833984,25.06155014038086,53.93972396850586
train,dish_1563304333,data/nutrition5k_dataset/imagery/realsense_overhead/dish_1563304333/rgb.png,451.2356872558594,308.0,16.554086685180664,26.734760284423828,47.08628845214844
train,dish_1558640008,data/nutrition5k_dataset/imagery/realsense_overhead/dish_1558640008/rgb.png,552.4900512695312,212.0,44.79399871826172,27.812000274658203,21.194000244140625
train,dish_1560270630,data/nutrition5k_dataset/imagery/realsense_overhead/dish_1560270630/rgb.png,120.56000518798828,215.0,0.18000000715255737,29.43600082397461,1.6460000276565552
train,dish_1563822663,data/nutrition5k_dataset/imagery/realsense_overhead/dish_1563822663/rgb.png,303.099365234375,317.0,13.864150047302246,24.23296546936035,22.03433609008789
train,dish_1558639673,data/nutrition5k_dataset/imagery/realsense_overhead/dish_1558639673/rgb.png,16.020000457763672,89.0,0.17800000309944153,3.4709999561309814,0.8009999990463257
train,dish_1560788338,data/nutrition5k_dataset/imagery/realsense_overhead/dish_1560788338/rgb.png,71.26899719238281,121.0,0.48399999737739563,4.355999946594238,12.100000381469727
train,dish_1563206601,data/nutrition5k_dataset/imagery/realsense_overhead/dish_1563206601/rgb.png,293.79766845703125,337.0,9.194207191467285,17.494773864746094,30.9809627532959
train,dish_1558462531,data/nutrition5k_dataset/imagery/realsense_overhead/dish_1558462531/rgb.png,12.960000991821289,72.0,0.14399999380111694,2.808000087738037,0.6480000019073486
train,dish_1564761457,data/nutrition5k_dataset/imagery/realsense_overhead/dish_1564761457/rgb.png,287.3059997558594,223.0,8.244999885559082,30.388999938964844,21.170000076293945
train,dish_1564516454,data/nutrition5k_dataset/imagery/realsense_overhead/dish_1564516454/rgb.png,311.1429748535156,266.0,20.70989227294922,9.269392013549805,43.55399703979492
train,dish_1568060697,data/nutrition5k_dataset/imagery/realsense_overhead/dish_1568060697/rgb.png,133.8800048828125,161.0,9.880001068115234,12.232999801635742,3.0179998874664307
train,dish_1568649312,data/nutrition5k_dataset/imagery/realsense_overhead/dish_1568649312/rgb.png,44.459999084472656,78.0,0.23399999737739563,10.920000076293945,0.5460000038146973
train,dish_1560799277,data/nutrition5k_dataset/imagery/realsense_overhead/dish_1560799277/rgb.png,111.02000427246094,73.0,3.7330000400543213,14.729999542236328,4.934000015258789
train,dish_1563294522,data/nutrition5k_dataset/imagery/realsense_overhead/dish_1563294522/rgb.png,250.96566772460938,400.0,4.80739688873291,53.672115325927734,2.934019088745117
train,dish_1563305005,data/nutrition5k_dataset/imagery/realsense_overhead/dish_1563305005/rgb.png,1003.9488525390625,720.0,35.68155288696289,23.7257080078125,142.64938354492188
train,dish_1565382803,data/nutrition5k_dataset/imagery/realsense_overhead/dish_1565382803/rgb.png,359.4085693359375,177.0,15.26175308227539,43.12968444824219,13.36673641204834
train,dish_1562602945,data/nutrition5k_dataset/imagery/realsense_overhead/dish_1562602945/rgb.png,308.3722839355469,492.0,6.017155170440674,45.24925231933594,19.971214294433594
train,dish_1563913588,data/nutrition5k_dataset/imagery/realsense_overhead/dish_1563913588/rgb.png,180.81199645996094,68.0,6.392000198364258,22.780000686645508,7.616000175476074
train,dish_1563389413,data/nutrition5k_dataset/imagery/realsense_overhead/dish_1563389413/rgb.png,34.64999771118164,99.0,0.3959999978542328,6.929999828338623,2.375999927520752
train,dish_1565808975,data/nutrition5k_dataset/imagery/realsense_overhead/dish_1565808975/rgb.png,35.720001220703125,130.0,0.20399999618530273,7.926000118255615,1.281999945640564
train,dish_1563911185,data/nutrition5k_dataset/imagery/realsense_overhead/dish_1563911185/rgb.png,159.80917358398438,133.0,5.896483898162842,7.845087051391602,18.499710083007812
train,dish_1561752509,data/nutrition5k_dataset/imagery/realsense_overhead/dish_1561752509/rgb.png,321.4820251464844,224.0,16.37807846069336,18.14842414855957,25.445457458496094
train,dish_1558641989,data/nutrition5k_dataset/imagery/realsense_overhead/dish_1558641989/rgb.png,13.75,55.0,0.16500000655651093,2.75,0.9900000095367432
train,dish_1563996279,data/nutrition5k_dataset/imagery/realsense_overhead/dish_1563996279/rgb.png,98.49002075195312,278.0,1.8937410116195679,19.736820220947266,3.910172939300537
train,dish_1558544427,data/nutrition5k_dataset/imagery/realsense_overhead/dish_1558544427/rgb.png,160.1649932861328,103.0,10.8149995803833,1.2359999418258667,12.875
train,dish_1561576652,data/nutrition5k_dataset/imagery/realsense_overhead/dish_1561576652/rgb.png,91.42440795898438,322.0,2.7207210063934326,15.119775772094727,4.161612033843994
train,dish_1562611649,data/nutrition5k_dataset/imagery/realsense_overhead/dish_1562611649/rgb.png,278.4889831542969,146.0,17.10179901123047,20.045015335083008,12.508037567138672
train,dish_1564073860,data/nutrition5k_dataset/imagery/realsense_overhead/dish_1564073860/rgb.png,492.30999755859375,91.0,38.21999740600586,1.2740000486373901,33.67000198364258
train,dish_1563305982,data/nutrition5k_dataset/imagery/realsense_overhead/dish_1563305982/rgb.png,273.6308898925781,225.0,13.750449180603027,14.913704872131348,23.238264083862305
train,dish_1559841023,data/nutrition5k_dataset/imagery/realsense_overhead/dish_1559841023/rgb.png,73.5999984741211,46.0,4.599999904632568,1.3799999952316284,6.440000057220459
train,dish_1563479625,data/nutrition5k_dataset/imagery/realsense_overhead/dish_1563479625/rgb.png,202.64923095703125,214.0,9.457832336425781,15.650262832641602,15.18923282623291
train,dish_1558460205,data/nutrition5k_dataset/imagery/realsense_overhead/dish_1558460205/rgb.png,1.840000033378601,8.0,0.03200000151991844,0.2879999876022339,0.23199999332427979
train,dish_1566922978,data/nutrition5k_dataset/imagery/realsense_overhead/dish_1566922978/rgb.png,124.31999969482422,84.0,9.239999771118164,1.343999981880188,8.40000057220459
train,dish_1565036922,data/nutrition5k_dataset/imagery/realsense_overhead/dish_1565036922/rgb.png,539.8646850585938,336.0,24.062843322753906,42.20792770385742,37.02507781982422
train,dish_1559059924,data/nutrition5k_dataset/imagery/realsense_overhead/dish_1559059924/rgb.png,108.19999694824219,20.0,8.399999618530273,0.2800000011920929,7.400000095367432
train,dish_1563207406,data/nutrition5k_dataset/imagery/realsense_overhead/dish_1563207406/rgb.png,372.0700378417969,443.0,14.062000274658203,46.75299835205078,15.986001014709473
train,dish_1558116399,data/nutrition5k_dataset/imagery/realsense_overhead/dish_1558116399/rgb.png,7.0,25.0,0.10000000149011612,1.3250000476837158,0.550000011920929
train,dish_1561576590,data/nutrition5k_dataset/imagery/realsense_overhead/dish_1561576590/rgb.png,29.231468200683594,101.0,1.2951910495758057,3.387423038482666,0.8966709971427917
train,dish_1566502033,data/nutrition5k_dataset/imagery/realsense_overhead/dish_1566502033/rgb.png,136.2177734375,253.0,6.5028300285339355,19.129268646240234,4.831683158874512
train,dish_1558457665,data/nutrition5k_dataset/imagery/realsense_overhead/dish_1558457665/rgb.png,273.2049865722656,325.0,11.987000465393066,24.532001495361328,16.386999130249023
train,dish_1566847454,data/nutrition5k_dataset/imagery/realsense_overhead/dish_1566847454/rgb.png,346.7474365234375,210.0,16.62015151977539,20.65892219543457,27.281824111938477
train,dish_1558642420,data/nutrition5k_dataset/imagery/realsense_overhead/dish_1558642420/rgb.png,38.95000076293945,95.0,0.1899999976158142,9.5,0.8550000190734863
train,dish_1561575506,data/nutrition5k_dataset/imagery/realsense_overhead/dish_1561575506/rgb.png,562.0432739257812,393.0,30.3398380279541,23.645261764526367,45.89109802246094
train,dish_1561060613,data/nutrition5k_dataset/imagery/realsense_overhead/dish_1561060613/rgb.png,323.6732482910156,304.0,11.623274803161621,30.93905258178711,25.28683853149414
train,dish_1562096973,data/nutrition5k_dataset/imagery/realsense_overhead/dish_1562096973/rgb.png,348.9996643066406,350.0,34.642704010009766,17.928936004638672,39.41120910644531
train,dish_1565727765,data/nutrition5k_dataset/imagery/realsense_overhead/dish_1565727765/rgb.png,26.31999969482422,77.0,0.30799999833106995,5.236999988555908,1.8300000429153442
train,dish_1559844030,data/nutrition5k_dataset/imagery/realsense_overhead/dish_1559844030/rgb.png,25.410001754760742,77.0,0.23100000619888306,6.159999847412109,0.5389999747276306
train,dish_1560356523,data/nutrition5k_dataset/imagery/realsense_overhead/dish_1560356523/rgb.png,497.719970703125,92.0,38.63999938964844,1.2879999876022339,34.040000915527344
train,dish_1562958563,data/nutrition5k_dataset/imagery/realsense_overhead/dish_1562958563/rgb.png,130.83999633789062,68.0,9.767000198364258,2.686000108718872,8.157999992370605
train,dish_1560455000,data/nutrition5k_dataset/imagery/realsense_overhead/dish_1560455000/rgb.png,12.80000114440918,84.0,0.10999999940395355,2.7249999046325684,0.7850000262260437
train,dish_1558114523,data/nutrition5k_dataset/imagery/realsense_overhead/dish_1558114523/rgb.png,104.05799865722656,18.0,8.90999984741211,4.085999965667725,4.0320000648498535
train,dish_1561491154,data/nutrition5k_dataset/imagery/realsense_overhead/dish_1561491154/rgb.png,166.13746643066406,158.0,18.455791473388672,5.6143341064453125,18.30133819580078
train,dish_1562702813,data/nutrition5k_dataset/imagery/realsense_overhead/dish_1562702813/rgb.png,41.05144500732422,59.0,3.4697020053863525,2.070020914077759,0.9778940081596375
train,dish_1562789268,data/nutrition5k_dataset/imagery/realsense_overhead/dish_1562789268/rgb.png,569.5115356445312,350.0,22.733551025390625,64.75682830810547,32.585655212402344
train,dish_1568405183,data/nutrition5k_dataset/imagery/realsense_overhead/dish_1568405183/rgb.png,72.40283203125,64.0,6.906352996826172,2.248366117477417,1.3649150133132935
train,dish_1568664972,data/nutrition5k_dataset/imagery/realsense_overhead/dish_1568664972/rgb.png,303.4222412109375,221.0,14.751797676086426,11.02965259552002,31.216144561767578
train,dish_1562788760,data/nutrition5k_dataset/imagery/realsense_overhead/dish_1562788760/rgb.png,331.3244934082031,178.0,23.029417037963867,6.902499198913574,33.741703033447266
train,dish_1556573514,data/nutrition5k_dataset/imagery/realsense_overhead/dish_1556573514/rgb.png,6.440000057220459,23.0,0.09200000017881393,1.218999981880188,0.5059999823570251
train,dish_1558632233,data/nutrition5k_dataset/imagery/realsense_overhead/dish_1558632233/rgb.png,122.60400390625,193.0,2.7139999866485596,23.711999893188477,4.486000061035156
train,dish_1563897837,data/nutrition5k_dataset/imagery/realsense_overhead/dish_1563897837/rgb.png,118.47000122070312,304.0,0.7089999914169312,29.56800079345703,1.9249999523162842
train,dish_1568044634,data/nutrition5k_dataset/imagery/realsense_overhead/dish_1568044634/rgb.png,413.1933898925781,789.0,4.1528778076171875,38.54212188720703,49.52495193481445
train,dish_1559678146,data/nutrition5k_dataset/imagery/realsense_overhead/dish_1559678146/rgb.png,348.57666015625,284.0,21.192874908447266,13.254405975341797,26.293561935424805
train,dish_1565021185,data/nutrition5k_dataset/imagery/realsense_overhead/dish_1565021185/rgb.png,481.50341796875,296.0,28.395675659179688,30.14734649658203,26.92180824279785
train,dish_1560356314,data/nutrition5k_dataset/imagery/realsense_overhead/dish_1560356314/rgb.png,30.54494285583496,27.0,2.9136180877685547,0.9485290050506592,0.5758240222930908
train,dish_1559844951,data/nutrition5k_dataset/imagery/realsense_overhead/dish_1559844951/rgb.png,274.33599853515625,122.0,17.9060001373291,22.79199981689453,9.784000396728516
train,dish_1561662458,data/nutrition5k_dataset/imagery/realsense_overhead/dish_1561662458/rgb.png,124.81549835205078,119.0,4.855836868286133,21.05518341064453,3.202388048171997
train,dish_1562183096,data/nutrition5k_dataset/imagery/realsense_overhead/dish_1562183096/rgb.png,41.18898010253906,95.0,2.571043014526367,3.2802600860595703,2.8049700260162354
train,dish_1565378770,data/nutrition5k_dataset/imagery/realsense_overhead/dish_1565378770/rgb.png,319.2803649902344,287.0,11.794086456298828,36.28093719482422,19.016382217407227
train,dish_1563910137,data/nutrition5k_dataset/imagery/realsense_overhead/dish_1563910137/rgb.png,131.28321838378906,141.0,8.90381908416748,11.98685359954834,2.5295569896698
train,dish_1568061174,data/nutrition5k_dataset/imagery/realsense_overhead/dish_1568061174/rgb.png,232.5532684326172,287.0,7.069138050079346,34.983978271484375,7.866787910461426
train,dish_1562874250,data/nutrition5k_dataset/imagery/realsense_overhead/dish_1562874250/rgb.png,394.4400329589844,393.0,42.485679626464844,17.784488677978516,43.56980895996094
train,dish_1558115512,data/nutrition5k_dataset/imagery/realsense_overhead/dish_1558115512/rgb.png,434.1960144042969,126.0,34.39799880981445,5.291999816894531,24.31800079345703
train,dish_1558628711,data/nutrition5k_dataset/imagery/realsense_overhead/dish_1558628711/rgb.png,129.0644989013672,129.0,0.1289999932050705,30.572999954223633,1.6770000457763672
train,dish_1561576916,data/nutrition5k_dataset/imagery/realsense_overhead/dish_1561576916/rgb.png,78.45768737792969,98.0,6.535353183746338,4.772039890289307,1.6847070455551147
train,dish_1563563467,data/nutrition5k_dataset/imagery/realsense_overhead/dish_1563563467/rgb.png,40.750244140625,119.0,3.134634017944336,2.5541470050811768,1.7414629459381104
train,dish_1565208637,data/nutrition5k_dataset/imagery/realsense_overhead/dish_1565208637/rgb.png,250.1879425048828,305.0,8.24254322052002,32.1102294921875,14.171419143676758
train,dish_1559239985,data/nutrition5k_dataset/imagery/realsense_overhead/dish_1559239985/rgb.png,116.11600494384766,203.0,0.2029999941587448,30.855998992919922,0.8119999766349792
train,dish_1566931140,data/nutrition5k_dataset/imagery/realsense_overhead/dish_1566931140/rgb.png,126.70000457763672,199.0,8.97599983215332,12.229999542236328,3.696000099182129
train,dish_1562615153,data/nutrition5k_dataset/imagery/realsense_overhead/dish_1562615153/rgb.png,468.2024230957031,286.0,29.0687313079834,15.152088165283203,36.83327102661133
train,dish_1564000459,data/nutrition5k_dataset/imagery/realsense_overhead/dish_1564000459/rgb.png,485.1864929199219,217.0,16.882003784179688,44.99564743041992,36.45386505126953
train,dish_1558725621,data/nutrition5k_dataset/imagery/realsense_overhead/dish_1558725621/rgb.png,349.22003173828125,223.0,25.268999099731445,23.76000213623047,15.818000793457031
train,dish_1561751897,data/nutrition5k_dataset/imagery/realsense_overhead/dish_1561751897/rgb.png,354.0209045410156,199.0,17.96136474609375,7.834482192993164,36.955650329589844
train,dish_1560369102,data/nutrition5k_dataset/imagery/realsense_overhead/dish_1560369102/rgb.png,69.73857116699219,121.0,5.188933849334717,4.877474784851074,2.5742340087890625
train,dish_1558630488,data/nutrition5k_dataset/imagery/realsense_overhead/dish_1558630488/rgb.png,29.920000076293945,88.0,0.17599999904632568,7.039999961853027,0.7039999961853027
train,dish_1562603867,data/nutrition5k_dataset/imagery/realsense_overhead/dish_1562603867/rgb.png,1049.1173095703125,369.0,74.49664306640625,66.26919555664062,32.18400192260742
train,dish_1562605411,data/nutrition5k_dataset/imagery/realsense_overhead/dish_1562605411/rgb.png,336.4928283691406,363.0,18.62028694152832,26.05026626586914,17.566743850708008
train,dish_1558640039,data/nutrition5k_dataset/imagery/realsense_overhead/dish_1558640039/rgb.png,40.18000030517578,98.0,0.19599999487400055,9.800000190734863,0.8820000290870667
train,dish_1561654707,data/nutrition5k_dataset/imagery/realsense_overhead/dish_1561654707/rgb.png,199.8000030517578,135.0,14.850000381469727,2.1600000858306885,13.5
train,dish_1559238608,data/nutrition5k_dataset/imagery/realsense_overhead/dish_1559238608/rgb.png,237.364013671875,438.0,0.656000018119812,61.20399856567383,2.7139999866485596
train,dish_1563909951,data/nutrition5k_dataset/imagery/realsense_overhead/dish_1563909951/rgb.png,180.60264587402344,188.0,15.63125228881836,9.266831398010254,3.6636641025543213
train,dish_1563812535,data/nutrition5k_dataset/imagery/realsense_overhead/dish_1563812535/rgb.png,298.89300537109375,266.0,14.202999114990234,3.0380001068115234,35.95899963378906
train,dish_1559244649,data/nutrition5k_dataset/imagery/realsense_overhead/dish_1559244649/rgb.png,906.7610473632812,455.0,40.26518249511719,51.68885803222656,83.27508544921875
train,dish_1558636928,data/nutrition5k_dataset/imagery/realsense_overhead/dish_1558636928/rgb.png,16.020000457763672,89.0,0.17800000309944153,3.4709999561309814,0.8009999990463257
train,dish_1563564797,data/nutrition5k_dataset/imagery/realsense_overhead/dish_1563564797/rgb.png,411.26446533203125,310.0,24.77956199645996,30.171245574951172,32.680633544921875
train,dish_1564073677,data/nutrition5k_dataset/imagery/realsense_overhead/dish_1564073677/rgb.png,108.96780395507812,92.0,5.668292999267578,9.771707534790039,4.507317066192627
train,dish_1560527225,data/nutrition5k_dataset/imagery/realsense_overhead/dish_1560527225/rgb.png,937.7893676757812,503.0,65.74591064453125,31.893577575683594,52.88043975830078
train,dish_1558115825,data/nutrition5k_dataset/imagery/realsense_overhead/dish_1558115825/rgb.png,42.779998779296875,62.0,0.12399999797344208,11.160000801086426,0.4339999854564667
train,dish_1560455380,data/nutrition5k_dataset/imagery/realsense_overhead/dish_1560455380/rgb.png,60.9716796875,78.0,4.982588768005371,3.574773073196411,1.7471259832382202
train,dish_1561060976,data/nutrition5k_dataset/imagery/realsense_overhead/dish_1561060976/rgb.png,265.50726318359375,266.0,11.45455265045166,14.35657024383545,28.171125411987305
train,dish_1558725702,data/nutrition5k_dataset/imagery/realsense_overhead/dish_1558725702/rgb.png,50.310001373291016,117.0,0.35100001096725464,10.530000686645508,3.9779999256134033
train,dish_1559243139,data/nutrition5k_dataset/imagery/realsense_overhead/dish_1559243139/rgb.png,26.053924560546875,53.0,0.6270520091056824,5.22792911529541,0.470892995595932
train,dish_1565726812,data/nutrition5k_dataset/imagery/realsense_overhead/dish_1565726812/rgb.png,36.209754943847656,65.0,1.8390239477157593,4.439023971557617,1.5219509601593018
train,dish_1560370114,data/nutrition5k_dataset/imagery/realsense_overhead/dish_1560370114/rgb.png,7.955999851226807,39.0,0.039000000804662704,1.5210000276565552,0.8579999804496765
train,dish_1565813446,data/nutrition5k_dataset/imagery/realsense_overhead/dish_1565813446/rgb.png,202.67697143554688,230.0,15.872236251831055,5.988800048828125,14.168725967407227
train,dish_1560444724,data/nutrition5k_dataset/imagery/realsense_overhead/dish_1560444724/rgb.png,113.2800064086914,343.0,0.5130000114440918,28.489999771118164,1.8849999904632568
train,dish_1562947436,data/nutrition5k_dataset/imagery/realsense_overhead/dish_1562947436/rgb.png,282.38201904296875,242.0,14.619999885559082,28.053998947143555,11.220000267028809
train,dish_1559667973,data/nutrition5k_dataset/imagery/realsense_overhead/dish_1559667973/rgb.png,334.46002197265625,179.0,17.979999542236328,24.923002243041992,17.512399673461914
train,dish_1559841808,data/nutrition5k_dataset/imagery/realsense_overhead/dish_1559841808/rgb.png,73.11000061035156,96.0,0.5699999928474426,17.3799991607666,1.2899999618530273
train,dish_1561662501,data/nutrition5k_dataset/imagery/realsense_overhead/dish_1561662501/rgb.png,158.3955078125,165.0,7.063837051391602,21.92918586730957,6.882387161254883
train,dish_1562086595,data/nutrition5k_dataset/imagery/realsense_overhead/dish_1562086595/rgb.png,308.6029968261719,324.0,15.132999420166016,26.694000244140625,18.139999389648438
train,dish_1563555510,data/nutrition5k_dataset/imagery/realsense_overhead/dish_1563555510/rgb.png,193.8800048828125,131.0,14.40999984741211,2.0959999561309814,13.100000381469727
train,dish_1561666875,data/nutrition5k_dataset/imagery/realsense_overhead/dish_1561666875/rgb.png,443.86297607421875,359.0,17.977985382080078,49.33295822143555,26.684473037719727
train,dish_1564605293,data/nutrition5k_dataset/imagery/realsense_overhead/dish_1564605293/rgb.png,404.1679992675781,152.0,14.287999153137207,50.92000198364258,17.02400016784668
train,dish_1566500988,data/nutrition5k_dataset/imagery/realsense_overhead/dish_1566500988/rgb.png,21.329999923706055,63.0,0.17599999904632568,4.699999809265137,1.0670000314712524
train,dish_1559667948,data/nutrition5k_dataset/imagery/realsense_overhead/dish_1559667948/rgb.png,153.90000915527344,57.0,4.559999942779541,22.97100257873535,5.312399864196777
train,dish_1563908957,data/nutrition5k_dataset/imagery/realsense_overhead/dish_1563908957/rgb.png,73.87274932861328,159.0,3.5728249549865723,8.023750305175781,4.408850193023682
train,dish_1558628760,data/nutrition5k_dataset/imagery/realsense_overhead/dish_1558628760/rgb.png,231.3144989013672,198.0,5.756999969482422,38.595001220703125,6.879000186920166
train,dish_1565898511,data/nutrition5k_dataset/imagery/realsense_overhead/dish_1565898511/rgb.png,57.15999984741211,102.0,4.4039998054504395,4.938000202178955,0.878000020980835
train,dish_1567024066,data/nutrition5k_dataset/imagery/realsense_overhead/dish_1567024066/rgb.png,228.6739959716797,86.0,8.083999633789062,28.810001373291016,9.631999969482422
train,dish_1559845767,data/nutrition5k_dataset/imagery/realsense_overhead/dish_1559845767/rgb.png,236.2320098876953,375.0,0.48100000619888306,58.01199722290039,3.6480000019073486
train,dish_1565369938,data/nutrition5k_dataset/imagery/realsense_overhead/dish_1565369938/rgb.png,167.70999145507812,31.0,13.020000457763672,0.4339999854564667,11.470000267028809
train,dish_1559240987,data/nutrition5k_dataset/imagery/realsense_overhead/dish_1559240987/rgb.png,25.070756912231445,51.0,0.6033899784088135,5.030649185180664,0.4531239867210388
train,dish_1565194823,data/nutrition5k_dataset/imagery/realsense_overhead/dish_1565194823/rgb.png,386.59552001953125,619.0,4.763720989227295,40.72761917114258,39.960121154785156
train,dish_1558725353,data/nutrition5k_dataset/imagery/realsense_overhead/dish_1558725353/rgb.png,40.42000198364258,94.0,0.28200000524520874,8.460000038146973,3.196000099182129
train,dish_1566849295,data/nutrition5k_dataset/imagery/realsense_overhead/dish_1566849295/rgb.png,348.75201416015625,239.0,26.828001022338867,14.869999885559082,16.992000579833984
train,dish_1567106594,data/nutrition5k_dataset/imagery/realsense_overhead/dish_1567106594/rgb.png,15.84000015258789,88.0,0.17599999904632568,3.431999921798706,0.7919999957084656
train,dish_1561576320,data/nutrition5k_dataset/imagery/realsense_overhead/dish_1561576320/rgb.png,494.79754638671875,383.0,24.312891006469727,27.52080726623535,41.56111145019531
train,dish_1566414891,data/nutrition5k_dataset/imagery/realsense_overhead/dish_1566414891/rgb.png,213.99417114257812,163.0,15.956648826599121,16.04904556274414,3.587757110595703
train,dish_1558724891,data/nutrition5k_dataset/imagery/realsense_overhead/dish_1558724891/rgb.png,83.7199935913086,161.0,0.32199999690055847,22.540000915527344,0.4830000102519989
train,dish_1561574974,data/nutrition5k_dataset/imagery/realsense_overhead/dish_1561574974/rgb.png,50.13019561767578,152.0,1.7882349491119385,8.792157173156738,1.4901959896087646
train,dish_1558718088,data/nutrition5k_dataset/imagery/realsense_overhead/dish_1558718088/rgb.png,219.41998291015625,405.0,2.88700008392334,50.61000061035156,5.570000171661377
train,dish_1558719514,data/nutrition5k_dataset/imagery/realsense_overhead/dish_1558719514/rgb.png,433.2850036621094,430.0,24.713001251220703,49.69599533081055,14.859000205993652
train,dish_1562960472,data/nutrition5k_dataset/imagery/realsense_overhead/dish_1562960472/rgb.png,139.97000122070312,166.0,6.729000091552734,16.590999603271484,4.552999973297119
train,dish_1562170356,data/nutrition5k_dataset/imagery/realsense_overhead/dish_1562170356/rgb.png,385.333984375,432.0,14.28499984741211,55.529998779296875,12.788000106811523
train,dish_1563393182,data/nutrition5k_dataset/imagery/realsense_overhead/dish_1563393182/rgb.png,35.230003356933594,193.0,0.43266698718070984,6.652667045593262,2.4806671142578125
train,dish_1564775216,data/nutrition5k_dataset/imagery/realsense_overhead/dish_1564775216/rgb.png,530.596923828125,340.0,33.64835739135742,15.705272674560547,40.410911560058594
train,dish_1565798591,data/nutrition5k_dataset/imagery/realsense_overhead/dish_1565798591/rgb.png,148.11572265625,224.0,7.4088358879089355,6.33827018737793,13.45478343963623
train,dish_1568666000,data/nutrition5k_dataset/imagery/realsense_overhead/dish_1568666000/rgb.png,209.9349822998047,197.0,7.829318046569824,25.612117767333984,10.612808227539062
train,dish_1568666061,data/nutrition5k_dataset/imagery/realsense_overhead/dish_1568666061/rgb.png,260.4340515136719,253.0,9.433979988098145,29.812946319580078,15.994324684143066
train,dish_1567110811,data/nutrition5k_dataset/imagery/realsense_overhead/dish_1567110811/rgb.png,537.9879760742188,282.0,31.2434139251709,21.50791358947754,39.921241760253906
train,dish_1562698276,data/nutrition5k_dataset/imagery/realsense_overhead/dish_1562698276/rgb.png,434.5831604003906,307.0,16.90467643737793,35.996620178222656,31.992000579833984
train,dish_1561749778,data/nutrition5k_dataset/imagery/realsense_overhead/dish_1561749778/rgb.png,334.52789306640625,340.0,15.126813888549805,15.891819953918457,32.94149398803711
train,dish_1564083508,data/nutrition5k_dataset/imagery/realsense_overhead/dish_1564083508/rgb.png,276.2619934082031,225.0,18.44700050354004,6.014999866485596,22.819997787475586
train,dish_1565382733,data/nutrition5k_dataset/imagery/realsense_overhead/dish_1565382733/rgb.png,287.6399841308594,102.0,12.239999771118164,32.63999938964844,12.239999771118164
train,dish_1561580659,data/nutrition5k_dataset/imagery/realsense_overhead/dish_1561580659/rgb.png,754.3535766601562,480.0,43.80166244506836,16.297264099121094,68.89067840576172
train,dish_1567542986,data/nutrition5k_dataset/imagery/realsense_overhead/dish_1567542986/rgb.png,605.8563232421875,498.0,24.521738052368164,62.9597282409668,34.741641998291016
train,dish_1561406817,data/nutrition5k_dataset/imagery/realsense_overhead/dish_1561406817/rgb.png,273.38543701171875,243.0,0.9590910077095032,57.74240493774414,6.795967102050781
train,dish_1563302447,data/nutrition5k_dataset/imagery/realsense_overhead/dish_1563302447/rgb.png,561.4170532226562,440.0,27.385805130004883,31.36202049255371,48.12287521362305
train,dish_1568044581,data/nutrition5k_dataset/imagery/realsense_overhead/dish_1568044581/rgb.png,386.2234191894531,696.0,3.9668779373168945,32.40412139892578,48.12995147705078
train,dish_1563391375,data/nutrition5k_dataset/imagery/realsense_overhead/dish_1563391375/rgb.png,84.2837142944336,139.0,7.774208068847656,5.039431095123291,8.28532600402832
train,dish_1563475953,data/nutrition5k_dataset/imagery/realsense_overhead/dish_1563475953/rgb.png,427.4469909667969,453.0,15.452143669128418,37.594398498535156,34.205318450927734
train,dish_1558722398,data/nutrition5k_dataset/imagery/realsense_overhead/dish_1558722398/rgb.png,83.7199935913086,161.0,0.32199999690055847,22.540000915527344,0.4830000102519989
train,dish_1561665706,data/nutrition5k_dataset/imagery/realsense_overhead/dish_1561665706/rgb.png,386.3489685058594,228.0,8.670000076293945,61.51000213623047,18.429000854492188
train,dish_1563555072,data/nutrition5k_dataset/imagery/realsense_overhead/dish_1563555072/rgb.png,165.760009765625,112.0,12.319999694824219,1.7920000553131104,11.199999809265137
train,dish_1562946106,data/nutrition5k_dataset/imagery/realsense_overhead/dish_1562946106/rgb.png,578.9639892578125,359.0,41.86199951171875,16.79599952697754,33.00600051879883
train,dish_1565203094,data/nutrition5k_dataset/imagery/realsense_overhead/dish_1565203094/rgb.png,898.0196533203125,485.0,27.678380966186523,37.98381042480469,116.73555755615234
train,dish_1565021104,data/nutrition5k_dataset/imagery/realsense_overhead/dish_1565021104/rgb.png,291.30902099609375,197.0,13.95300006866455,25.591001510620117,16.74700164794922
train,dish_1561752481,data/nutrition5k_dataset/imagery/realsense_overhead/dish_1561752481/rgb.png,297.97955322265625,169.0,14.982955932617188,15.41183853149414,25.069847106933594
train,dish_1566332040,data/nutrition5k_dataset/imagery/realsense_overhead/dish_1566332040/rgb.png,14.949999809265137,65.0,0.25999999046325684,2.3399999141693115,1.8849999904632568
train,dish_1558632990,data/nutrition5k_dataset/imagery/realsense_overhead/dish_1558632990/rgb.png,25.25,101.0,0.30300000309944153,5.050000190734863,1.8179999589920044
train,dish_1565898758,data/nutrition5k_dataset/imagery/realsense_overhead/dish_1565898758/rgb.png,612.9902954101562,612.0,12.79744815826416,21.753021240234375,98.40248107910156
train,dish_1558381840,data/nutrition5k_dataset/imagery/realsense_overhead/dish_1558381840/rgb.png,113.8499984741211,69.0,2.4839999675750732,0.0,21.389999389648438
train,dish_1559589902,data/nutrition5k_dataset/imagery/realsense_overhead/dish_1559589902/rgb.png,16.368000030517578,76.0,0.18400000035762787,2.640000104904175,2.1579999923706055
train,dish_1563221519,data/nutrition5k_dataset/imagery/realsense_overhead/dish_1563221519/rgb.png,379.96990966796875,206.0,13.54345417022705,32.18336486816406,32.26242446899414
train,dish_1558722871,data/nutrition5k_dataset/imagery/realsense_overhead/dish_1558722871/rgb.png,15.0,60.0,0.18000000715255737,3.0,1.0800000429153442
train,dish_1558638954,data/nutrition5k_dataset/imagery/realsense_overhead/dish_1558638954/rgb.png,89.01000213623047,129.0,0.257999986410141,23.220001220703125,0.902999997138977
train,dish_1560360055,data/nutrition5k_dataset/imagery/realsense_overhead/dish_1560360055/rgb.png,362.7340087890625,180.0,27.786998748779297,4.1539998054504395,22.55699920654297
train,dish_1562613974,data/nutrition5k_dataset/imagery/realsense_overhead/dish_1562613974/rgb.png,416.1966857910156,375.0,19.96321678161621,20.551164627075195,39.22914505004883
train,dish_1563827086,data/nutrition5k_dataset/imagery/realsense_overhead/dish_1563827086/rgb.png,199.0449981689453,175.0,7.690000057220459,23.58500099182129,10.0
train,dish_1558719097,data/nutrition5k_dataset/imagery/realsense_overhead/dish_1558719097/rgb.png,19.260000228881836,107.0,0.21400000154972076,4.172999858856201,0.9629999995231628
train,dish_1560527950,data/nutrition5k_dataset/imagery/realsense_overhead/dish_1560527950/rgb.png,23.100000381469727,77.0,0.15399999916553497,5.8520002365112305,0.4620000123977661
train,dish_1559844506,data/nutrition5k_dataset/imagery/realsense_overhead/dish_1559844506/rgb.png,98.95999908447266,180.0,0.45899999141693115,25.100000381469727,1.312000036239624
train,dish_1564086778,data/nutrition5k_dataset/imagery/realsense_overhead/dish_1564086778/rgb.png,645.8014526367188,437.0,25.345335006713867,65.73432922363281,41.44618606567383
train,dish_1561060787,data/nutrition5k_dataset/imagery/realsense_overhead/dish_1561060787/rgb.png,46.464847564697266,91.0,1.1643069982528687,8.069450378417969,3.046765089035034
train,dish_1557861837,data/nutrition5k_dataset/imagery/realsense_overhead/dish_1557861837/rgb.png,61.88399887084961,123.0,5.827000141143799,4.460000038146973,8.697999954223633
train,dish_1562699699,data/nutrition5k_dataset/imagery/realsense_overhead/dish_1562699699/rgb.png,372.11273193359375,217.0,19.353059768676758,20.778339385986328,26.857891082763672
train,dish_1562875241,data/nutrition5k_dataset/imagery/realsense_overhead/dish_1562875241/rgb.png,479.68951416015625,275.0,16.30300521850586,37.119998931884766,44.28763198852539
train,dish_1563897369,data/nutrition5k_dataset/imagery/realsense_overhead/dish_1563897369/rgb.png,117.01365661621094,179.0,2.395512104034424,23.020488739013672,1.5918049812316895
train,dish_1562173247,data/nutrition5k_dataset/imagery/realsense_overhead/dish_1562173247/rgb.png,290.5500183105469,149.0,17.8799991607666,17.8799991607666,13.261000633239746
train,dish_1561134128,data/nutrition5k_dataset/imagery/realsense_overhead/dish_1561134128/rgb.png,58.5,141.0,0.34200000762939453,14.555999755859375,0.906000018119812
train,dish_1562775275,data/nutrition5k_dataset/imagery/realsense_overhead/dish_1562775275/rgb.png,173.6800079345703,318.0,2.3519999980926514,35.91999816894531,4.636000156402588
train,dish_1561574215,data/nutrition5k_dataset/imagery/realsense_overhead/dish_1561574215/rgb.png,93.23548889160156,134.0,7.880340099334717,4.701405048370361,2.2209789752960205
train,dish_1562688382,data/nutrition5k_dataset/imagery/realsense_overhead/dish_1562688382/rgb.png,113.5999984741211,71.0,7.099999904632568,2.130000114440918,9.9399995803833
train,dish_1562173411,data/nutrition5k_dataset/imagery/realsense_overhead/dish_1562173411/rgb.png,638.2579956054688,159.0,50.16899871826172,5.389999866485596,38.829002380371094
train,dish_1561665747,data/nutrition5k_dataset/imagery/realsense_overhead/dish_1561665747/rgb.png,486.29608154296875,314.0,16.73269271850586,68.086181640625,19.93438148498535
train,dish_1560442374,data/nutrition5k_dataset/imagery/realsense_overhead/dish_1560442374/rgb.png,90.63700103759766,233.0,0.2329999953508377,21.202999114990234,1.1649999618530273
train,dish_1563898722,data/nutrition5k_dataset/imagery/realsense_overhead/dish_1563898722/rgb.png,343.3500061035156,303.0,23.472000122070312,9.870000839233398,23.23200035095215
train,dish_1564170967,data/nutrition5k_dataset/imagery/realsense_overhead/dish_1564170967/rgb.png,400.2021179199219,410.0,16.147165298461914,32.556522369384766,32.548370361328125
train,dish_1563910708,data/nutrition5k_dataset/imagery/realsense_overhead/dish_1563910708/rgb.png,786.2125854492188,555.0,36.17898941040039,26.496129989624023,83.00432586669922
train,dish_1559845370,data/nutrition5k_dataset/imagery/realsense_overhead/dish_1559845370/rgb.png,94.30999755859375,139.0,0.24500000476837158,21.510000228881836,2.1440000534057617
train,dish_1568048018,data/nutrition5k_dataset/imagery/realsense_overhead/dish_1568048018/rgb.png,496.8000183105469,287.0,36.139095306396484,8.263097763061523,34.610801696777344
train,dish_1560799647,data/nutrition5k_dataset/imagery/realsense_overhead/dish_1560799647/rgb.png,723.4099731445312,474.0,39.668941497802734,39.58759307861328,50.00764465332031
train,dish_1562169729,data/nutrition5k_dataset/imagery/realsense_overhead/dish_1562169729/rgb.png,25.530136108398438,50.0,0.6397290229797363,4.4337639808654785,1.6740469932556152
train,dish_1564169878,data/nutrition5k_dataset/imagery/realsense_overhead/dish_1564169878/rgb.png,732.513427734375,341.0,36.98609924316406,36.23247146606445,63.006412506103516
train,dish_1563305948,data/nutrition5k_dataset/imagery/realsense_overhead/dish_1563305948/rgb.png,207.36093139648438,178.0,10.554449081420898,6.453703880310059,22.251264572143555
train,dish_1563480476,data/nutrition5k_dataset/imagery/realsense_overhead/dish_1563480476/rgb.png,517.8970947265625,332.0,21.64109992980957,15.248222351074219,60.13534164428711
train,dish_1563984771,data/nutrition5k_dataset/imagery/realsense_overhead/dish_1563984771/rgb.png,582.8092041015625,388.0,38.25838851928711,17.855514526367188,41.124000549316406
train,dish_1565378680,data/nutrition5k_dataset/imagery/realsense_overhead/dish_1565378680/rgb.png,92.41864776611328,81.0,2.752427101135254,15.02038860321045,3.302912950515747
train,dish_1562688524,data/nutrition5k_dataset/imagery/realsense_overhead/dish_1562688524/rgb.png,215.3599853515625,242.0,8.564000129699707,25.31800079345703,11.302000045776367
train,dish_1560356627,data/nutrition5k_dataset/imagery/realsense_overhead/dish_1560356627/rgb.png,980.0479736328125,301.0,75.9739990234375,6.920000076293945,63.124000549316406
train,dish_1567023161,data/nutrition5k_dataset/imagery/realsense_overhead/dish_1567023161/rgb.png,141.6999969482422,134.0,6.124000072479248,5.0279998779296875,16.52400016784668
train,dish_1558725403,data/nutrition5k_dataset/imagery/realsense_overhead/dish_1558725403/rgb.png,289.0500183105469,50.0,24.75,11.350000381469727,11.200000762939453
train,dish_1559846073,data/nutrition5k_dataset/imagery/realsense_overhead/dish_1559846073/rgb.png,39.28999710083008,85.0,0.28700000047683716,9.130000114440918,1.1920000314712524
train,dish_1559060055,data/nutrition5k_dataset/imagery/realsense_overhead/dish_1559060055/rgb.png,26.73000144958496,81.0,0.24300000071525574,6.480000019073486,0.5669999718666077
train,dish_1556575386,data/nutrition5k_dataset/imagery/realsense_overhead/dish_1556575386/rgb.png,103.29999542236328,152.0,6.881999969482422,10.618000030517578,2.868000030517578
train,dish_1560889032,data/nutrition5k_dataset/imagery/realsense_overhead/dish_1560889032/rgb.png,246.86822509765625,208.0,7.012972831726074,10.744461059570312,34.23297882080078
train,dish_1558640105,data/nutrition5k_dataset/imagery/realsense_overhead/dish_1558640105/rgb.png,77.4530029296875,73.0,1.7519999742507935,16.059999465942383,2.263000011444092
train,dish_1559844479,data/nutrition5k_dataset/imagery/realsense_overhead/dish_1559844479/rgb.png,83.44999694824219,133.0,0.3179999887943268,21.34000015258789,0.9829999804496765
train,dish_1566414754,data/nutrition5k_dataset/imagery/realsense_overhead/dish_1566414754/rgb.png,755.4962768554688,533.0,33.023948669433594,28.348514556884766,98.85784149169922
train,dish_1568320383,data/nutrition5k_dataset/imagery/realsense_overhead/dish_1568320383/rgb.png,437.1241149902344,196.0,18.984426498413086,37.51809310913086,26.864242553710938
train,dish_1558725286,data/nutrition5k_dataset/imagery/realsense_overhead/dish_1558725286/rgb.png,816.7920532226562,308.0,65.96500396728516,40.704002380371094,33.31800079345703
train,dish_1560444616,data/nutrition5k_dataset/imagery/realsense_overhead/dish_1560444616/rgb.png,265.8710021972656,240.0,12.856999397277832,24.95800018310547,12.831000328063965
train,dish_1561661449,data/nutrition5k_dataset/imagery/realsense_overhead/dish_1561661449/rgb.png,237.07568359375,115.0,10.854463577270508,12.695836067199707,20.97885513305664
train,dish_1558380557,data/nutrition5k_dataset/imagery/realsense_overhead/dish_1558380557/rgb.png,699.320068359375,212.0,54.44000244140625,24.96000099182129,32.73200225830078
train,dish_1560453174,data/nutrition5k_dataset/imagery/realsense_overhead/dish_1560453174/rgb.png,329.71624755859375,256.0,18.14513397216797,10.521854400634766,32.13759994506836
train,dish_1565797671,data/nutrition5k_dataset/imagery/realsense_overhead/dish_1565797671/rgb.png,39.23999786376953,102.0,0.23600000143051147,9.799999237060547,0.6439999938011169
train,dish_1563997418,data/nutrition5k_dataset/imagery/realsense_overhead/dish_1563997418/rgb.png,608.7039184570312,400.0,43.17579650878906,24.548904418945312,34.666900634765625
train,dish_1565798558,data/nutrition5k_dataset/imagery/realsense_overhead/dish_1565798558/rgb.png,88.31572723388672,109.0,7.178835868835449,5.533270835876465,1.9547829627990723
train,dish_1562690047,data/nutrition5k_dataset/imagery/realsense_overhead/dish_1562690047/rgb.png,68.642333984375,68.0,6.4887471199035645,2.5140180587768555,0.9262269735336304
train,dish_1562859116,data/nutrition5k_dataset/imagery/realsense_overhead/dish_1562859116/rgb.png,145.04000854492188,98.0,10.779999732971191,1.5679999589920044,9.800000190734863
train,dish_1561494032,data/nutrition5k_dataset/imagery/realsense_overhead/dish_1561494032/rgb.png,185.43785095214844,307.0,14.117636680603027,12.50715160369873,5.158411979675293
train,dish_1565640894,data/nutrition5k_dataset/imagery/realsense_overhead/dish_1565640894/rgb.png,464.89202880859375,422.0,18.178001403808594,20.476001739501953,55.195003509521484
train,dish_1561662532,data/nutrition5k_dataset/imagery/realsense_overhead/dish_1561662532/rgb.png,166.45550537109375,191.0,7.089837074279785,23.749183654785156,7.350388050079346
train,dish_1563900205,data/nutrition5k_dataset/imagery/realsense_overhead/dish_1563900205/rgb.png,262.261962890625,301.0,14.248584747314453,21.5063419342041,12.86312198638916
train,dish_1561575410,data/nutrition5k_dataset/imagery/realsense_overhead/dish_1561575410/rgb.png,16.0,64.0,0.19200000166893005,3.200000047683716,1.1519999504089355
train,dish_1563568357,data/nutrition5k_dataset/imagery/realsense_overhead/dish_1563568357/rgb.png,767.73974609375,448.0,38.07678985595703,69.42922973632812,42.89554977416992
train,dish_1560527140,data/nutrition5k_dataset/imagery/realsense_overhead/dish_1560527140/rgb.png,276.6653137207031,138.0,18.125911712646484,13.435576438903809,14.706437110900879
train,dish_1563567978,data/nutrition5k_dataset/imagery/realsense_overhead/dish_1563567978/rgb.png,118.96311950683594,114.0,13.726029396057129,3.8763999938964844,15.6669282913208
train,dish_1562945879,data/nutrition5k_dataset/imagery/realsense_overhead/dish_1562945879/rgb.png,174.42532348632812,234.0,3.118644952774048,34.35319519042969,5.940001010894775
train,dish_1566938059,data/nutrition5k_dataset/imagery/realsense_overhead/dish_1566938059/rgb.png,463.24658203125,256.0,18.52153778076172,38.3304557800293,34.05096435546875
train,dish_1561737223,data/nutrition5k_dataset/imagery/realsense_overhead/dish_1561737223/rgb.png,503.7820129394531,334.0,32.51900100708008,10.969000816345215,38.80900192260742
train,dish_1568313640,data/nutrition5k_dataset/imagery/realsense_overhead/dish_1568313640/rgb.png,71.13999938964844,145.0,3.6519999504089355,8.899999618530273,3.1519999504089355
train,dish_1558109864,data/nutrition5k_dataset/imagery/realsense_overhead/dish_1558109864/rgb.png,213.89700317382812,37.0,18.315000534057617,8.39900016784668,8.288000106811523
train,dish_1560961202,data/nutrition5k_dataset/imagery/realsense_overhead/dish_1560961202/rgb.png,171.0699920654297,153.0,11.63599967956543,5.093999862670898,11.576000213623047
train,dish_1558463362,data/nutrition5k_dataset/imagery/realsense_overhead/dish_1558463362/rgb.png,20.880001068115234,116.0,0.23199999332427979,4.52400016784668,1.0440000295639038
train,dish_1559844683,data/nutrition5k_dataset/imagery/realsense_overhead/dish_1559844683/rgb.png,132.95999145507812,198.0,0.3720000088214874,31.37000274658203,3.0309998989105225
train,dish_1565119464,data/nutrition5k_dataset/imagery/realsense_overhead/dish_1565119464/rgb.png,504.0650329589844,223.0,23.109737396240234,44.41399002075195,28.04188346862793
train,dish_1562097673,data/nutrition5k_dataset/imagery/realsense_overhead/dish_1562097673/rgb.png,345.6573486328125,307.0,29.935171127319336,24.260704040527344,32.70405960083008
train,dish_1561753432,data/nutrition5k_dataset/imagery/realsense_overhead/dish_1561753432/rgb.png,380.3216857910156,238.0,19.46306610107422,16.882177352905273,33.36902618408203
train,dish_1561405034,data/nutrition5k_dataset/imagery/realsense_overhead/dish_1561405034/rgb.png,178.27809143066406,153.0,10.28293228149414,7.617062091827393,14.915339469909668
train,dish_1564428475,data/nutrition5k_dataset/imagery/realsense_overhead/dish_1564428475/rgb.png,261.61627197265625,370.0,12.314557075500488,32.75531768798828,8.607536315917969
train,dish_1563898880,data/nutrition5k_dataset/imagery/realsense_overhead/dish_1563898880/rgb.png,643.618408203125,441.0,47.5482292175293,15.853503227233887,38.58103561401367
train,dish_1567106870,data/nutrition5k_dataset/imagery/realsense_overhead/dish_1567106870/rgb.png,504.8208923339844,211.0,27.284149169921875,38.6677360534668,25.230873107910156
train,dish_1567020394,data/nutrition5k_dataset/imagery/realsense_overhead/dish_1567020394/rgb.png,176.15863037109375,265.0,12.666014671325684,16.685022354125977,13.626102447509766
train,dish_1563305689,data/nutrition5k_dataset/imagery/realsense_overhead/dish_1563305689/rgb.png,30.139999389648438,161.0,0.35100001096725464,4.741000175476074,4.066999912261963
train,dish_1564170141,data/nutrition5k_dataset/imagery/realsense_overhead/dish_1564170141/rgb.png,62.68000030517578,133.0,3.5910000801086426,7.739999771118164,1.2350000143051147
train,dish_1559842374,data/nutrition5k_dataset/imagery/realsense_overhead/dish_1559842374/rgb.png,345.3330078125,137.0,26.518001556396484,21.090999603271484,13.040000915527344
train,dish_1561578417,data/nutrition5k_dataset/imagery/realsense_overhead/dish_1561578417/rgb.png,289.79437255859375,240.0,14.105608940124512,22.214628219604492,18.81801414489746
train,dish_1563910676,data/nutrition5k_dataset/imagery/realsense_overhead/dish_1563910676/rgb.png,757.9570922851562,501.0,34.776336669921875,22.810630798339844,82.05663299560547
train,dish_1558637896,data/nutrition5k_dataset/imagery/realsense_overhead/dish_1558637896/rgb.png,84.87000274658203,123.0,0.2460000067949295,22.14000129699707,0.8610000014305115
train,dish_1561393649,data/nutrition5k_dataset/imagery/realsense_overhead/dish_1561393649/rgb.png,271.5400085449219,359.0,7.9670000076293945,30.854000091552734,20.49100112915039
train,dish_1567789190,data/nutrition5k_dataset/imagery/realsense_overhead/dish_1567789190/rgb.png,507.3883972167969,177.0,43.17819595336914,7.1691999435424805,22.073400497436523
train,dish_1566937992,data/nutrition5k_dataset/imagery/realsense_overhead/dish_1566937992/rgb.png,276.5359802246094,104.0,9.776000022888184,34.84000015258789,11.648000717163086
train,dish_1558721345,data/nutrition5k_dataset/imagery/realsense_overhead/dish_1558721345/rgb.png,19.5,78.0,0.23399999737739563,3.9000000953674316,1.4040000438690186
train,dish_1563217804,data/nutrition5k_dataset/imagery/realsense_overhead/dish_1563217804/rgb.png,492.9346008300781,459.0,25.171035766601562,22.654508590698242,44.785770416259766
train,dish_1560369122,data/nutrition5k_dataset/imagery/realsense_overhead/dish_1560369122/rgb.png,92.0585708618164,183.0,5.25093412399292,10.457475662231445,2.8842339515686035
train,dish_1562615070,data/nutrition5k_dataset/imagery/realsense_overhead/dish_1562615070/rgb.png,14.471022605895996,50.0,0.6411839723587036,1.676941990852356,0.44389599561691284
train,dish_1563823292,data/nutrition5k_dataset/imagery/realsense_overhead/dish_1563823292/rgb.png,450.5467224121094,208.0,29.362199783325195,7.701827049255371,39.78804016113281
train,dish_1565727738,data/nutrition5k_dataset/imagery/realsense_overhead/dish_1565727738/rgb.png,2.5199999809265137,9.0,0.035999998450279236,0.47699999809265137,0.1979999989271164
train,dish_1560889061,data/nutrition5k_dataset/imagery/realsense_overhead/dish_1560889061/rgb.png,402.5076599121094,281.0,22.432435989379883,13.323380470275879,37.30612564086914
train,dish_1563217993,data/nutrition5k_dataset/imagery/realsense_overhead/dish_1563217993/rgb.png,279.70880126953125,337.0,13.669605255126953,15.832531929016113,23.90183448791504
train,dish_1563552016,data/nutrition5k_dataset/imagery/realsense_overhead/dish_1563552016/rgb.png,493.5890808105469,174.0,19.477127075195312,69.95343780517578,10.739063262939453
train,dish_1564169340,data/nutrition5k_dataset/imagery/realsense_overhead/dish_1564169340/rgb.png,657.5175170898438,518.0,30.844043731689453,48.57958221435547,48.92463684082031
train,dish_1560541793,data/nutrition5k_dataset/imagery/realsense_overhead/dish_1560541793/rgb.png,509.82623291015625,462.0,17.80512809753418,22.270540237426758,64.4063720703125
train,dish_1564169298,data/nutrition5k_dataset/imagery/realsense_overhead/dish_1564169298/rgb.png,187.07635498046875,299.0,7.090506076812744,25.31005096435547,8.460101127624512
train,dish_1558115241,data/nutrition5k_dataset/imagery/realsense_overhead/dish_1558115241/rgb.png,85.47000122070312,111.0,0.11100000143051147,18.8700008392334,2.2200000286102295
train,dish_1558375506,data/nutrition5k_dataset/imagery/realsense_overhead/dish_1558375506/rgb.png,73.83999633789062,142.0,0.2840000092983246,0.4259999990463257,19.8799991607666
train,dish_1564601569,data/nutrition5k_dataset/imagery/realsense_overhead/dish_1564601569/rgb.png,208.09814453125,291.0,7.83070707321167,31.2734375,6.686560153961182
train,dish_1566847431,data/nutrition5k_dataset/imagery/realsense_overhead/dish_1566847431/rgb.png,101.24050903320312,90.0,1.9230669736862183,17.232074737548828,3.7698400020599365
train,dish_1558636813,data/nutrition5k_dataset/imagery/realsense_overhead/dish_1558636813/rgb.png,60.720001220703125,88.0,0.17599999904632568,15.84000015258789,0.6159999966621399
train,dish_1561753371,data/nutrition5k_dataset/imagery/realsense_overhead/dish_1561753371/rgb.png,221.2577362060547,103.0,11.171754837036133,10.944117546081543,19.03126335144043
train,dish_1568060542,data/nutrition5k_dataset/imagery/realsense_overhead/dish_1568060542/rgb.png,583.3764038085938,481.0,23.326906204223633,52.42093276977539,42.289955139160156
train,dish_1558717886,data/nutrition5k_dataset/imagery/realsense_overhead/dish_1558717886/rgb.png,73.83999633789062,142.0,0.2840000092983246,19.8799991607666,0.4259999990463257
train,dish_1560369008,data/nutrition5k_dataset/imagery/realsense_overhead/dish_1560369008/rgb.png,223.80133056640625,146.0,10.548675537109375,15.552691459655762,15.850163459777832
train,dish_1563910639,data/nutrition5k_dataset/imagery/realsense_overhead/dish_1563910639/rgb.png,697.2891845703125,447.0,29.137266159057617,20.529985427856445,80.9653549194336
train,dish_1568400967,data/nutrition5k_dataset/imagery/realsense_overhead/dish_1568400967/rgb.png,36.61000061035156,113.0,0.4519999921321869,7.196000099182129,2.628000020980835
train,dish_1568055963,data/nutrition5k_dataset/imagery/realsense_overhead/dish_1568055963/rgb.png,36.79999923706055,32.0,3.4240000247955322,2.0160000324249268,0.25600001215934753
train,dish_1565972715,data/nutrition5k_dataset/imagery/realsense_overhead/dish_1565972715/rgb.png,657.5458374023438,510.0,46.8452262878418,15.662046432495117,43.166805267333984
train,dish_1563206582,data/nutrition5k_dataset/imagery/realsense_overhead/dish_1563206582/rgb.png,229.24868774414062,320.0,4.417208194732666,16.9677734375,26.033964157104492
train,dish_1562947409,data/nutrition5k_dataset/imagery/realsense_overhead/dish_1562947409/rgb.png,103.19000244140625,190.0,0.42399999499320984,25.869998931884766,1.184000015258789
train,dish_1566413469,data/nutrition5k_dataset/imagery/realsense_overhead/dish_1566413469/rgb.png,459.66302490234375,379.0,25.56399917602539,17.134000778198242,44.22300338745117
train,dish_1558641007,data/nutrition5k_dataset/imagery/realsense_overhead/dish_1558641007/rgb.png,23.369998931884766,57.0,0.11400000005960464,5.699999809265137,0.5130000114440918
train,dish_1558116001,data/nutrition5k_dataset/imagery/realsense_overhead/dish_1558116001/rgb.png,569.8070068359375,223.0,39.426998138427734,27.921001434326172,28.35300064086914
train,dish_1559846334,data/nutrition5k_dataset/imagery/realsense_overhead/dish_1559846334/rgb.png,126.17200469970703,233.0,0.32899999618530273,32.79199981689453,1.5720000267028809
train,dish_1568056019,data/nutrition5k_dataset/imagery/realsense_overhead/dish_1568056019/rgb.png,64.30000305175781,131.0,3.578000068664551,8.121000289916992,1.2350000143051147
train,dish_1566331868,data/nutrition5k_dataset/imagery/realsense_overhead/dish_1566331868/rgb.png,453.6650695800781,372.0,13.206175804138184,40.11678695678711,44.296607971191406
train,dish_1565724269,data/nutrition5k_dataset/imagery/realsense_overhead/dish_1565724269/rgb.png,527.5487670898438,311.0,18.3787784576416,41.77817153930664,47.43682861328125
train,dish_1558379639,data/nutrition5k_dataset/imagery/realsense_overhead/dish_1558379639/rgb.png,385.9520263671875,112.0,30.576000213623047,4.703999996185303,21.61600112915039
train,dish_1561662054,data/nutrition5k_dataset/imagery/realsense_overhead/dish_1561662054/rgb.png,419.43878173828125,292.0,23.83824920654297,26.351543426513672,25.910593032836914
train,dish_1562173200,data/nutrition5k_dataset/imagery/realsense_overhead/dish_1562173200/rgb.png,213.36660766601562,259.0,7.265493869781494,26.1641902923584,13.126373291015625
train,dish_1561146758,data/nutrition5k_dataset/imagery/realsense_overhead/dish_1561146758/rgb.png,232.5,93.0,1.3949999809265137,45.56999969482422,9.393000602722168
train,dish_1558639683,data/nutrition5k_dataset/imagery/realsense_overhead/dish_1558639683/rgb.png,16.020000457763672,89.0,0.17800000309944153,3.4709999561309814,0.8009999990463257
train,dish_1561481634,data/nutrition5k_dataset/imagery/realsense_overhead/dish_1561481634/rgb.png,462.0570068359375,228.0,27.15399932861328,27.759998321533203,25.48200035095215
train,dish_1560441311,data/nutrition5k_dataset/imagery/realsense_overhead/dish_1560441311/rgb.png,190.40000915527344,93.0,11.382000923156738,10.077999114990234,11.378999710083008
train,dish_1566329257,data/nutrition5k_dataset/imagery/realsense_overhead/dish_1566329257/rgb.png,321.02520751953125,537.0,14.637179374694824,22.744293212890625,29.529111862182617
train,dish_1568316085,data/nutrition5k_dataset/imagery/realsense_overhead/dish_1568316085/rgb.png,378.5371398925781,258.0,25.866344451904297,7.767013072967529,29.707368850708008
train,dish_1558029923,data/nutrition5k_dataset/imagery/realsense_overhead/dish_1558029923/rgb.png,279.5509948730469,200.0,9.595999717712402,38.301998138427734,10.452000617980957
train,dish_1566329021,data/nutrition5k_dataset/imagery/realsense_overhead/dish_1566329021/rgb.png,792.6808471679688,486.0,28.006494522094727,74.70834350585938,59.2598762512207
train,dish_1558629715,data/nutrition5k_dataset/imagery/realsense_overhead/dish_1558629715/rgb.png,100.53999328613281,247.0,0.6140000224113464,25.174999237060547,2.375999927520752
train,dish_1562875320,data/nutrition5k_dataset/imagery/realsense_overhead/dish_1562875320/rgb.png,603.8587036132812,377.0,21.936229705810547,61.6717529296875,47.572269439697266
train,dish_1565727821,data/nutrition5k_dataset/imagery/realsense_overhead/dish_1565727821/rgb.png,281.1239929199219,196.0,10.092000961303711,6.160999774932861,40.347999572753906
train,dish_1566413419,data/nutrition5k_dataset/imagery/realsense_overhead/dish_1566413419/rgb.png,285.83001708984375,280.0,11.570000648498535,11.295999526977539,36.28700256347656
train,dish_1567107049,data/nutrition5k_dataset/imagery/realsense_overhead/dish_1567107049/rgb.png,107.20299530029297,23.0,6.624000072479248,11.454000473022461,1.4259999990463257
train,dish_1559844063,data/nutrition5k_dataset/imagery/realsense_overhead/dish_1559844063/rgb.png,139.8100128173828,277.0,0.4309999942779541,36.55999755859375,1.3389999866485596
train,dish_1567526785,data/nutrition5k_dataset/imagery/realsense_overhead/dish_1567526785/rgb.png,378.25,539.0,6.966000080108643,26.730998992919922,44.599998474121094
train,dish_1566501447,data/nutrition5k_dataset/imagery/realsense_overhead/dish_1566501447/rgb.png,286.760009765625,349.0,4.0,13.325000762939453,48.03999710083008
train,dish_1566333324,data/nutrition5k_dataset/imagery/realsense_overhead/dish_1566333324/rgb.png,608.1045532226562,476.0,22.25343894958496,60.083377838134766,43.06396484375
train,dish_1566933180,data/nutrition5k_dataset/imagery/realsense_overhead/dish_1566933180/rgb.png,161.44952392578125,96.0,7.6340250968933105,2.1970629692077637,19.7022762298584
train,dish_1558722968,data/nutrition5k_dataset/imagery/realsense_overhead/dish_1558722968/rgb.png,560.2860107421875,284.0,40.07600021362305,42.31399917602539,21.416000366210938
train,dish_1565809033,data/nutrition5k_dataset/imagery/realsense_overhead/dish_1565809033/rgb.png,341.41998291015625,433.0,1.6299999952316284,16.746000289916992,62.69199752807617
train,dish_1560527191,data/nutrition5k_dataset/imagery/realsense_overhead/dish_1560527191/rgb.png,663.9893188476562,318.0,45.395912170410156,28.933576583862305,34.38043975830078
train,dish_1567628193,data/nutrition5k_dataset/imagery/realsense_overhead/dish_1567628193/rgb.png,492.68304443359375,439.0,40.014808654785156,42.993247985839844,41.06803894042969
train,dish_1558636902,data/nutrition5k_dataset/imagery/realsense_overhead/dish_1558636902/rgb.png,38.95000076293945,95.0,0.1899999976158142,9.5,0.8550000190734863
train,dish_1560798815,data/nutrition5k_dataset/imagery/realsense_overhead/dish_1560798815/rgb.png,404.9638366699219,341.0,15.423538208007812,46.98775863647461,22.86187744140625
train,dish_1562613285,data/nutrition5k_dataset/imagery/realsense_overhead/dish_1562613285/rgb.png,111.7445068359375,84.0,7.762757778167725,9.664679527282715,2.1265149116516113
train,dish_1563395341,data/nutrition5k_dataset/imagery/realsense_overhead/dish_1563395341/rgb.png,143.58599853515625,54.0,5.076000213623047,18.09000015258789,6.047999858856201
train,dish_1562949467,data/nutrition5k_dataset/imagery/realsense_overhead/dish_1562949467/rgb.png,24.655609130859375,72.0,1.8965849876403809,1.5453660488128662,1.0536580085754395
train,dish_1565727875,data/nutrition5k_dataset/imagery/realsense_overhead/dish_1565727875/rgb.png,485.67401123046875,365.0,22.05500030517578,27.248001098632812,46.55999755859375
train,dish_1560798707,data/nutrition5k_dataset/imagery/realsense_overhead/dish_1560798707/rgb.png,298.0220031738281,139.0,10.275999069213867,38.349998474121094,12.840001106262207
train,dish_1565811529,data/nutrition5k_dataset/imagery/realsense_overhead/dish_1565811529/rgb.png,116.84203338623047,104.0,10.860430717468262,4.3923540115356445,2.1017210483551025
train,dish_1562613918,data/nutrition5k_dataset/imagery/realsense_overhead/dish_1562613918/rgb.png,133.6599884033203,207.0,6.603672027587891,16.7063045501709,4.7501540184021
train,dish_1567785165,data/nutrition5k_dataset/imagery/realsense_overhead/dish_1567785165/rgb.png,273.11248779296875,116.0,19.671966552734375,11.474289894104004,12.888999938964844
train,dish_1563997327,data/nutrition5k_dataset/imagery/realsense_overhead/dish_1563997327/rgb.png,157.87806701660156,120.0,14.366602897644043,6.4559221267700195,3.1642720699310303
train,dish_1562959344,data/nutrition5k_dataset/imagery/realsense_overhead/dish_1562959344/rgb.png,5.539999961853027,44.0,0.01899999938905239,1.1460000276565552,0.382999986410141
train,dish_1558548958,data/nutrition5k_dataset/imagery/realsense_overhead/dish_1558548958/rgb.png,2.299999952316284,10.0,0.03999999910593033,0.36000001430511475,0.28999999165534973
train,dish_1556575499,data/nutrition5k_dataset/imagery/realsense_overhead/dish_1556575499/rgb.png,103.29999542236328,152.0,6.881999969482422,10.618000030517578,2.868000030517578
train,dish_1562086116,data/nutrition5k_dataset/imagery/realsense_overhead/dish_1562086116/rgb.png,290.65802001953125,285.0,8.898999214172363,44.02799987792969,9.854999542236328
train,dish_1562774475,data/nutrition5k_dataset/imagery/realsense_overhead/dish_1562774475/rgb.png,320.9639892578125,128.0,22.8489990234375,13.518000602722168,14.556000709533691
train,dish_1565204891,data/nutrition5k_dataset/imagery/realsense_overhead/dish_1565204891/rgb.png,302.8864440917969,314.0,9.080519676208496,40.92969512939453,16.29720115661621
train,dish_1558722883,data/nutrition5k_dataset/imagery/realsense_overhead/dish_1558722883/rgb.png,15.0,60.0,0.18000000715255737,3.0,1.0800000429153442
train,dish_1560370804,data/nutrition5k_dataset/imagery/realsense_overhead/dish_1560370804/rgb.png,25.134000778198242,6.0,0.4259999990463257,4.739999771118164,0.4740000069141388
train,dish_1566934430,data/nutrition5k_dataset/imagery/realsense_overhead/dish_1566934430/rgb.png,519.5428466796875,361.0,43.7828254699707,37.582496643066406,49.058040618896484
train,dish_1563824250,data/nutrition5k_dataset/imagery/realsense_overhead/dish_1563824250/rgb.png,17.200000762939453,43.0,0.0430000014603138,3.869999885559082,0.4729999899864197
train,dish_1567613057,data/nutrition5k_dataset/imagery/realsense_overhead/dish_1567613057/rgb.png,406.6863098144531,749.0,4.9684882164001465,45.862510681152344,40.69820022583008
train,dish_1558544870,data/nutrition5k_dataset/imagery/realsense_overhead/dish_1558544870/rgb.png,198.35499572753906,170.0,11.015999794006348,10.616000175476074,13.343999862670898
train,dish_1563207332,data/nutrition5k_dataset/imagery/realsense_overhead/dish_1563207332/rgb.png,288.57000732421875,241.0,13.71399974822998,25.256999969482422,14.80000114440918
train,dish_1558116436,data/nutrition5k_dataset/imagery/realsense_overhead/dish_1558116436/rgb.png,91.97000122070312,17.0,7.139999866485596,0.23800000548362732,6.289999961853027
train,dish_1563897395,data/nutrition5k_dataset/imagery/realsense_overhead/dish_1563897395/rgb.png,135.9136505126953,233.0,2.6115119457244873,26.80048942565918,2.8878049850463867
train,dish_1561753649,data/nutrition5k_dataset/imagery/realsense_overhead/dish_1561753649/rgb.png,164.01080322265625,196.0,7.950613975524902,6.392059803009033,15.585460662841797
train,dish_1567110756,data/nutrition5k_dataset/imagery/realsense_overhead/dish_1567110756/rgb.png,111.72000122070312,42.0,4.073999881744385,13.860000610351562,4.619999885559082
train,dish_1564000202,data/nutrition5k_dataset/imagery/realsense_overhead/dish_1564000202/rgb.png,396.19097900390625,149.0,14.005999565124512,49.915000915527344,16.687999725341797
train,dish_1562947469,data/nutrition5k_dataset/imagery/realsense_overhead/dish_1562947469/rgb.png,392.36199951171875,320.0,19.923999786376953,42.09400177001953,12.857999801635742
train,dish_1564518488,data/nutrition5k_dataset/imagery/realsense_overhead/dish_1564518488/rgb.png,248.0946502685547,117.0,9.54451847076416,22.059539794921875,17.39950180053711
train,dish_1562963109,data/nutrition5k_dataset/imagery/realsense_overhead/dish_1562963109/rgb.png,381.52728271484375,488.0,33.5568962097168,27.62885856628418,35.212646484375
train,dish_1563468199,data/nutrition5k_dataset/imagery/realsense_overhead/dish_1563468199/rgb.png,53.5,107.0,0.10700000077486038,13.90999984741211,0.5350000262260437
train,dish_1563389786,data/nutrition5k_dataset/imagery/realsense_overhead/dish_1563389786/rgb.png,640.137939453125,564.0,37.55600357055664,30.394001007080078,48.33899688720703
train,dish_1558640450,data/nutrition5k_dataset/imagery/realsense_overhead/dish_1558640450/rgb.png,80.07999420166016,154.0,0.30799999833106995,21.559999465942383,0.4620000123977661
train,dish_1562689548,data/nutrition5k_dataset/imagery/realsense_overhead/dish_1562689548/rgb.png,216.54000854492188,267.0,7.5329999923706055,18.101999282836914,19.5
train,dish_1556575124,data/nutrition5k_dataset/imagery/realsense_overhead/dish_1556575124/rgb.png,4.480000019073486,28.0,0.0560000017285347,0.9520000219345093,0.19599999487400055
train,dish_1562702853,data/nutrition5k_dataset/imagery/realsense_overhead/dish_1562702853/rgb.png,272.5672912597656,169.0,16.760700225830078,5.334672927856445,23.449674606323242
train,dish_1559062051,data/nutrition5k_dataset/imagery/realsense_overhead/dish_1559062051/rgb.png,56.23999786376953,74.0,0.0,13.320000648498535,0.7400000095367432
train,dish_1562777566,data/nutrition5k_dataset/imagery/realsense_overhead/dish_1562777566/rgb.png,263.0039978027344,84.0,3.5280001163482666,46.619998931884766,10.920000076293945
train,dish_1563391989,data/nutrition5k_dataset/imagery/realsense_overhead/dish_1563391989/rgb.png,462.8475036621094,464.0,34.812225341796875,15.968174934387207,56.331485748291016
train,dish_1562700718,data/nutrition5k_dataset/imagery/realsense_overhead/dish_1562700718/rgb.png,329.3800354003906,255.0,17.84994888305664,7.933403968811035,33.031890869140625
train,dish_1563550584,data/nutrition5k_dataset/imagery/realsense_overhead/dish_1563550584/rgb.png,75.39999389648438,145.0,0.28999999165534973,1.0149999856948853,14.5
train,dish_1563563240,data/nutrition5k_dataset/imagery/realsense_overhead/dish_1563563240/rgb.png,48.29999923706055,42.0,4.49399995803833,2.6459999084472656,0.335999995470047
train,dish_1561578570,data/nutrition5k_dataset/imagery/realsense_overhead/dish_1561578570/rgb.png,136.8048553466797,65.0,7.853771209716797,1.9291119575500488,13.278779029846191
train,dish_1564761426,data/nutrition5k_dataset/imagery/realsense_overhead/dish_1564761426/rgb.png,207.56900024414062,202.0,2.3440001010894775,29.738000869750977,15.059000015258789
train,dish_1563220171,data/nutrition5k_dataset/imagery/realsense_overhead/dish_1563220171/rgb.png,465.4746398925781,363.0,13.715989112854004,34.069400787353516,50.01841735839844
train,dish_1565898544,data/nutrition5k_dataset/imagery/realsense_overhead/dish_1565898544/rgb.png,181.95449829101562,182.0,9.618722915649414,8.612269401550293,15.36844253540039
train,dish_1565884766,data/nutrition5k_dataset/imagery/realsense_overhead/dish_1565884766/rgb.png,469.6090087890625,546.0,12.795000076293945,34.176998138427734,47.6870002746582
train,dish_1563827110,data/nutrition5k_dataset/imagery/realsense_overhead/dish_1563827110/rgb.png,220.0449981689453,217.0,7.731998920440674,29.045001983642578,10.210000991821289
train,dish_1568315988,data/nutrition5k_dataset/imagery/realsense_overhead/dish_1568315988/rgb.png,50.37000274658203,69.0,3.312000036239624,1.3109999895095825,5.519999980926514
train,dish_1567024187,data/nutrition5k_dataset/imagery/realsense_overhead/dish_1567024187/rgb.png,334.9458312988281,235.0,12.615192413330078,38.525390625,16.733999252319336
train,dish_1566417516,data/nutrition5k_dataset/imagery/realsense_overhead/dish_1566417516/rgb.png,385.40252685546875,425.0,36.51647186279297,23.50503921508789,33.6995735168457
train,dish_1563217939,data/nutrition5k_dataset/imagery/realsense_overhead/dish_1563217939/rgb.png,227.24270629882812,171.0,12.185005187988281,7.603418827056885,21.324188232421875
train,dish_1566332268,data/nutrition5k_dataset/imagery/realsense_overhead/dish_1566332268/rgb.png,567.5809936523438,595.0,31.404998779296875,22.378999710083008,54.75299835205078
train,dish_1561576680,data/nutrition5k_dataset/imagery/realsense_overhead/dish_1561576680/rgb.png,307.8624267578125,455.0,9.968476295471191,18.28135871887207,37.21415710449219
train,dish_1568401064,data/nutrition5k_dataset/imagery/realsense_overhead/dish_1568401064/rgb.png,787.7099609375,572.0,31.225997924804688,18.445999145507812,108.66799926757812
train,dish_1568649387,data/nutrition5k_dataset/imagery/realsense_overhead/dish_1568649387/rgb.png,163.85818481445312,192.0,5.302399158477783,28.48877716064453,2.5127880573272705
train,dish_1560874751,data/nutrition5k_dataset/imagery/realsense_overhead/dish_1560874751/rgb.png,379.99200439453125,220.0,10.960000038146973,58.68700408935547,12.556000709533691
train,dish_1561739760,data/nutrition5k_dataset/imagery/realsense_overhead/dish_1561739760/rgb.png,452.16351318359375,937.0,5.190095901489258,98.61612701416016,12.599000930786133
train,dish_1557861605,data/nutrition5k_dataset/imagery/realsense_overhead/dish_1557861605/rgb.png,35.099998474121094,39.0,5.070000171661377,0.0,7.176000118255615
train,dish_1562086564,data/nutrition5k_dataset/imagery/realsense_overhead/dish_1562086564/rgb.png,286.80999755859375,287.0,14.984999656677246,25.36199951171875,14.4399995803833
train,dish_1560454488,data/nutrition5k_dataset/imagery/realsense_overhead/dish_1560454488/rgb.png,48.24400329589844,42.0,4.500726222991943,1.8938430547714233,0.6354900002479553
train,dish_1568401090,data/nutrition5k_dataset/imagery/realsense_overhead/dish_1568401090/rgb.png,1158.989990234375,614.0,73.22599792480469,18.445999145507812,108.66799926757812
train,dish_1562945445,data/nutrition5k_dataset/imagery/realsense_overhead/dish_1562945445/rgb.png,362.1683349609375,463.0,10.770931243896484,42.58467102050781,25.137182235717773
train,dish_1565117990,data/nutrition5k_dataset/imagery/realsense_overhead/dish_1565117990/rgb.png,582.0,380.0,12.681999206542969,31.670001983642578,80.83499908447266
train,dish_1565884692,data/nutrition5k_dataset/imagery/realsense_overhead/dish_1565884692/rgb.png,212.1599884033203,408.0,0.8159999847412109,2.8559999465942383,40.79999923706055
train,dish_1568665052,data/nutrition5k_dataset/imagery/realsense_overhead/dish_1568665052/rgb.png,345.654052734375,331.0,16.161035537719727,17.31033706665039,33.34906005859375
train,dish_1568047932,data/nutrition5k_dataset/imagery/realsense_overhead/dish_1568047932/rgb.png,30.63902473449707,55.0,1.5560979843139648,3.7560980319976807,1.2878049612045288
train,dish_1567613019,data/nutrition5k_dataset/imagery/realsense_overhead/dish_1567613019/rgb.png,376.5263366699219,645.0,4.760488033294678,38.998512268066406,39.1381950378418
train,dish_1559932674,data/nutrition5k_dataset/imagery/realsense_overhead/dish_1559932674/rgb.png,58.279998779296875,124.0,0.12399999797344208,14.880000114440918,1.1160000562667847
train,dish_1560444785,data/nutrition5k_dataset/imagery/realsense_overhead/dish_1560444785/rgb.png,313.0799865722656,448.0,13.187999725341797,38.65999984741211,13.360000610351562
train,dish_1558031566,data/nutrition5k_dataset/imagery/realsense_overhead/dish_1558031566/rgb.png,140.66000366210938,26.0,10.920000076293945,0.36399999260902405,9.619999885559082
train,dish_1562010369,data/nutrition5k_dataset/imagery/realsense_overhead/dish_1562010369/rgb.png,141.16644287109375,69.0,8.450824737548828,1.9704359769821167,13.519393920898438
train,dish_1562774346,data/nutrition5k_dataset/imagery/realsense_overhead/dish_1562774346/rgb.png,422.65142822265625,264.0,31.805713653564453,4.186285972595215,28.285715103149414
train,dish_1564428515,data/nutrition5k_dataset/imagery/realsense_overhead/dish_1564428515/rgb.png,484.61834716796875,479.0,25.664409637451172,35.8680305480957,29.964256286621094
train,dish_1567110519,data/nutrition5k_dataset/imagery/realsense_overhead/dish_1567110519/rgb.png,100.94461822509766,100.0,9.542274475097656,3.6970839500427246,1.362099051475525
train,dish_1562173267,data/nutrition5k_dataset/imagery/realsense_overhead/dish_1562173267/rgb.png,409.57000732421875,171.0,27.119998931884766,18.187999725341797,21.4010009765625
train,dish_1562094877,data/nutrition5k_dataset/imagery/realsense_overhead/dish_1562094877/rgb.png,234.57611083984375,155.0,10.47382640838623,3.6341540813446045,29.46550178527832
train,dish_1561666619,data/nutrition5k_dataset/imagery/realsense_overhead/dish_1561666619/rgb.png,35.880001068115234,52.0,0.10400000214576721,9.360000610351562,0.36399999260902405
train,dish_1563389153,data/nutrition5k_dataset/imagery/realsense_overhead/dish_1563389153/rgb.png,346.4544677734375,224.0,5.393478870391846,69.0707015991211,11.697627067565918
train,dish_1560527070,data/nutrition5k_dataset/imagery/realsense_overhead/dish_1560527070/rgb.png,53.12999725341797,69.0,0.0689999982714653,11.729999542236328,1.3799999952316284
train,dish_1565724509,data/nutrition5k_dataset/imagery/realsense_overhead/dish_1565724509/rgb.png,30.809999465942383,158.0,0.7110000252723694,6.1620001792907715,1.343000054359436
train,dish_1564691380,data/nutrition5k_dataset/imagery/realsense_overhead/dish_1564691380/rgb.png,96.26100158691406,111.0,2.743000030517578,18.350000381469727,2.9030001163482666
train,dish_1563391922,data/nutrition5k_dataset/imagery/realsense_overhead/dish_1563391922/rgb.png,24.440000534057617,104.0,0.38133299350738525,4.54133415222168,1.525333046913147
train,dish_1559149719,data/nutrition5k_dataset/imagery/realsense_overhead/dish_1559149719/rgb.png,432.125,268.0,28.792999267578125,8.894000053405762,31.711000442504883
train,dish_1565024741,data/nutrition5k_dataset/imagery/realsense_overhead/dish_1565024741/rgb.png,359.927978515625,192.0,25.12799835205078,10.634000778198242,22.297000885009766
train,dish_1558381742,data/nutrition5k_dataset/imagery/realsense_overhead/dish_1558381742/rgb.png,78.19999694824219,68.0,7.276000022888184,4.283999919891357,0.5440000295639038
train,dish_1562009098,data/nutrition5k_dataset/imagery/realsense_overhead/dish_1562009098/rgb.png,70.08000183105469,96.0,4.607999801635742,1.8240000009536743,7.679999828338623
train,dish_1560973936,data/nutrition5k_dataset/imagery/realsense_overhead/dish_1560973936/rgb.png,75.24325561523438,44.0,5.829185962677002,6.022747039794922,1.0782710313796997
train,dish_1560453380,data/nutrition5k_dataset/imagery/realsense_overhead/dish_1560453380/rgb.png,411.3883972167969,480.0,15.234275817871094,25.49149513244629,41.922752380371094
train,dish_1564170474,data/nutrition5k_dataset/imagery/realsense_overhead/dish_1564170474/rgb.png,39.480003356933594,168.0,0.6159999966621399,7.335999965667725,2.4639999866485596
train,dish_1558372771,data/nutrition5k_dataset/imagery/realsense_overhead/dish_1558372771/rgb.png,522.6099853515625,311.0,32.98100280761719,26.709001541137695,38.30799865722656
train,dish_1558459395,data/nutrition5k_dataset/imagery/realsense_overhead/dish_1558459395/rgb.png,208.11599731445312,36.0,17.81999969482422,8.17199993133545,8.064000129699707
train,dish_1558028142,data/nutrition5k_dataset/imagery/realsense_overhead/dish_1558028142/rgb.png,21.900001525878906,73.0,0.0729999989271164,5.547999858856201,0.43799999356269836
train,dish_1558632080,data/nutrition5k_dataset/imagery/realsense_overhead/dish_1558632080/rgb.png,72.14800262451172,68.0,1.6319999694824219,14.960000038146973,2.1080000400543213
train,dish_1565724620,data/nutrition5k_dataset/imagery/realsense_overhead/dish_1565724620/rgb.png,473.95330810546875,535.0,18.35567283630371,38.36148452758789,40.72976303100586
train,dish_1563481030,data/nutrition5k_dataset/imagery/realsense_overhead/dish_1563481030/rgb.png,155.81044006347656,129.0,11.399983406066895,12.434070587158203,2.348426103591919
train,dish_1562615324,data/nutrition5k_dataset/imagery/realsense_overhead/dish_1562615324/rgb.png,258.31597900390625,136.0,15.319679260253906,13.705866813659668,16.498249053955078
train,dish_1558381032,data/nutrition5k_dataset/imagery/realsense_overhead/dish_1558381032/rgb.png,115.62000274658203,20.0,9.899999618530273,4.539999961853027,4.480000019073486
train,dish_1563563527,data/nutrition5k_dataset/imagery/realsense_overhead/dish_1563563527/rgb.png,322.90625,302.0,23.717559814453125,25.659563064575195,25.201244354248047
train,dish_1559244305,data/nutrition5k_dataset/imagery/realsense_overhead/dish_1559244305/rgb.png,113.06639862060547,64.0,7.045209884643555,9.832837104797363,3.4833309650421143
train,dish_1560539396,data/nutrition5k_dataset/imagery/realsense_overhead/dish_1560539396/rgb.png,384.0445251464844,417.0,27.83988380432129,36.36064147949219,25.77850341796875
train,dish_1562614952,data/nutrition5k_dataset/imagery/realsense_overhead/dish_1562614952/rgb.png,548.1060180664062,403.0,28.563108444213867,18.398090362548828,54.80373001098633
train,dish_1561575347,data/nutrition5k_dataset/imagery/realsense_overhead/dish_1561575347/rgb.png,554.7600708007812,327.0,27.433950424194336,37.903404235839844,36.771888732910156
train,dish_1561578461,data/nutrition5k_dataset/imagery/realsense_overhead/dish_1561578461/rgb.png,522.1546630859375,392.0,23.32064437866211,36.60765075683594,40.89378356933594
train,dish_1558723742,data/nutrition5k_dataset/imagery/realsense_overhead/dish_1558723742/rgb.png,375.1099853515625,264.0,22.268999099731445,40.22999954223633,13.324999809265137
train,dish_1566849269,data/nutrition5k_dataset/imagery/realsense_overhead/dish_1566849269/rgb.png,249.85202026367188,153.0,17.626001358032227,9.45199966430664,16.304000854492188
train,dish_1558630600,data/nutrition5k_dataset/imagery/realsense_overhead/dish_1558630600/rgb.png,73.83999633789062,142.0,0.2840000092983246,19.8799991607666,0.4259999990463257
train,dish_1560357792,data/nutrition5k_dataset/imagery/realsense_overhead/dish_1560357792/rgb.png,145.15000915527344,50.0,7.150001049041748,16.350000381469727,3.950000047683716
train,dish_1561492628,data/nutrition5k_dataset/imagery/realsense_overhead/dish_1561492628/rgb.png,13.640000343322754,31.0,0.6510000228881836,1.3329999446868896,0.9919999837875366
train,dish_1565637162,data/nutrition5k_dataset/imagery/realsense_overhead/dish_1565637162/rgb.png,581.5086669921875,286.0,33.07954025268555,26.089733123779297,41.8416748046875
train,dish_1568056046,data/nutrition5k_dataset/imagery/realsense_overhead/dish_1568056046/rgb.png,88.08000183105469,189.0,3.694000005722046,13.920999526977539,1.7569999694824219
train,dish_1562963676,data/nutrition5k_dataset/imagery/realsense_overhead/dish_1562963676/rgb.png,397.8187255859375,350.0,16.24737548828125,51.81342315673828,12.388956069946289
train,dish_1563476551,data/nutrition5k_dataset/imagery/realsense_overhead/dish_1563476551/rgb.png,1116.39111328125,750.0,51.413692474365234,74.70596313476562,85.49848175048828
train,dish_1565981898,data/nutrition5k_dataset/imagery/realsense_overhead/dish_1565981898/rgb.png,260.9797668457031,290.0,21.883743286132812,11.903451919555664,17.30108070373535
train,dish_1568666089,data/nutrition5k_dataset/imagery/realsense_overhead/dish_1568666089/rgb.png,276.424072265625,335.0,9.802980422973633,33.01095199584961,16.691326141357422
train,dish_1563304881,data/nutrition5k_dataset/imagery/realsense_overhead/dish_1563304881/rgb.png,739.4076538085938,446.0,21.6495361328125,8.843341827392578,120.44395446777344
train,dish_1558722636,data/nutrition5k_dataset/imagery/realsense_overhead/dish_1558722636/rgb.png,30.75,75.0,0.15000000596046448,7.5,0.675000011920929
train,dish_1558723894,data/nutrition5k_dataset/imagery/realsense_overhead/dish_1558723894/rgb.png,757.6129760742188,405.0,50.55099868774414,68.302001953125,26.312002182006836
train,dish_1558026714,data/nutrition5k_dataset/imagery/realsense_overhead/dish_1558026714/rgb.png,129.83999633789062,24.0,10.079999923706055,0.335999995470047,8.880000114440918
train,dish_1560453412,data/nutrition5k_dataset/imagery/realsense_overhead/dish_1560453412/rgb.png,591.0784301757812,631.0,15.838276863098145,63.241493225097656,49.472755432128906
train,dish_1561577219,data/nutrition5k_dataset/imagery/realsense_overhead/dish_1561577219/rgb.png,308.8917541503906,216.0,14.285876274108887,26.319091796875,19.739084243774414
train,dish_1562963006,data/nutrition5k_dataset/imagery/realsense_overhead/dish_1562963006/rgb.png,259.09722900390625,247.0,28.683897018432617,9.891858100891113,32.22163772583008
train,dish_1563827482,data/nutrition5k_dataset/imagery/realsense_overhead/dish_1563827482/rgb.png,894.5216674804688,621.0,55.95566940307617,24.548782348632812,77.38001251220703
train,dish_1562789328,data/nutrition5k_dataset/imagery/realsense_overhead/dish_1562789328/rgb.png,656.5515747070312,503.0,27.78255271911621,69.70382690429688,40.74565887451172
train,dish_1563911156,data/nutrition5k_dataset/imagery/realsense_overhead/dish_1563911156/rgb.png,140.4489288330078,96.0,4.935409069061279,5.3198370933532715,17.850358963012695
train,dish_1558378634,data/nutrition5k_dataset/imagery/realsense_overhead/dish_1558378634/rgb.png,874.9660034179688,315.0,64.7770004272461,44.301998138427734,37.979000091552734
train,dish_1566488928,data/nutrition5k_dataset/imagery/realsense_overhead/dish_1566488928/rgb.png,103.04829406738281,147.0,2.2195611000061035,19.982440948486328,1.327023983001709
train,dish_1567024112,data/nutrition5k_dataset/imagery/realsense_overhead/dish_1567024112/rgb.png,274.0758056640625,116.0,10.11119270324707,29.513385772705078,15.335000038146973
train,dish_1568319725,data/nutrition5k_dataset/imagery/realsense_overhead/dish_1568319725/rgb.png,111.63729858398438,59.0,11.509647369384766,2.2412850856781006,0.581417977809906
train,dish_1560976044,data/nutrition5k_dataset/imagery/realsense_overhead/dish_1560976044/rgb.png,124.67000579833984,137.0,0.6850000023841858,26.16699981689453,5.754000186920166
train,dish_1562959799,data/nutrition5k_dataset/imagery/realsense_overhead/dish_1562959799/rgb.png,498.7655944824219,363.0,21.288009643554688,46.103294372558594,30.84931182861328
train,dish_1558641391,data/nutrition5k_dataset/imagery/realsense_overhead/dish_1558641391/rgb.png,19.719999313354492,58.0,0.11599999666213989,4.639999866485596,0.46399998664855957
train,dish_1562702469,data/nutrition5k_dataset/imagery/realsense_overhead/dish_1562702469/rgb.png,541.7302856445312,529.0,28.227970123291016,32.923892974853516,39.2161865234375
train,dish_1558547205,data/nutrition5k_dataset/imagery/realsense_overhead/dish_1558547205/rgb.png,291.17498779296875,186.0,12.67699909210205,37.5109977722168,9.297000885009766
train,dish_1564168739,data/nutrition5k_dataset/imagery/realsense_overhead/dish_1564168739/rgb.png,585.302001953125,164.0,45.343997955322266,15.394000053405762,27.47800064086914
train,dish_1561737293,data/nutrition5k_dataset/imagery/realsense_overhead/dish_1561737293/rgb.png,801.822021484375,636.0,46.07699966430664,55.82899475097656,41.927001953125
train,dish_1562871408,data/nutrition5k_dataset/imagery/realsense_overhead/dish_1562871408/rgb.png,271.34197998046875,228.0,5.8254828453063965,44.736419677734375,8.556257247924805
train,dish_1561577573,data/nutrition5k_dataset/imagery/realsense_overhead/dish_1561577573/rgb.png,755.4329223632812,346.0,40.638694763183594,24.984560012817383,66.06380462646484
train,dish_1563464670,data/nutrition5k_dataset/imagery/realsense_overhead/dish_1563464670/rgb.png,384.1759948730469,156.0,13.645999908447266,47.47700119018555,18.148000717163086
train,dish_1562959732,data/nutrition5k_dataset/imagery/realsense_overhead/dish_1562959732/rgb.png,374.6636962890625,232.0,14.678155899047852,31.110980987548828,28.858997344970703
train,dish_1558030910,data/nutrition5k_dataset/imagery/realsense_overhead/dish_1558030910/rgb.png,81.14999389648438,15.0,6.300000190734863,0.20999999344348907,5.550000190734863
train,dish_1563813436,data/nutrition5k_dataset/imagery/realsense_overhead/dish_1563813436/rgb.png,418.75946044921875,242.0,25.918315887451172,25.076539993286133,22.035324096679688
train,dish_1561737776,data/nutrition5k_dataset/imagery/realsense_overhead/dish_1561737776/rgb.png,375.29998779296875,139.0,11.120000839233398,56.01700210571289,12.954801559448242
train,dish_1563553780,data/nutrition5k_dataset/imagery/realsense_overhead/dish_1563553780/rgb.png,557.7288208007812,167.0,42.53661346435547,23.808483123779297,25.76799964904785
train,dish_1558639979,data/nutrition5k_dataset/imagery/realsense_overhead/dish_1558639979/rgb.png,520.2900390625,90.0,44.54999923706055,20.43000030517578,20.15999984741211
train,dish_1560802853,data/nutrition5k_dataset/imagery/realsense_overhead/dish_1560802853/rgb.png,136.53219604492188,118.0,3.3076350688934326,8.763569831848145,16.90669059753418
train,dish_1562615128,data/nutrition5k_dataset/imagery/realsense_overhead/dish_1562615128/rgb.png,397.5683288574219,244.0,25.728843688964844,14.190873146057129,28.21352195739746
train,dish_1562699570,data/nutrition5k_dataset/imagery/realsense_overhead/dish_1562699570/rgb.png,24.420000076293945,22.0,0.1979999989271164,5.059999942779541,0.5720000267028809
train,dish_1565118067,data/nutrition5k_dataset/imagery/realsense_overhead/dish_1565118067/rgb.png,623.429931640625,522.0,12.965999603271484,41.41699981689453,82.11299133300781
train,dish_1565725156,data/nutrition5k_dataset/imagery/realsense_overhead/dish_1565725156/rgb.png,452.66998291015625,500.0,11.92199993133545,24.225000381469727,61.73500442504883
train,dish_1560443474,data/nutrition5k_dataset/imagery/realsense_overhead/dish_1560443474/rgb.png,172.77999877929688,317.0,0.7250000238418579,43.25,1.9930000305175781
train,dish_1558724766,data/nutrition5k_dataset/imagery/realsense_overhead/dish_1558724766/rgb.png,83.7199935913086,161.0,0.32199999690055847,22.540000915527344,0.4830000102519989
train,dish_1560543682,data/nutrition5k_dataset/imagery/realsense_overhead/dish_1560543682/rgb.png,121.25999450683594,86.0,5.848001003265381,15.479999542236328,1.805999994277954
train,dish_1561580278,data/nutrition5k_dataset/imagery/realsense_overhead/dish_1561580278/rgb.png,23.31999969482422,53.0,1.1130000352859497,2.2790000438690186,1.6959999799728394
train,dish_1558722068,data/nutrition5k_dataset/imagery/realsense_overhead/dish_1558722068/rgb.png,179.21099853515625,31.0,15.345000267028809,7.0370001792907715,6.943999767303467
train,dish_1562698132,data/nutrition5k_dataset/imagery/realsense_overhead/dish_1562698132/rgb.png,128.0968017578125,178.0,12.129618644714355,7.1575751304626465,14.23216438293457
train,dish_1560456833,data/nutrition5k_dataset/imagery/realsense_overhead/dish_1560456833/rgb.png,351.58343505859375,378.0,23.920921325683594,38.11322784423828,31.09584617614746
train,dish_1561665065,data/nutrition5k_dataset/imagery/realsense_overhead/dish_1561665065/rgb.png,387.7981262207031,303.0,15.231730461120605,14.161218643188477,47.42692184448242
train,dish_1559674074,data/nutrition5k_dataset/imagery/realsense_overhead/dish_1559674074/rgb.png,140.98001098632812,53.0,5.140999794006348,17.489999771118164,5.829999923706055
train,dish_1562691538,data/nutrition5k_dataset/imagery/realsense_overhead/dish_1562691538/rgb.png,49.91999816894531,96.0,0.19200000166893005,0.671999990940094,9.600000381469727
train,dish_1562873187,data/nutrition5k_dataset/imagery/realsense_overhead/dish_1562873187/rgb.png,64.21675109863281,255.0,2.404025077819824,9.263750076293945,4.026450157165527
train,dish_1563823894,data/nutrition5k_dataset/imagery/realsense_overhead/dish_1563823894/rgb.png,368.34100341796875,400.0,20.783809661865234,18.21927261352539,30.525043487548828
train,dish_1562008842,data/nutrition5k_dataset/imagery/realsense_overhead/dish_1562008842/rgb.png,355.75970458984375,294.0,24.02231788635254,17.56841278076172,19.549057006835938
train,dish_1561145732,data/nutrition5k_dataset/imagery/realsense_overhead/dish_1561145732/rgb.png,19.697999954223633,67.0,0.06700000166893005,5.025000095367432,0.4020000100135803
train,dish_1561748862,data/nutrition5k_dataset/imagery/realsense_overhead/dish_1561748862/rgb.png,154.77294921875,87.0,7.852456092834473,3.4251248836517334,16.1564884185791
train,dish_1558375583,data/nutrition5k_dataset/imagery/realsense_overhead/dish_1558375583/rgb.png,386.1340026855469,251.0,24.661001205444336,5.223999977111816,37.49700164794922
train,dish_1562611878,data/nutrition5k_dataset/imagery/realsense_overhead/dish_1562611878/rgb.png,286.89459228515625,311.0,16.662099838256836,28.17841148376465,9.673808097839355
train,dish_1562096608,data/nutrition5k_dataset/imagery/realsense_overhead/dish_1562096608/rgb.png,176.7120361328125,163.0,13.218135833740234,14.911697387695312,13.09492301940918
train,dish_1563822546,data/nutrition5k_dataset/imagery/realsense_overhead/dish_1563822546/rgb.png,38.720001220703125,88.0,1.8480000495910645,3.7839999198913574,2.815999984741211
train,dish_1559675234,data/nutrition5k_dataset/imagery/realsense_overhead/dish_1559675234/rgb.png,36.970001220703125,120.0,0.2709999978542328,8.135000228881836,2.075000047683716
train,dish_1564675157,data/nutrition5k_dataset/imagery/realsense_overhead/dish_1564675157/rgb.png,208.9287872314453,284.0,4.1728291511535645,42.405174255371094,2.354732036590576
train,dish_1558719145,data/nutrition5k_dataset/imagery/realsense_overhead/dish_1558719145/rgb.png,547.072998046875,416.0,36.82100296020508,48.14399719238281,18.49300193786621
train,dish_1563563264,data/nutrition5k_dataset/imagery/realsense_overhead/dish_1563563264/rgb.png,322.0019836425781,163.0,22.523000717163086,2.7669999599456787,27.68199920654297
train,dish_1559846585,data/nutrition5k_dataset/imagery/realsense_overhead/dish_1559846585/rgb.png,114.97200775146484,201.0,0.20100000500679016,30.551998138427734,0.8040000200271606
train,dish_1562617370,data/nutrition5k_dataset/imagery/realsense_overhead/dish_1562617370/rgb.png,155.09999084472656,55.0,6.599999904632568,17.600000381469727,6.599999904632568
train,dish_1559245920,data/nutrition5k_dataset/imagery/realsense_overhead/dish_1559245920/rgb.png,14.25,57.0,0.17100000381469727,2.8499999046325684,1.0260000228881836
train,dish_1563820806,data/nutrition5k_dataset/imagery/realsense_overhead/dish_1563820806/rgb.png,207.814453125,273.0,4.1914801597595215,10.491398811340332,31.38185691833496
train,dish_1562010130,data/nutrition5k_dataset/imagery/realsense_overhead/dish_1562010130/rgb.png,638.1875610351562,376.0,37.53343963623047,28.654207229614258,47.2628059387207
train,dish_1565204855,data/nutrition5k_dataset/imagery/realsense_overhead/dish_1565204855/rgb.png,53.613285064697266,105.0,1.3434319496154785,9.310905456542969,3.515497922897339
train,dish_1566501382,data/nutrition5k_dataset/imagery/realsense_overhead/dish_1566501382/rgb.png,283.5299987792969,330.0,4.0,12.261000633239746,47.96399688720703
train,dish_1567537280,data/nutrition5k_dataset/imagery/realsense_overhead/dish_1567537280/rgb.png,733.0185546875,404.0,34.70823669433594,51.064735412597656,51.27516174316406
train,dish_1561665024,data/nutrition5k_dataset/imagery/realsense_overhead/dish_1561665024/rgb.png,100.57098388671875,121.0,6.984663963317871,8.948564529418945,2.141329050064087
train,dish_1565726949,data/nutrition5k_dataset/imagery/realsense_overhead/dish_1565726949/rgb.png,451.5469970703125,372.0,27.14777946472168,22.201358795166016,29.08844757080078
train,dish_1567801716,data/nutrition5k_dataset/imagery/realsense_overhead/dish_1567801716/rgb.png,101.04199981689453,38.0,3.572000026702881,12.729999542236328,4.25600004196167
train,dish_1560456853,data/nutrition5k_dataset/imagery/realsense_overhead/dish_1560456853/rgb.png,405.703369140625,501.0,26.503923416137695,43.40222930908203,35.03184509277344
train,dish_1559585533,data/nutrition5k_dataset/imagery/realsense_overhead/dish_1559585533/rgb.png,12.949999809265137,37.0,0.14800000190734863,2.5899999141693115,0.8880000114440918
train,dish_1560975346,data/nutrition5k_dataset/imagery/realsense_overhead/dish_1560975346/rgb.png,326.33856201171875,224.0,14.924776077270508,4.47505521774292,41.01272964477539
train,dish_1558719401,data/nutrition5k_dataset/imagery/realsense_overhead/dish_1558719401/rgb.png,51.98899841308594,49.0,1.1759999990463257,10.779999732971191,1.5190000534057617
train,dish_1562686492,data/nutrition5k_dataset/imagery/realsense_overhead/dish_1562686492/rgb.png,160.0,100.0,10.0,3.0,14.0
train,dish_1559848929,data/nutrition5k_dataset/imagery/realsense_overhead/dish_1559848929/rgb.png,189.29200744628906,321.0,0.49399998784065247,49.50199890136719,1.6970000267028809
train,dish_1565641844,data/nutrition5k_dataset/imagery/realsense_overhead/dish_1565641844/rgb.png,244.62799072265625,92.0,8.64799976348877,30.82000160217285,10.303999900817871
train,dish_1560788349,data/nutrition5k_dataset/imagery/realsense_overhead/dish_1560788349/rgb.png,78.92599487304688,134.0,0.5360000133514404,4.823999881744385,13.40000057220459
train,dish_1564777933,data/nutrition5k_dataset/imagery/realsense_overhead/dish_1564777933/rgb.png,103.70099639892578,39.0,3.6659998893737793,13.065000534057617,4.368000030517578
train,dish_1562958445,data/nutrition5k_dataset/imagery/realsense_overhead/dish_1562958445/rgb.png,24.149999618530273,21.0,2.246999979019165,1.3229999542236328,0.1679999977350235
train,dish_1563568025,data/nutrition5k_dataset/imagery/realsense_overhead/dish_1563568025/rgb.png,244.98635864257812,247.0,16.967199325561523,28.967130661010742,19.446245193481445
train,dish_1561492182,data/nutrition5k_dataset/imagery/realsense_overhead/dish_1561492182/rgb.png,250.1656951904297,171.0,7.306371212005615,40.088069915771484,6.884981155395508
train,dish_1564685360,data/nutrition5k_dataset/imagery/realsense_overhead/dish_1564685360/rgb.png,304.0523681640625,129.0,20.049007415771484,4.989798069000244,25.973655700683594
train,dish_1561580608,data/nutrition5k_dataset/imagery/realsense_overhead/dish_1561580608/rgb.png,20.25,81.0,0.24300000071525574,4.050000190734863,1.4579999446868896
train,dish_1559244417,data/nutrition5k_dataset/imagery/realsense_overhead/dish_1559244417/rgb.png,72.83250427246094,59.0,6.920828819274902,2.375516891479492,1.4159109592437744
train,dish_1565119439,data/nutrition5k_dataset/imagery/realsense_overhead/dish_1565119439/rgb.png,465.4122314453125,189.0,19.56342315673828,42.85847473144531,27.351354598999023
train,dish_1559846363,data/nutrition5k_dataset/imagery/realsense_overhead/dish_1559846363/rgb.png,154.2620086669922,286.0,0.4880000054836273,39.68199920654297,1.996000051498413
train,dish_1563475921,data/nutrition5k_dataset/imagery/realsense_overhead/dish_1563475921/rgb.png,244.34332275390625,348.0,6.723852157592773,27.165054321289062,19.799663543701172
train,dish_1566501012,data/nutrition5k_dataset/imagery/realsense_overhead/dish_1566501012/rgb.png,132.87998962402344,160.0,10.555000305175781,10.810999870300293,1.843000054359436
train,dish_1558721726,data/nutrition5k_dataset/imagery/realsense_overhead/dish_1558721726/rgb.png,74.36000061035156,143.0,0.28600001335144043,20.020000457763672,0.42899999022483826
train,dish_1568320338,data/nutrition5k_dataset/imagery/realsense_overhead/dish_1568320338/rgb.png,390.1807861328125,163.0,17.41452407836914,30.789936065673828,25.454532623291016
train,dish_1559678651,data/nutrition5k_dataset/imagery/realsense_overhead/dish_1559678651/rgb.png,107.85665893554688,122.0,9.327810287475586,7.949951171875,10.96607494354248
train,dish_1557861697,data/nutrition5k_dataset/imagery/realsense_overhead/dish_1557861697/rgb.png,13.144000053405762,53.0,0.10599999874830246,3.127000093460083,0.5299999713897705
train,dish_1558723475,data/nutrition5k_dataset/imagery/realsense_overhead/dish_1558723475/rgb.png,22.780000686645508,67.0,0.1340000033378601,5.360000133514404,0.5360000133514404
train,dish_1567542778,data/nutrition5k_dataset/imagery/realsense_overhead/dish_1567542778/rgb.png,260.5820007324219,98.0,9.211999893188477,32.83000183105469,10.976000785827637
train,dish_1565640772,data/nutrition5k_dataset/imagery/realsense_overhead/dish_1565640772/rgb.png,241.1699981689453,191.0,5.1479997634887695,2.861999988555908,43.65800094604492
train,dish_1559593746,data/nutrition5k_dataset/imagery/realsense_overhead/dish_1559593746/rgb.png,156.9629364013672,186.0,12.440333366394043,9.556886672973633,3.4991679191589355
train,dish_1565727851,data/nutrition5k_dataset/imagery/realsense_overhead/dish_1565727851/rgb.png,406.4739990234375,305.0,21.7549991607666,13.028000831604004,41.22000503540039
train,dish_1562613867,data/nutrition5k_dataset/imagery/realsense_overhead/dish_1562613867/rgb.png,83.88605499267578,57.0,5.606606960296631,7.847054958343506,1.8306469917297363
train,dish_1567542953,data/nutrition5k_dataset/imagery/realsense_overhead/dish_1567542953/rgb.png,542.496337890625,354.0,21.497739791870117,56.767730712890625,30.133644104003906
train,dish_1564601638,data/nutrition5k_dataset/imagery/realsense_overhead/dish_1564601638/rgb.png,712.4564208984375,541.0,46.945045471191406,42.989044189453125,51.12668991088867
train,dish_1563550614,data/nutrition5k_dataset/imagery/realsense_overhead/dish_1563550614/rgb.png,132.8243865966797,205.0,1.7534149885177612,11.551586151123047,15.085366249084473
train,dish_1564605328,data/nutrition5k_dataset/imagery/realsense_overhead/dish_1564605328/rgb.png,541.2380981445312,349.0,25.873275756835938,57.83176803588867,20.28917121887207
train,dish_1558372433,data/nutrition5k_dataset/imagery/realsense_overhead/dish_1558372433/rgb.png,74.36000061035156,143.0,0.28600001335144043,0.42899999022483826,20.020000457763672
train,dish_1561481606,data/nutrition5k_dataset/imagery/realsense_overhead/dish_1561481606/rgb.png,354.0899963378906,141.0,26.979999542236328,2.181999921798706,24.09000015258789
train,dish_1563813806,data/nutrition5k_dataset/imagery/realsense_overhead/dish_1563813806/rgb.png,81.1199951171875,156.0,0.31200000643730164,1.0920000076293945,15.600000381469727
train,dish_1563479526,data/nutrition5k_dataset/imagery/realsense_overhead/dish_1563479526/rgb.png,67.84487915039062,51.0,4.7131028175354,5.867840766906738,1.2910979986190796
train,dish_1560802006,data/nutrition5k_dataset/imagery/realsense_overhead/dish_1560802006/rgb.png,35.92649459838867,44.0,1.4045050144195557,3.6885619163513184,2.727821111679077
train,dish_1561406789,data/nutrition5k_dataset/imagery/realsense_overhead/dish_1561406789/rgb.png,184.90541076660156,164.0,0.8010910153388977,39.57240676879883,3.7939670085906982
train,dish_1563294547,data/nutrition5k_dataset/imagery/realsense_overhead/dish_1563294547/rgb.png,430.2656555175781,455.0,16.907398223876953,71.27210998535156,4.36401891708374
train,dish_1568044528,data/nutrition5k_dataset/imagery/realsense_overhead/dish_1568044528/rgb.png,145.46340942382812,233.0,3.0408780574798584,29.163124084472656,1.8299510478973389
train,dish_1559240382,data/nutrition5k_dataset/imagery/realsense_overhead/dish_1559240382/rgb.png,20.64650535583496,42.0,0.4969089925289154,4.142887115478516,0.3731609880924225
train,dish_1560798854,data/nutrition5k_dataset/imagery/realsense_overhead/dish_1560798854/rgb.png,455.5067443847656,372.0,19.443832397460938,50.67368698120117,23.491779327392578
train,dish_1561665671,data/nutrition5k_dataset/imagery/realsense_overhead/dish_1561665671/rgb.png,158.38900756835938,89.0,5.056000232696533,23.979999542236328,5.919000148773193
train,dish_1558718009,data/nutrition5k_dataset/imagery/realsense_overhead/dish_1558718009/rgb.png,25.84000015258789,76.0,0.15199999511241913,6.079999923706055,0.6079999804496765
train,dish_1561493975,data/nutrition5k_dataset/imagery/realsense_overhead/dish_1561493975/rgb.png,130.8516082763672,106.0,12.434030532836914,4.26787805557251,2.543839931488037
train,dish_1560369273,data/nutrition5k_dataset/imagery/realsense_overhead/dish_1560369273/rgb.png,308.9516906738281,221.0,28.424226760864258,10.63967227935791,36.66830825805664
train,dish_1558638896,data/nutrition5k_dataset/imagery/realsense_overhead/dish_1558638896/rgb.png,22.68000030517578,126.0,0.25200000405311584,4.914000034332275,1.1339999437332153
train,dish_1558642089,data/nutrition5k_dataset/imagery/realsense_overhead/dish_1558642089/rgb.png,39.36000061035156,96.0,0.19200000166893005,9.600000381469727,0.8640000224113464
train,dish_1558629488,data/nutrition5k_dataset/imagery/realsense_overhead/dish_1558629488/rgb.png,16.0,64.0,0.19200000166893005,3.200000047683716,1.1519999504089355
train,dish_1565209963,data/nutrition5k_dataset/imagery/realsense_overhead/dish_1565209963/rgb.png,244.45596313476562,253.0,7.331050872802734,33.01606750488281,13.147844314575195
train,dish_1566501041,data/nutrition5k_dataset/imagery/realsense_overhead/dish_1566501041/rgb.png,279.3179931640625,194.0,20.279001235961914,12.23900032043457,14.89900016784668
train,dish_1558723512,data/nutrition5k_dataset/imagery/realsense_overhead/dish_1558723512/rgb.png,15.989999771118164,39.0,0.07800000160932541,3.9000000953674316,0.35100001096725464
train,dish_1561740385,data/nutrition5k_dataset/imagery/realsense_overhead/dish_1561740385/rgb.png,99.37455749511719,139.0,6.882791042327881,9.44024658203125,1.7587569952011108
train,dish_1567542914,data/nutrition5k_dataset/imagery/realsense_overhead/dish_1567542914/rgb.png,513.996337890625,297.0,21.440738677978516,49.357723236083984,29.848644256591797
train,dish_1565797723,data/nutrition5k_dataset/imagery/realsense_overhead/dish_1565797723/rgb.png,202.9288787841797,221.0,10.543742179870605,21.219322204589844,7.8520002365112305
train,dish_1562008695,data/nutrition5k_dataset/imagery/realsense_overhead/dish_1562008695/rgb.png,18.0,72.0,0.2160000056028366,3.5999999046325684,1.2960000038146973
train,dish_1558459059,data/nutrition5k_dataset/imagery/realsense_overhead/dish_1558459059/rgb.png,28.979999542236328,42.0,0.08399999886751175,7.559999942779541,0.2939999997615814
train,dish_1558721587,data/nutrition5k_dataset/imagery/realsense_overhead/dish_1558721587/rgb.png,95.48999786376953,90.0,2.1600000858306885,19.799999237060547,2.7899999618530273
train,dish_1558029324,data/nutrition5k_dataset/imagery/realsense_overhead/dish_1558029324/rgb.png,273.5,250.0,11.56299877166748,29.64800262451172,12.829999923706055
train,dish_1559240510,data/nutrition5k_dataset/imagery/realsense_overhead/dish_1559240510/rgb.png,73.51651000976562,213.0,1.0639090538024902,15.542886734008789,3.1261610984802246
train,dish_1560367116,data/nutrition5k_dataset/imagery/realsense_overhead/dish_1560367116/rgb.png,108.40997314453125,211.0,6.256616115570068,12.151617050170898,9.205686569213867
train,dish_1558468435,data/nutrition5k_dataset/imagery/realsense_overhead/dish_1558468435/rgb.png,28.0,80.0,0.3199999928474426,5.599999904632568,1.9199999570846558
train,dish_1561753021,data/nutrition5k_dataset/imagery/realsense_overhead/dish_1561753021/rgb.png,918.17578125,573.0,46.218570709228516,43.13064956665039,81.84407806396484
train,dish_1562691566,data/nutrition5k_dataset/imagery/realsense_overhead/dish_1562691566/rgb.png,100.61365509033203,187.0,2.766633987426758,6.88663387298584,11.730731964111328
train,dish_1565726848,data/nutrition5k_dataset/imagery/realsense_overhead/dish_1565726848/rgb.png,102.10530853271484,121.0,8.046615600585938,6.780673980712891,2.597132921218872
train,dish_1561062555,data/nutrition5k_dataset/imagery/realsense_overhead/dish_1561062555/rgb.png,47.09392166137695,32.0,3.147568941116333,4.405364990234375,1.027732014656067
train,dish_1564429808,data/nutrition5k_dataset/imagery/realsense_overhead/dish_1564429808/rgb.png,380.67999267578125,422.0,10.968195915222168,50.62771987915039,21.296409606933594
train,dish_1565117962,data/nutrition5k_dataset/imagery/realsense_overhead/dish_1565117962/rgb.png,379.9159851074219,304.0,5.538000106811523,6.210000038146973,72.322998046875
train,dish_1562180157,data/nutrition5k_dataset/imagery/realsense_overhead/dish_1562180157/rgb.png,1009.1766967773438,557.0,72.16327667236328,25.456958770751953,63.837642669677734
train,dish_1566317801,data/nutrition5k_dataset/imagery/realsense_overhead/dish_1566317801/rgb.png,275.3999938964844,420.0,4.0,56.98400115966797,7.257999897003174
train,dish_1563207277,data/nutrition5k_dataset/imagery/realsense_overhead/dish_1563207277/rgb.png,153.08999633789062,106.0,6.099999904632568,23.700000762939453,1.2999999523162842
train,dish_1559062082,data/nutrition5k_dataset/imagery/realsense_overhead/dish_1559062082/rgb.png,387.8699951171875,311.0,21.615999221801758,22.046001434326172,25.468000411987305
train,dish_1558722370,data/nutrition5k_dataset/imagery/realsense_overhead/dish_1558722370/rgb.png,19.75,79.0,0.2370000034570694,3.950000047683716,1.4220000505447388
train,dish_1565640601,data/nutrition5k_dataset/imagery/realsense_overhead/dish_1565640601/rgb.png,411.1518249511719,333.0,18.675561904907227,13.240899085998535,46.487823486328125
train,dish_1565728388,data/nutrition5k_dataset/imagery/realsense_overhead/dish_1565728388/rgb.png,124.9729995727539,47.0,4.418000221252441,15.745000839233398,5.263999938964844
train,dish_1561747075,data/nutrition5k_dataset/imagery/realsense_overhead/dish_1561747075/rgb.png,646.5880737304688,301.0,32.647552490234375,31.98232078552246,55.615631103515625
train,dish_1566417398,data/nutrition5k_dataset/imagery/realsense_overhead/dish_1566417398/rgb.png,56.892494201660156,46.0,5.3578619956970215,2.0880420207977295,0.7926470041275024
train,dish_1563393244,data/nutrition5k_dataset/imagery/realsense_overhead/dish_1563393244/rgb.png,57.55000305175781,280.0,0.5196670293807983,11.570667266845703,3.2296669483184814
train,dish_1563208129,data/nutrition5k_dataset/imagery/realsense_overhead/dish_1563208129/rgb.png,426.71124267578125,291.0,26.187734603881836,27.697925567626953,19.36132049560547
train,dish_1565884833,data/nutrition5k_dataset/imagery/realsense_overhead/dish_1565884833/rgb.png,497.739013671875,643.0,12.98900032043457,40.57899856567383,49.141998291015625
train,dish_1558631904,data/nutrition5k_dataset/imagery/realsense_overhead/dish_1558631904/rgb.png,80.07999420166016,154.0,0.30799999833106995,21.559999465942383,0.4620000123977661
train,dish_1561576737,data/nutrition5k_dataset/imagery/realsense_overhead/dish_1561576737/rgb.png,357.4725646972656,519.0,13.91263484954834,20.959461212158203,39.04610824584961
train,dish_1558630006,data/nutrition5k_dataset/imagery/realsense_overhead/dish_1558630006/rgb.png,51.75,75.0,0.15000000596046448,13.500000953674316,0.5249999761581421
train,dish_1562007817,data/nutrition5k_dataset/imagery/realsense_overhead/dish_1562007817/rgb.png,444.12139892578125,391.0,15.10150146484375,51.505577087402344,26.162633895874023
train,dish_1562862550,data/nutrition5k_dataset/imagery/realsense_overhead/dish_1562862550/rgb.png,364.52001953125,257.0,19.189998626708984,29.10300064086914,18.829601287841797
train,dish_1563824406,data/nutrition5k_dataset/imagery/realsense_overhead/dish_1563824406/rgb.png,474.13604736328125,387.0,28.472000122070312,17.13800048828125,39.37699890136719
train,dish_1564590288,data/nutrition5k_dataset/imagery/realsense_overhead/dish_1564590288/rgb.png,464.8558349609375,848.0,4.442218780517578,57.08477783203125,44.83949279785156
train,dish_1566332154,data/nutrition5k_dataset/imagery/realsense_overhead/dish_1566332154/rgb.png,401.04998779296875,425.0,17.644001007080078,11.355999946594238,50.26100158691406
train,dish_1564675240,data/nutrition5k_dataset/imagery/realsense_overhead/dish_1564675240/rgb.png,502.8787841796875,886.0,5.376829147338867,51.51617431640625,55.499732971191406
train,dish_1557861795,data/nutrition5k_dataset/imagery/realsense_overhead/dish_1557861795/rgb.png,13.640000343322754,31.0,0.6510000228881836,1.3329999446868896,0.9919999837875366
train,dish_1564775182,data/nutrition5k_dataset/imagery/realsense_overhead/dish_1564775182/rgb.png,398.00152587890625,277.0,26.03623390197754,13.835517883300781,27.54071044921875
train,dish_1565640868,data/nutrition5k_dataset/imagery/realsense_overhead/dish_1565640868/rgb.png,395.97998046875,406.0,13.601999282836914,19.803998947143555,49.051002502441406
train,dish_1566501153,data/nutrition5k_dataset/imagery/realsense_overhead/dish_1566501153/rgb.png,1006.91796875,419.0,83.76100158691406,17.909000396728516,50.87900161743164
train,dish_1565812186,data/nutrition5k_dataset/imagery/realsense_overhead/dish_1565812186/rgb.png,324.9784240722656,266.0,15.806601524353027,12.315649032592773,32.82394790649414
train,dish_1558372650,data/nutrition5k_dataset/imagery/realsense_overhead/dish_1558372650/rgb.png,57.27000045776367,83.0,0.16599999368190765,14.940000534057617,0.5809999704360962
train,dish_1561748274,data/nutrition5k_dataset/imagery/realsense_overhead/dish_1561748274/rgb.png,558.5146484375,260.0,28.200544357299805,27.62592887878418,48.04008102416992
train,dish_1562094621,data/nutrition5k_dataset/imagery/realsense_overhead/dish_1562094621/rgb.png,10.539999961853027,34.0,0.03400000184774399,2.380000114440918,0.6119999885559082
train,dish_1561491121,data/nutrition5k_dataset/imagery/realsense_overhead/dish_1561491121/rgb.png,31.457469940185547,28.0,2.923962116241455,1.1825569868087769,0.5658479928970337
train,dish_1558459020,data/nutrition5k_dataset/imagery/realsense_overhead/dish_1558459020/rgb.png,10.979999542236328,61.0,0.12200000137090683,2.378999948501587,0.5490000247955322
train,dish_1562873544,data/nutrition5k_dataset/imagery/realsense_overhead/dish_1562873544/rgb.png,193.61170959472656,201.0,11.637622833251953,18.182363510131836,13.776481628417969
train,dish_1564082323,data/nutrition5k_dataset/imagery/realsense_overhead/dish_1564082323/rgb.png,748.8612060546875,518.0,24.989885330200195,22.466739654541016,103.61275482177734
train,dish_1561579933,data/nutrition5k_dataset/imagery/realsense_overhead/dish_1561579933/rgb.png,447.4492492675781,306.0,27.486642837524414,11.074479103088379,38.74591827392578
train,dish_1562183201,data/nutrition5k_dataset/imagery/realsense_overhead/dish_1562183201/rgb.png,558.9423828125,425.0,25.51402473449707,66.2470474243164,18.725252151489258
train,dish_1564690085,data/nutrition5k_dataset/imagery/realsense_overhead/dish_1564690085/rgb.png,170.61599731445312,143.0,5.857382774353027,22.2794189453125,9.364126205444336
train,dish_1560368764,data/nutrition5k_dataset/imagery/realsense_overhead/dish_1560368764/rgb.png,207.09890747070312,270.0,15.165787696838379,14.01703929901123,7.992477893829346
train,dish_1558724574,data/nutrition5k_dataset/imagery/realsense_overhead/dish_1558724574/rgb.png,50.7400016784668,118.0,0.3540000021457672,10.620000839233398,4.01200008392334
train,dish_1556575273,data/nutrition5k_dataset/imagery/realsense_overhead/dish_1556575273/rgb.png,103.30000305175781,152.0,6.881999969482422,10.618000030517578,2.868000030517578
train,dish_1558640781,data/nutrition5k_dataset/imagery/realsense_overhead/dish_1558640781/rgb.png,80.07999420166016,154.0,0.30799999833106995,21.559999465942383,0.4620000123977661
train,dish_1562603842,data/nutrition5k_dataset/imagery/realsense_overhead/dish_1562603842/rgb.png,594.2453002929688,237.0,38.46064376831055,60.725196838378906,6.708000183105469
train,dish_1561578344,data/nutrition5k_dataset/imagery/realsense_overhead/dish_1561578344/rgb.png,144.255859375,86.0,6.570765972137451,15.913660049438477,5.5287017822265625
train,dish_1564169958,data/nutrition5k_dataset/imagery/realsense_overhead/dish_1564169958/rgb.png,787.7764892578125,563.0,37.70469665527344,46.74098205566406,67.09317016601562
train,dish_1558373492,data/nutrition5k_dataset/imagery/realsense_overhead/dish_1558373492/rgb.png,888.22998046875,325.0,66.76899719238281,42.290000915527344,38.957000732421875
train,dish_1563304261,data/nutrition5k_dataset/imagery/realsense_overhead/dish_1563304261/rgb.png,30.210914611816406,37.0,1.181061029434204,3.1017448902130127,2.293848991394043
train,dish_1558379588,data/nutrition5k_dataset/imagery/realsense_overhead/dish_1558379588/rgb.png,74.36000061035156,143.0,0.28600001335144043,0.42899999022483826,20.020000457763672
train,dish_1558628888,data/nutrition5k_dataset/imagery/realsense_overhead/dish_1558628888/rgb.png,111.95999908447266,72.0,7.559999942779541,0.8640000224113464,9.0
train,dish_1566501324,data/nutrition5k_dataset/imagery/realsense_overhead/dish_1566501324/rgb.png,65.2699966430664,113.0,2.9260001182556152,10.038000106811523,1.0509999990463257
train,dish_1567526845,data/nutrition5k_dataset/imagery/realsense_overhead/dish_1567526845/rgb.png,448.1499938964844,709.0,7.375999927520752,44.13100051879883,45.689998626708984
train,dish_1559844928,data/nutrition5k_dataset/imagery/realsense_overhead/dish_1559844928/rgb.png,66.22000122070312,86.0,0.0860000029206276,14.619999885559082,1.7200000286102295
train,dish_1568666032,data/nutrition5k_dataset/imagery/realsense_overhead/dish_1568666032/rgb.png,243.5841827392578,220.0,9.011759757995605,26.88666343688965,14.889455795288086
train,dish_1563221640,data/nutrition5k_dataset/imagery/realsense_overhead/dish_1563221640/rgb.png,469.1861877441406,364.0,19.88149642944336,39.2574348449707,34.722007751464844
train,dish_1564601528,data/nutrition5k_dataset/imagery/realsense_overhead/dish_1564601528/rgb.png,142.74099731445312,163.0,6.192999839782715,19.92300033569336,2.4010000228881836
train,dish_1564170010,data/nutrition5k_dataset/imagery/realsense_overhead/dish_1564170010/rgb.png,1264.54833984375,831.0,61.89387512207031,57.29193878173828,116.8625717163086
train,dish_1565798531,data/nutrition5k_dataset/imagery/realsense_overhead/dish_1565798531/rgb.png,61.57621383666992,61.0,5.820786952972412,2.2552220821380615,0.8308799862861633
train,dish_1562611680,data/nutrition5k_dataset/imagery/realsense_overhead/dish_1562611680/rgb.png,326.88897705078125,256.0,19.41179847717285,24.775014877319336,16.02803611755371
train,dish_1565987298,data/nutrition5k_dataset/imagery/realsense_overhead/dish_1565987298/rgb.png,211.1389923095703,88.0,10.09446907043457,16.614517211914062,12.885552406311035
train,dish_1561060448,data/nutrition5k_dataset/imagery/realsense_overhead/dish_1561060448/rgb.png,109.01899719238281,41.0,3.8540000915527344,13.735000610351562,4.5920000076293945
train,dish_1565724087,data/nutrition5k_dataset/imagery/realsense_overhead/dish_1565724087/rgb.png,230.61495971679688,160.0,12.25284481048584,4.755568981170654,25.14710235595703
train,dish_1561576449,data/nutrition5k_dataset/imagery/realsense_overhead/dish_1561576449/rgb.png,77.0,308.0,0.9240000247955322,15.40000057220459,5.544000148773193
train,dish_1559838214,data/nutrition5k_dataset/imagery/realsense_overhead/dish_1559838214/rgb.png,43.279998779296875,8.0,3.359999895095825,0.1120000034570694,2.9600000381469727
train,dish_1562785328,data/nutrition5k_dataset/imagery/realsense_overhead/dish_1562785328/rgb.png,133.92333984375,91.0,8.950898170471191,12.527753829956055,2.922611951828003
train,dish_1562603598,data/nutrition5k_dataset/imagery/realsense_overhead/dish_1562603598/rgb.png,175.25950622558594,156.0,7.332730770111084,21.785268783569336,6.30629301071167
train,dish_1565379251,data/nutrition5k_dataset/imagery/realsense_overhead/dish_1565379251/rgb.png,32.936092376708984,67.0,0.7926890254020691,6.608891010284424,0.5952799916267395
train,dish_1558380804,data/nutrition5k_dataset/imagery/realsense_overhead/dish_1558380804/rgb.png,7.559999942779541,27.0,0.1080000028014183,1.430999994277954,0.593999981880188
train,dish_1561737200,data/nutrition5k_dataset/imagery/realsense_overhead/dish_1561737200/rgb.png,478.5820007324219,262.0,32.23099899291992,5.928999900817871,37.08100128173828
train,dish_1567801520,data/nutrition5k_dataset/imagery/realsense_overhead/dish_1567801520/rgb.png,919.09716796875,600.0,42.248199462890625,53.029022216796875,79.97162628173828
train,dish_1561576074,data/nutrition5k_dataset/imagery/realsense_overhead/dish_1561576074/rgb.png,374.5453796386719,216.0,19.081562042236328,24.043354034423828,25.967586517333984
train,dish_1562774980,data/nutrition5k_dataset/imagery/realsense_overhead/dish_1562774980/rgb.png,136.6800079345703,201.0,2.813999891281128,24.119998931884766,4.823999881744385
train,dish_1563551360,data/nutrition5k_dataset/imagery/realsense_overhead/dish_1563551360/rgb.png,322.6400146484375,218.0,23.979999542236328,3.48799991607666,21.80000114440918
train,dish_1563465847,data/nutrition5k_dataset/imagery/realsense_overhead/dish_1563465847/rgb.png,267.75,182.0,19.054000854492188,6.684000015258789,16.38300132751465
train,dish_1558639089,data/nutrition5k_dataset/imagery/realsense_overhead/dish_1558639089/rgb.png,19.31999969482422,28.0,0.0560000017285347,5.039999961853027,0.19599999487400055
train,dish_1559925174,data/nutrition5k_dataset/imagery/realsense_overhead/dish_1559925174/rgb.png,88.3499984741211,155.0,0.4650000035762787,21.700000762939453,1.0850000381469727
train,dish_1568401018,data/nutrition5k_dataset/imagery/realsense_overhead/dish_1568401018/rgb.png,587.7099609375,447.0,12.47599983215332,7.196000099182129,106.16800689697266
train,dish_1561576954,data/nutrition5k_dataset/imagery/realsense_overhead/dish_1561576954/rgb.png,345.3437194824219,262.0,15.472434043884277,8.6705322265625,42.441226959228516
train,dish_1562009182,data/nutrition5k_dataset/imagery/realsense_overhead/dish_1562009182/rgb.png,306.22991943359375,274.0,20.686609268188477,10.744779586791992,23.347610473632812
train,dish_1563913741,data/nutrition5k_dataset/imagery/realsense_overhead/dish_1563913741/rgb.png,353.0623779296875,292.0,14.037527084350586,44.29316329956055,14.324348449707031
train,dish_1562173381,data/nutrition5k_dataset/imagery/realsense_overhead/dish_1562173381/rgb.png,389.39801025390625,113.0,30.849000930786133,4.745999813079834,21.80900001525879
train,dish_1565637504,data/nutrition5k_dataset/imagery/realsense_overhead/dish_1565637504/rgb.png,28.0,56.0,0.0560000017285347,7.28000020980835,0.2800000011920929
train,dish_1567612954,data/nutrition5k_dataset/imagery/realsense_overhead/dish_1567612954/rgb.png,148.34634399414062,155.0,3.7804880142211914,27.219512939453125,1.5121949911117554
train,dish_1561061658,data/nutrition5k_dataset/imagery/realsense_overhead/dish_1561061658/rgb.png,226.00013732910156,227.0,12.284481048583984,24.67863655090332,8.949248313903809
train,dish_1558641897,data/nutrition5k_dataset/imagery/realsense_overhead/dish_1558641897/rgb.png,116.70999908447266,110.0,2.640000104904175,24.200000762939453,3.4100000858306885
train,dish_1566933401,data/nutrition5k_dataset/imagery/realsense_overhead/dish_1566933401/rgb.png,27.052682876586914,79.0,2.0809760093688965,1.6956100463867188,1.1560980081558228
train,dish_1558115320,data/nutrition5k_dataset/imagery/realsense_overhead/dish_1558115320/rgb.png,173.4300079345703,30.0,14.850000381469727,6.809999942779541,6.71999979019165
train,dish_1566330466,data/nutrition5k_dataset/imagery/realsense_overhead/dish_1566330466/rgb.png,377.4259033203125,283.0,16.740232467651367,25.284509658813477,30.161399841308594
train,dish_1560369146,data/nutrition5k_dataset/imagery/realsense_overhead/dish_1560369146/rgb.png,474.83294677734375,359.0,28.112361907958984,16.167394638061523,39.06140899658203
train,dish_1559233144,data/nutrition5k_dataset/imagery/realsense_overhead/dish_1559233144/rgb.png,398.0639953613281,198.0,29.666000366210938,3.7219998836517334,27.729000091552734
train,dish_1562096542,data/nutrition5k_dataset/imagery/realsense_overhead/dish_1562096542/rgb.png,38.089599609375,50.0,2.763935089111328,3.123378038406372,0.9420130252838135
train,dish_1564514953,data/nutrition5k_dataset/imagery/realsense_overhead/dish_1564514953/rgb.png,249.89915466308594,281.0,22.069690704345703,19.0184383392334,26.38174819946289
train,dish_1562871537,data/nutrition5k_dataset/imagery/realsense_overhead/dish_1562871537/rgb.png,685.77294921875,554.0,30.77962303161621,53.01483154296875,50.17634201049805
train,dish_1564690138,data/nutrition5k_dataset/imagery/realsense_overhead/dish_1564690138/rgb.png,190.49949645996094,181.0,6.844432830810547,24.8729190826416,10.031025886535645
train,dish_1559581378,data/nutrition5k_dataset/imagery/realsense_overhead/dish_1559581378/rgb.png,705.7347412109375,372.0,52.45936584472656,11.826250076293945,44.451255798339844
train,dish_1565210073,data/nutrition5k_dataset/imagery/realsense_overhead/dish_1565210073/rgb.png,364.41619873046875,511.0,11.813125610351562,49.916316986083984,19.357192993164062
train,dish_1568318316,data/nutrition5k_dataset/imagery/realsense_overhead/dish_1568318316/rgb.png,525.4199829101562,297.0,35.03999710083008,6.09499979019165,48.029998779296875
train,dish_1564516732,data/nutrition5k_dataset/imagery/realsense_overhead/dish_1564516732/rgb.png,26.545507431030273,54.0,0.6388840079307556,5.326569080352783,0.479777991771698
train,dish_1563824092,data/nutrition5k_dataset/imagery/realsense_overhead/dish_1563824092/rgb.png,36.27959060668945,135.0,0.9890329837799072,6.352622985839844,1.4449739456176758
train,dish_1558632130,data/nutrition5k_dataset/imagery/realsense_overhead/dish_1558632130/rgb.png,33.65999984741211,99.0,0.1979999989271164,7.920000076293945,0.7919999957084656
train,dish_1560356566,data/nutrition5k_dataset/imagery/realsense_overhead/dish_1560356566/rgb.png,676.7999877929688,213.0,51.94999694824219,3.2239999771118164,46.13999938964844
train,dish_1562872470,data/nutrition5k_dataset/imagery/realsense_overhead/dish_1562872470/rgb.png,286.3815002441406,282.0,8.330788612365723,21.32480812072754,34.486358642578125
train,dish_1563476646,data/nutrition5k_dataset/imagery/realsense_overhead/dish_1563476646/rgb.png,380.1580810546875,218.0,18.121593475341797,21.65331268310547,29.90888214111328
train,dish_1563911215,data/nutrition5k_dataset/imagery/realsense_overhead/dish_1563911215/rgb.png,218.158203125,170.0,6.710484027862549,18.9080867767334,20.23870849609375
train,dish_1560961261,data/nutrition5k_dataset/imagery/realsense_overhead/dish_1560961261/rgb.png,192.51998901367188,218.0,11.830999374389648,10.294000625610352,12.031000137329102
train,dish_1562181217,data/nutrition5k_dataset/imagery/realsense_overhead/dish_1562181217/rgb.png,546.4844970703125,199.0,36.503475189208984,11.240341186523438,41.3797607421875
train,dish_1558640145,data/nutrition5k_dataset/imagery/realsense_overhead/dish_1558640145/rgb.png,177.9530029296875,287.0,2.180000066757202,42.099998474121094,3.493000030517578
train,dish_1563568292,data/nutrition5k_dataset/imagery/realsense_overhead/dish_1563568292/rgb.png,276.6829833984375,193.0,7.7820000648498535,47.63500213623047,9.628000259399414
train,dish_1564774773,data/nutrition5k_dataset/imagery/realsense_overhead/dish_1564774773/rgb.png,50.13658142089844,90.0,2.5463409423828125,6.146340847015381,2.1073169708251953
train,dish_1561753400,data/nutrition5k_dataset/imagery/realsense_overhead/dish_1561753400/rgb.png,354.68267822265625,178.0,17.941112518310547,13.896810531616211,32.95927047729492
train,dish_1558722473,data/nutrition5k_dataset/imagery/realsense_overhead/dish_1558722473/rgb.png,149.64999389648438,379.0,0.8370000123977661,37.52300262451172,3.1559998989105225
train,dish_1561049373,data/nutrition5k_dataset/imagery/realsense_overhead/dish_1561049373/rgb.png,290.75,146.0,21.950000762939453,2.2980000972747803,19.729999542236328
train,dish_1558458737,data/nutrition5k_dataset/imagery/realsense_overhead/dish_1558458737/rgb.png,41.599998474121094,32.0,0.09600000083446503,8.960000038146973,0.8640000224113464
train,dish_1561579673,data/nutrition5k_dataset/imagery/realsense_overhead/dish_1561579673/rgb.png,221.3041534423828,360.0,7.6045098304748535,22.44707679748535,18.34421157836914
train,dish_1567525712,data/nutrition5k_dataset/imagery/realsense_overhead/dish_1567525712/rgb.png,510.5447692871094,184.0,40.46138000488281,32.977020263671875,6.916217803955078
train,dish_1568666329,data/nutrition5k_dataset/imagery/realsense_overhead/dish_1568666329/rgb.png,743.760009765625,594.0,42.48400115966797,19.770000457763672,72.89199829101562
train,dish_1560441247,data/nutrition5k_dataset/imagery/realsense_overhead/dish_1560441247/rgb.png,2.2100000381469727,17.0,0.03400000184774399,0.37400001287460327,0.2549999952316284
train,dish_1561661479,data/nutrition5k_dataset/imagery/realsense_overhead/dish_1561661479/rgb.png,242.17568969726562,166.0,10.854463577270508,13.715835571289062,21.488853454589844
train,dish_1565898723,data/nutrition5k_dataset/imagery/realsense_overhead/dish_1565898723/rgb.png,603.3902587890625,588.0,12.773447036743164,19.593021392822266,98.13849639892578
train,dish_1559844611,data/nutrition5k_dataset/imagery/realsense_overhead/dish_1559844611/rgb.png,55.88999938964844,81.0,0.16200000047683716,14.580000877380371,0.5669999718666077
train,dish_1560370833,data/nutrition5k_dataset/imagery/realsense_overhead/dish_1560370833/rgb.png,177.0030059814453,99.0,5.913000106811523,27.524999618530273,4.2870001792907715
train,dish_1561654732,data/nutrition5k_dataset/imagery/realsense_overhead/dish_1561654732/rgb.png,242.36000061035156,191.0,14.850000381469727,12.239999771118164,14.0600004196167
train,dish_1563389079,data/nutrition5k_dataset/imagery/realsense_overhead/dish_1563389079/rgb.png,50.42817306518555,119.0,0.9615330100059509,10.105690956115723,1.9188560247421265
train,dish_1559846504,data/nutrition5k_dataset/imagery/realsense_overhead/dish_1559846504/rgb.png,126.17200469970703,233.0,0.32899999618530273,32.79199981689453,1.5720000267028809
train,dish_1565640576,data/nutrition5k_dataset/imagery/realsense_overhead/dish_1565640576/rgb.png,307.28656005859375,267.0,16.090177536010742,11.782665252685547,28.774072647094727
train,dish_1566936323,data/nutrition5k_dataset/imagery/realsense_overhead/dish_1566936323/rgb.png,368.2922058105469,318.0,24.078575134277344,11.995162963867188,45.859100341796875
train,dish_1565117892,data/nutrition5k_dataset/imagery/realsense_overhead/dish_1565117892/rgb.png,132.59999084472656,102.0,0.6119999885559082,0.0,29.579999923706055
train,dish_1558723926,data/nutrition5k_dataset/imagery/realsense_overhead/dish_1558723926/rgb.png,19.260000228881836,107.0,0.21400000154972076,4.172999858856201,0.9629999995231628
train,dish_1564686740,data/nutrition5k_dataset/imagery/realsense_overhead/dish_1564686740/rgb.png,399.8045654296875,221.0,21.228469848632812,40.114349365234375,13.199509620666504
train,dish_1558724959,data/nutrition5k_dataset/imagery/realsense_overhead/dish_1558724959/rgb.png,581.4419555664062,426.0,36.465999603271484,57.00400161743164,21.29800033569336
train,dish_1558640604,data/nutrition5k_dataset/imagery/realsense_overhead/dish_1558640604/rgb.png,60.839996337890625,117.0,0.23399999737739563,16.3799991607666,0.35100001096725464
train,dish_1563908996,data/nutrition5k_dataset/imagery/realsense_overhead/dish_1563908996/rgb.png,269.9160461425781,293.0,10.461833000183105,15.449356079101562,29.324974060058594
train,dish_1564432191,data/nutrition5k_dataset/imagery/realsense_overhead/dish_1564432191/rgb.png,261.02838134765625,220.0,11.519486427307129,32.14186096191406,9.46121883392334
train,dish_1562691383,data/nutrition5k_dataset/imagery/realsense_overhead/dish_1562691383/rgb.png,86.87000274658203,70.0,0.14000000059604645,20.579999923706055,1.1200000047683716
train,dish_1558373639,data/nutrition5k_dataset/imagery/realsense_overhead/dish_1558373639/rgb.png,5.599999904632568,20.0,0.07999999821186066,1.059999942779541,0.4399999976158142
train,dish_1563477659,data/nutrition5k_dataset/imagery/realsense_overhead/dish_1563477659/rgb.png,26.55134391784668,52.0,0.66531902551651,4.611114978790283,1.741008996963501
train,dish_1563220109,data/nutrition5k_dataset/imagery/realsense_overhead/dish_1563220109/rgb.png,184.7359619140625,174.0,7.398599147796631,22.408950805664062,8.018722534179688
train,dish_1558640849,data/nutrition5k_dataset/imagery/realsense_overhead/dish_1558640849/rgb.png,105.239990234375,238.0,0.5339999794960022,27.059999465942383,1.7400000095367432
train,dish_1559332795,data/nutrition5k_dataset/imagery/realsense_overhead/dish_1559332795/rgb.png,39.36840057373047,39.0,3.721487045288086,1.441862940788269,0.5312190055847168
train,dish_1561579867,data/nutrition5k_dataset/imagery/realsense_overhead/dish_1561579867/rgb.png,369.3642883300781,217.0,20.49787712097168,7.796567916870117,37.048072814941406
train,dish_1561575474,data/nutrition5k_dataset/imagery/realsense_overhead/dish_1561575474/rgb.png,120.05843353271484,183.0,4.966117858886719,17.41274642944336,2.990431070327759
train,dish_1560368691,data/nutrition5k_dataset/imagery/realsense_overhead/dish_1560368691/rgb.png,140.75518798828125,112.0,11.99931812286377,7.191059112548828,2.918752908706665
train,dish_1562613898,data/nutrition5k_dataset/imagery/realsense_overhead/dish_1562613898/rgb.png,120.63604736328125,162.0,6.026607036590576,15.197054862976074,4.35064697265625
train,dish_1562959129,data/nutrition5k_dataset/imagery/realsense_overhead/dish_1562959129/rgb.png,412.87359619140625,293.0,22.177427291870117,47.374996185302734,24.67200469970703
train,dish_1563464457,data/nutrition5k_dataset/imagery/realsense_overhead/dish_1563464457/rgb.png,158.99000549316406,163.0,7.51800012588501,16.83799934387207,7.251999855041504
train,dish_1563207364,data/nutrition5k_dataset/imagery/realsense_overhead/dish_1563207364/rgb.png,309.2699890136719,271.0,13.77400016784668,30.656999588012695,15.010000228881836
train,dish_1563308323,data/nutrition5k_dataset/imagery/realsense_overhead/dish_1563308323/rgb.png,27.059999465942383,66.0,0.13199999928474426,6.599999904632568,0.593999981880188
train,dish_1564159588,data/nutrition5k_dataset/imagery/realsense_overhead/dish_1564159588/rgb.png,477.1510009765625,113.0,37.14299774169922,3.4049999713897705,30.713001251220703
train,dish_1558725226,data/nutrition5k_dataset/imagery/realsense_overhead/dish_1558725226/rgb.png,19.75,79.0,0.2370000034570694,3.950000047683716,1.4220000505447388
train,dish_1567020054,data/nutrition5k_dataset/imagery/realsense_overhead/dish_1567020054/rgb.png,122.00141143798828,145.0,11.540040969848633,7.937456130981445,14.210079193115234
train,dish_1561492665,data/nutrition5k_dataset/imagery/realsense_overhead/dish_1561492665/rgb.png,81.95065307617188,93.0,8.595006942749023,4.6890082359313965,10.342230796813965
train,dish_1565972363,data/nutrition5k_dataset/imagery/realsense_overhead/dish_1565972363/rgb.png,289.6399841308594,557.0,1.1139999628067017,3.8989999294281006,55.70000076293945
train,dish_1561753623,data/nutrition5k_dataset/imagery/realsense_overhead/dish_1561753623/rgb.png,159.310791015625,149.0,7.950613975524902,5.452060222625732,15.115460395812988
train,dish_1562691737,data/nutrition5k_dataset/imagery/realsense_overhead/dish_1562691737/rgb.png,485.6768798828125,700.0,11.722250938415527,70.59732055664062,27.926393508911133
train,dish_1559675178,data/nutrition5k_dataset/imagery/realsense_overhead/dish_1559675178/rgb.png,28.970001220703125,100.0,0.23100000619888306,6.335000038146973,1.6749999523162842
train,dish_1566931650,data/nutrition5k_dataset/imagery/realsense_overhead/dish_1566931650/rgb.png,610.8690185546875,488.0,33.803001403808594,23.139999389648438,58.40199661254883
train,dish_1558723777,data/nutrition5k_dataset/imagery/realsense_overhead/dish_1558723777/rgb.png,74.36000061035156,143.0,0.28600001335144043,20.020000457763672,0.42899999022483826
train,dish_1561748950,data/nutrition5k_dataset/imagery/realsense_overhead/dish_1561748950/rgb.png,197.25294494628906,205.0,7.970456123352051,14.045125007629395,16.746488571166992
train,dish_1561737271,data/nutrition5k_dataset/imagery/realsense_overhead/dish_1561737271/rgb.png,762.3819580078125,520.0,45.84499740600586,46.54899597167969,40.999000549316406
train,dish_1561392386,data/nutrition5k_dataset/imagery/realsense_overhead/dish_1561392386/rgb.png,175.74600219726562,51.0,13.92300033569336,2.1419999599456787,9.843000411987305
train,dish_1567106620,data/nutrition5k_dataset/imagery/realsense_overhead/dish_1567106620/rgb.png,39.040000915527344,146.0,0.2919999957084656,8.652000427246094,1.9520000219345093
train,dish_1561579576,data/nutrition5k_dataset/imagery/realsense_overhead/dish_1561579576/rgb.png,78.00234985351562,267.0,2.0368239879608154,14.45588207244873,3.650352954864502
train,dish_1564170836,data/nutrition5k_dataset/imagery/realsense_overhead/dish_1564170836/rgb.png,240.1649169921875,135.0,12.184844970703125,5.314848899841309,25.07041358947754
train,dish_1566416339,data/nutrition5k_dataset/imagery/realsense_overhead/dish_1566416339/rgb.png,77.97988891601562,186.0,3.410320997238159,11.653813362121582,2.489691972732544
train,dish_1563475874,data/nutrition5k_dataset/imagery/realsense_overhead/dish_1563475874/rgb.png,93.02999877929688,251.0,0.4009999930858612,22.709999084472656,2.2300000190734863
train,dish_1563568263,data/nutrition5k_dataset/imagery/realsense_overhead/dish_1563568263/rgb.png,119.65499877929688,45.0,4.230000019073486,15.075000762939453,5.039999961853027
train,dish_1558631932,data/nutrition5k_dataset/imagery/realsense_overhead/dish_1558631932/rgb.png,214.93199157714844,355.0,3.1740000247955322,49.670997619628906,4.735000133514404
train,dish_1558723568,data/nutrition5k_dataset/imagery/realsense_overhead/dish_1558723568/rgb.png,179.61898803710938,356.0,1.8480000495910645,42.959999084472656,3.878999948501587
train,dish_1561753168,data/nutrition5k_dataset/imagery/realsense_overhead/dish_1561753168/rgb.png,245.50192260742188,138.0,12.455621719360352,5.432957172393799,25.627534866333008
train,dish_1558463429,data/nutrition5k_dataset/imagery/realsense_overhead/dish_1558463429/rgb.png,42.09000015258789,61.0,0.12200000137090683,10.979999542236328,0.4269999861717224
train,dish_1559848857,data/nutrition5k_dataset/imagery/realsense_overhead/dish_1559848857/rgb.png,28.089998245239258,53.0,0.1589999943971634,6.889999866485596,0.42399999499320984
train,dish_1563476323,data/nutrition5k_dataset/imagery/realsense_overhead/dish_1563476323/rgb.png,686.9711303710938,339.0,33.46100616455078,38.62537384033203,55.32759475708008
train,dish_1567023184,data/nutrition5k_dataset/imagery/realsense_overhead/dish_1567023184/rgb.png,191.50718688964844,195.0,8.071155548095703,10.141688346862793,20.30575180053711
train,dish_1559841127,data/nutrition5k_dataset/imagery/realsense_overhead/dish_1559841127/rgb.png,339.5434875488281,285.0,18.02199935913086,24.038999557495117,19.953001022338867
train,dish_1562096343,data/nutrition5k_dataset/imagery/realsense_overhead/dish_1562096343/rgb.png,6.199999809265137,62.0,0.0,1.2400000095367432,0.6200000047683716
train,dish_1561739719,data/nutrition5k_dataset/imagery/realsense_overhead/dish_1561739719/rgb.png,350.16351318359375,637.0,4.590096950531006,74.61613464355469,10.199000358581543
train,dish_1559239912,data/nutrition5k_dataset/imagery/realsense_overhead/dish_1559239912/rgb.png,60.15999984741211,128.0,0.12800000607967377,15.359999656677246,1.1519999504089355
train,dish_1568313676,data/nutrition5k_dataset/imagery/realsense_overhead/dish_1568313676/rgb.png,184.99000549316406,214.0,6.136001110076904,8.899999618530273,24.54199981689453
train,dish_1560543755,data/nutrition5k_dataset/imagery/realsense_overhead/dish_1560543755/rgb.png,257.9249267578125,264.0,8.88780403137207,27.355255126953125,17.404504776000977
train,dish_1565640195,data/nutrition5k_dataset/imagery/realsense_overhead/dish_1565640195/rgb.png,21.600000381469727,54.0,0.1080000028014183,4.860000133514404,1.0800000429153442
train,dish_1560441529,data/nutrition5k_dataset/imagery/realsense_overhead/dish_1560441529/rgb.png,66.41999816894531,152.0,0.32499998807907104,16.469999313354492,1.0089999437332153
train,dish_1558468731,data/nutrition5k_dataset/imagery/realsense_overhead/dish_1558468731/rgb.png,320.32501220703125,440.0,11.751999855041504,17.750999450683594,38.461997985839844
train,dish_1568666263,data/nutrition5k_dataset/imagery/realsense_overhead/dish_1568666263/rgb.png,93.4000015258789,348.0,0.8519999980926514,19.770000457763672,7.171999931335449
train,dish_1562949242,data/nutrition5k_dataset/imagery/realsense_overhead/dish_1562949242/rgb.png,139.55853271484375,119.0,6.642195224761963,14.655805587768555,5.40487813949585
train,dish_1562181285,data/nutrition5k_dataset/imagery/realsense_overhead/dish_1562181285/rgb.png,796.922119140625,324.0,57.77452850341797,17.129474639892578,51.892127990722656
train,dish_1563294408,data/nutrition5k_dataset/imagery/realsense_overhead/dish_1563294408/rgb.png,41.5,83.0,0.08299999684095383,10.789999961853027,0.41499999165534973
train,dish_1560445069,data/nutrition5k_dataset/imagery/realsense_overhead/dish_1560445069/rgb.png,94.5270004272461,243.0,0.24300000071525574,22.112998962402344,1.215000033378601
train,dish_1565640812,data/nutrition5k_dataset/imagery/realsense_overhead/dish_1565640812/rgb.png,297.92999267578125,234.0,5.36299991607666,13.052998542785645,47.48500061035156
train,dish_1567024252,data/nutrition5k_dataset/imagery/realsense_overhead/dish_1567024252/rgb.png,512.0158081054688,454.0,25.921192169189453,49.058387756347656,22.621999740600586
train,dish_1562872432,data/nutrition5k_dataset/imagery/realsense_overhead/dish_1562872432/rgb.png,259.0831604003906,257.0,5.250877857208252,20.29911231994629,31.286115646362305
train,dish_1558639362,data/nutrition5k_dataset/imagery/realsense_overhead/dish_1558639362/rgb.png,156.1790008544922,342.0,1.4199999570846558,37.42000198364258,3.9019999504089355
train,dish_1558378553,data/nutrition5k_dataset/imagery/realsense_overhead/dish_1558378553/rgb.png,393.1080017089844,68.0,33.65999984741211,15.435999870300293,15.232000350952148
train,dish_1565711358,data/nutrition5k_dataset/imagery/realsense_overhead/dish_1565711358/rgb.png,490.0528869628906,658.0,11.036755561828613,52.23835754394531,40.309226989746094
train,dish_1564588483,data/nutrition5k_dataset/imagery/realsense_overhead/dish_1564588483/rgb.png,175.74600219726562,51.0,13.92300033569336,2.1419999599456787,9.843000411987305
train,dish_1562875898,data/nutrition5k_dataset/imagery/realsense_overhead/dish_1562875898/rgb.png,271.11639404296875,342.0,18.015085220336914,28.96497917175293,23.36040496826172
train,dish_1561577731,data/nutrition5k_dataset/imagery/realsense_overhead/dish_1561577731/rgb.png,274.2577209472656,334.0,13.256032943725586,13.379579544067383,26.309045791625977
train,dish_1558718051,data/nutrition5k_dataset/imagery/realsense_overhead/dish_1558718051/rgb.png,24.25,97.0,0.29100000858306885,4.849999904632568,1.746000051498413
train,dish_1558031675,data/nutrition5k_dataset/imagery/realsense_overhead/dish_1558031675/rgb.png,248.8820037841797,180.0,11.227999687194824,25.95199966430664,11.347999572753906
train,dish_1558724607,data/nutrition5k_dataset/imagery/realsense_overhead/dish_1558724607/rgb.png,54.720001220703125,152.0,0.15199999511241913,13.680000305175781,0.7599999904632568
train,dish_1559933834,data/nutrition5k_dataset/imagery/realsense_overhead/dish_1559933834/rgb.png,775.0292358398438,458.0,51.820777893066406,22.73177146911621,54.54129409790039
train,dish_1559235639,data/nutrition5k_dataset/imagery/realsense_overhead/dish_1559235639/rgb.png,33.9900016784668,103.0,0.3089999854564667,8.239999771118164,0.7210000157356262
train,dish_1565711083,data/nutrition5k_dataset/imagery/realsense_overhead/dish_1565711083/rgb.png,178.52999877929688,33.0,13.859999656677246,0.4620000123977661,12.210000038146973
train,dish_1563206562,data/nutrition5k_dataset/imagery/realsense_overhead/dish_1563206562/rgb.png,98.20867919921875,68.0,3.9132080078125,15.20377254486084,0.8339620232582092
train,dish_1565897617,data/nutrition5k_dataset/imagery/realsense_overhead/dish_1565897617/rgb.png,356.831787109375,211.0,22.759140014648438,9.717452049255371,29.76384925842285
train,dish_1566502061,data/nutrition5k_dataset/imagery/realsense_overhead/dish_1566502061/rgb.png,408.33941650390625,385.0,18.96186637878418,33.70187759399414,28.911758422851562
train,dish_1560367153,data/nutrition5k_dataset/imagery/realsense_overhead/dish_1560367153/rgb.png,117.18197631835938,254.0,6.299615859985352,13.828617095947266,10.151684761047363
train,dish_1560874667,data/nutrition5k_dataset/imagery/realsense_overhead/dish_1560874667/rgb.png,100.55000305175781,83.0,4.835999965667725,10.234000205993652,4.573999881744385
train,dish_1563984701,data/nutrition5k_dataset/imagery/realsense_overhead/dish_1563984701/rgb.png,275.20001220703125,172.0,17.200000762939453,5.159999847412109,24.079999923706055
train,dish_1566330428,data/nutrition5k_dataset/imagery/realsense_overhead/dish_1566330428/rgb.png,290.6908874511719,228.0,15.530232429504395,8.839509963989258,27.576400756835938
train,dish_1562960437,data/nutrition5k_dataset/imagery/realsense_overhead/dish_1562960437/rgb.png,97.29000091552734,69.0,4.691999912261963,12.420000076293945,1.4490000009536743
train,dish_1561404438,data/nutrition5k_dataset/imagery/realsense_overhead/dish_1561404438/rgb.png,366.0692138671875,169.0,23.856788635253906,6.257734775543213,32.32778549194336
train,dish_1562871363,data/nutrition5k_dataset/imagery/realsense_overhead/dish_1562871363/rgb.png,245.87298583984375,140.0,4.697000026702881,41.785003662109375,7.775000095367432
train,dish_1563308428,data/nutrition5k_dataset/imagery/realsense_overhead/dish_1563308428/rgb.png,406.30767822265625,329.0,20.298131942749023,28.67520523071289,26.585044860839844
train,dish_1563222775,data/nutrition5k_dataset/imagery/realsense_overhead/dish_1563222775/rgb.png,190.58421325683594,75.0,8.823171615600586,16.359586715698242,11.272344589233398
train,dish_1561749061,data/nutrition5k_dataset/imagery/realsense_overhead/dish_1561749061/rgb.png,302.8601379394531,360.0,16.03336524963379,21.472082138061523,19.74549674987793
train,dish_1560787781,data/nutrition5k_dataset/imagery/realsense_overhead/dish_1560787781/rgb.png,108.62899780273438,97.0,3.180999994277954,17.163999557495117,3.4809999465942383
train,dish_1562945851,data/nutrition5k_dataset/imagery/realsense_overhead/dish_1562945851/rgb.png,91.26531982421875,150.0,2.2786450386047363,17.553192138671875,1.7400000095367432
train,dish_1559244598,data/nutrition5k_dataset/imagery/realsense_overhead/dish_1559244598/rgb.png,250.9199981689453,51.0,12.75,33.14999771118164,2.6010000705718994
train,dish_1560888817,data/nutrition5k_dataset/imagery/realsense_overhead/dish_1560888817/rgb.png,47.939998626708984,34.0,2.312000036239624,6.119999885559082,0.7139999866485596
train,dish_1558115011,data/nutrition5k_dataset/imagery/realsense_overhead/dish_1558115011/rgb.png,115.62000274658203,20.0,9.899999618530273,4.539999961853027,4.480000019073486
train,dish_1566419510,data/nutrition5k_dataset/imagery/realsense_overhead/dish_1566419510/rgb.png,273.8769836425781,103.0,9.681999206542969,34.505001068115234,11.53600025177002
train,dish_1561736715,data/nutrition5k_dataset/imagery/realsense_overhead/dish_1561736715/rgb.png,161.32000732421875,109.0,11.989999771118164,1.74399995803833,10.90000057220459
train,dish_1560541760,data/nutrition5k_dataset/imagery/realsense_overhead/dish_1560541760/rgb.png,465.583740234375,372.0,16.740324020385742,13.392922401428223,63.60673904418945
train,dish_1559668272,data/nutrition5k_dataset/imagery/realsense_overhead/dish_1559668272/rgb.png,512.1400146484375,239.0,36.08000183105469,30.8799991607666,17.31399917602539
train,dish_1562872365,data/nutrition5k_dataset/imagery/realsense_overhead/dish_1562872365/rgb.png,9.879999160766602,76.0,0.15199999511241913,1.6720000505447388,1.1399999856948853
train,dish_1558723982,data/nutrition5k_dataset/imagery/realsense_overhead/dish_1558723982/rgb.png,294.83099365234375,51.0,25.2450008392334,11.57699966430664,11.42400074005127
train,dish_1566413388,data/nutrition5k_dataset/imagery/realsense_overhead/dish_1566413388/rgb.png,207.42999267578125,231.0,4.21999979019165,6.886000156402588,35.307003021240234
train,dish_1558468632,data/nutrition5k_dataset/imagery/realsense_overhead/dish_1558468632/rgb.png,169.9499969482422,103.0,3.7079999446868896,0.0,31.93000030517578
train,dish_1558719066,data/nutrition5k_dataset/imagery/realsense_overhead/dish_1558719066/rgb.png,73.83999633789062,142.0,0.2840000092983246,19.8799991607666,0.4259999990463257
train,dish_1563304925,data/nutrition5k_dataset/imagery/realsense_overhead/dish_1563304925/rgb.png,874.4610595703125,508.0,29.339448928833008,11.255850791931152,133.2275848388672
train,dish_1562086702,data/nutrition5k_dataset/imagery/realsense_overhead/dish_1562086702/rgb.png,178.52999877929688,33.0,13.859999656677246,0.4620000123977661,12.210000038146973
train,dish_1565637123,data/nutrition5k_dataset/imagery/realsense_overhead/dish_1565637123/rgb.png,229.7100067138672,114.0,13.565999984741211,19.722000122070312,6.72599983215332
train,dish_1559240441,data/nutrition5k_dataset/imagery/realsense_overhead/dish_1559240441/rgb.png,19.470001220703125,59.0,0.1770000010728836,4.71999979019165,0.4129999876022339
train,dish_1567106646,data/nutrition5k_dataset/imagery/realsense_overhead/dish_1567106646/rgb.png,61.040000915527344,201.0,0.34700000286102295,13.602001190185547,2.556999921798706
train,dish_1562784388,data/nutrition5k_dataset/imagery/realsense_overhead/dish_1562784388/rgb.png,465.636474609375,358.0,20.24362564086914,63.71974182128906,11.46459674835205
train,dish_1558721827,data/nutrition5k_dataset/imagery/realsense_overhead/dish_1558721827/rgb.png,886.5230712890625,429.0,66.52400207519531,59.54100036621094,32.415000915527344
train,dish_1562860045,data/nutrition5k_dataset/imagery/realsense_overhead/dish_1562860045/rgb.png,280.2900085449219,123.0,21.279998779296875,1.9179999828338623,19.049999237060547
train,dish_1564589025,data/nutrition5k_dataset/imagery/realsense_overhead/dish_1564589025/rgb.png,48.810733795166016,51.0,1.2439019680023193,8.956098556518555,0.4975610077381134
train,dish_1568048053,data/nutrition5k_dataset/imagery/realsense_overhead/dish_1568048053/rgb.png,607.2000732421875,356.0,43.039100646972656,10.333097457885742,44.27080535888672
train,dish_1562085132,data/nutrition5k_dataset/imagery/realsense_overhead/dish_1562085132/rgb.png,91.97000122070312,17.0,7.139999866485596,0.23800000548362732,6.289999961853027
train,dish_1562605315,data/nutrition5k_dataset/imagery/realsense_overhead/dish_1562605315/rgb.png,217.55999755859375,147.0,16.170000076293945,2.3519999980926514,14.699999809265137
train,dish_1564778030,data/nutrition5k_dataset/imagery/realsense_overhead/dish_1564778030/rgb.png,504.41778564453125,283.0,31.904985427856445,23.514265060424805,30.77395248413086
train,dish_1561062286,data/nutrition5k_dataset/imagery/realsense_overhead/dish_1561062286/rgb.png,256.3594055175781,167.0,8.381912231445312,24.109251022338867,18.915199279785156
train,dish_1562086067,data/nutrition5k_dataset/imagery/realsense_overhead/dish_1562086067/rgb.png,178.17800903320312,209.0,0.5389999747276306,42.8120002746582,2.255000114440918
train,dish_1562873838,data/nutrition5k_dataset/imagery/realsense_overhead/dish_1562873838/rgb.png,427.4356384277344,342.0,18.062236785888672,11.14319133758545,53.95891189575195
train,dish_1562700885,data/nutrition5k_dataset/imagery/realsense_overhead/dish_1562700885/rgb.png,29.25,117.0,0.35100001096725464,5.849999904632568,2.1059999465942383
train,dish_1562945332,data/nutrition5k_dataset/imagery/realsense_overhead/dish_1562945332/rgb.png,246.6508026123047,325.0,8.793272972106934,18.078327178955078,23.961719512939453
train,dish_1565724196,data/nutrition5k_dataset/imagery/realsense_overhead/dish_1565724196/rgb.png,45.68000030517578,82.0,2.319999933242798,5.599999904632568,1.9199999570846558
train,dish_1559845399,data/nutrition5k_dataset/imagery/realsense_overhead/dish_1559845399/rgb.png,107.18000030517578,178.0,0.3619999885559082,24.630001068115234,2.4170000553131104
train,dish_1566331914,data/nutrition5k_dataset/imagery/realsense_overhead/dish_1566331914/rgb.png,589.5016479492188,481.0,24.885231018066406,47.358673095703125,46.92668914794922
train,dish_1566417442,data/nutrition5k_dataset/imagery/realsense_overhead/dish_1566417442/rgb.png,93.83053588867188,158.0,6.675508975982666,8.566474914550781,1.89068603515625
train,dish_1562617395,data/nutrition5k_dataset/imagery/realsense_overhead/dish_1562617395/rgb.png,185.89999389648438,125.0,8.069999694824219,20.610000610351562,8.84000015258789
train,dish_1558381206,data/nutrition5k_dataset/imagery/realsense_overhead/dish_1558381206/rgb.png,342.38800048828125,153.0,24.582998275756836,17.73699951171875,15.673999786376953
train,dish_1559845046,data/nutrition5k_dataset/imagery/realsense_overhead/dish_1559845046/rgb.png,313.6259765625,207.0,18.1929988861084,31.922000885009766,10.97599983215332
train,dish_1558723847,data/nutrition5k_dataset/imagery/realsense_overhead/dish_1558723847/rgb.png,554.9760131835938,96.0,47.52000045776367,21.79199981689453,21.50400161743164
train,dish_1564159636,data/nutrition5k_dataset/imagery/realsense_overhead/dish_1564159636/rgb.png,487.8736877441406,134.0,37.411685943603516,5.267180919647217,31.416099548339844
train,dish_1560453328,data/nutrition5k_dataset/imagery/realsense_overhead/dish_1560453328/rgb.png,340.1083679199219,264.0,14.154274940490723,10.65949535369873,39.618751525878906
train,dish_1562702007,data/nutrition5k_dataset/imagery/realsense_overhead/dish_1562702007/rgb.png,24.784069061279297,100.0,0.871068000793457,3.561408042907715,0.8924310207366943
train,dish_1561405887,data/nutrition5k_dataset/imagery/realsense_overhead/dish_1561405887/rgb.png,213.34347534179688,139.0,5.7351579666137695,15.949179649353027,23.36374855041504
train,dish_1565711296,data/nutrition5k_dataset/imagery/realsense_overhead/dish_1565711296/rgb.png,43.349998474121094,110.0,0.2199999988079071,10.5,0.8629999756813049
train,dish_1558636544,data/nutrition5k_dataset/imagery/realsense_overhead/dish_1558636544/rgb.png,410.4510192871094,71.0,35.14500045776367,16.117000579833984,15.904000282287598
train,dish_1562700957,data/nutrition5k_dataset/imagery/realsense_overhead/dish_1562700957/rgb.png,286.93377685546875,424.0,23.1805362701416,21.410158157348633,20.523822784423828
train,dish_1565379827,data/nutrition5k_dataset/imagery/realsense_overhead/dish_1565379827/rgb.png,150.53094482421875,235.0,4.162644863128662,27.104969024658203,2.6319360733032227
train,dish_1560541706,data/nutrition5k_dataset/imagery/realsense_overhead/dish_1560541706/rgb.png,110.80257415771484,140.0,9.221267700195312,6.250250816345215,2.981884002685547
train,dish_1563307519,data/nutrition5k_dataset/imagery/realsense_overhead/dish_1563307519/rgb.png,574.1151733398438,335.0,30.811614990234375,18.411123275756836,51.72029113769531
train,dish_1562783691,data/nutrition5k_dataset/imagery/realsense_overhead/dish_1562783691/rgb.png,421.6860046386719,423.0,23.87700080871582,14.46299934387207,40.51799774169922
train,dish_1561664977,data/nutrition5k_dataset/imagery/realsense_overhead/dish_1561664977/rgb.png,14.569999694824219,47.0,0.04699999839067459,3.2899999618530273,0.8460000157356262
train,dish_1562946075,data/nutrition5k_dataset/imagery/realsense_overhead/dish_1562946075/rgb.png,557.884033203125,297.0,41.737998962402344,11.836000442504883,32.5099983215332
train,dish_1563218201,data/nutrition5k_dataset/imagery/realsense_overhead/dish_1563218201/rgb.png,352.87200927734375,156.0,23.244001388549805,0.15600000321865082,35.25600051879883
train,dish_1563567372,data/nutrition5k_dataset/imagery/realsense_overhead/dish_1563567372/rgb.png,951.910888671875,590.0,66.17024230957031,81.62934112548828,75.37793731689453
train,dish_1562169762,data/nutrition5k_dataset/imagery/realsense_overhead/dish_1562169762/rgb.png,262.33013916015625,210.0,18.239728927612305,6.9937639236450195,17.674047470092773
train,dish_1564432094,data/nutrition5k_dataset/imagery/realsense_overhead/dish_1564432094/rgb.png,177.6599884033203,63.0,7.559999942779541,20.15999984741211,7.559999942779541
train,dish_1559933818,data/nutrition5k_dataset/imagery/realsense_overhead/dish_1559933818/rgb.png,115.0667953491211,154.0,6.5804338455200195,12.201210021972656,5.0346598625183105
train,dish_1563302391,data/nutrition5k_dataset/imagery/realsense_overhead/dish_1563302391/rgb.png,401.2154235839844,311.0,14.095316886901855,22.372875213623047,45.01716613769531
train,dish_1561749857,data/nutrition5k_dataset/imagery/realsense_overhead/dish_1561749857/rgb.png,366.5792541503906,447.0,15.792132377624512,21.602933883666992,35.232505798339844
train,dish_1558722842,data/nutrition5k_dataset/imagery/realsense_overhead/dish_1558722842/rgb.png,10.440000534057617,58.0,0.11599999666213989,2.26200008392334,0.5220000147819519
train,dish_1561576767,data/nutrition5k_dataset/imagery/realsense_overhead/dish_1561576767/rgb.png,408.4725646972656,621.0,14.014634132385254,34.219459533691406,39.556114196777344
train,dish_1567537185,data/nutrition5k_dataset/imagery/realsense_overhead/dish_1567537185/rgb.png,402.9817810058594,185.0,22.945697784423828,7.198614120483398,38.14467239379883
train,dish_1559842326,data/nutrition5k_dataset/imagery/realsense_overhead/dish_1559842326/rgb.png,334.4830017089844,106.0,26.394001007080078,18.92099952697754,12.295999526977539
train,dish_1558640190,data/nutrition5k_dataset/imagery/realsense_overhead/dish_1558640190/rgb.png,19.719999313354492,58.0,0.11599999666213989,4.639999866485596,0.46399998664855957
train,dish_1558459664,data/nutrition5k_dataset/imagery/realsense_overhead/dish_1558459664/rgb.png,383.05596923828125,273.0,18.39099884033203,48.4119987487793,11.629000663757324
train,dish_1558725193,data/nutrition5k_dataset/imagery/realsense_overhead/dish_1558725193/rgb.png,763.092041015625,132.0,65.34000396728516,29.964000701904297,29.56800079345703
train,dish_1566332116,data/nutrition5k_dataset/imagery/realsense_overhead/dish_1566332116/rgb.png,153.5500030517578,275.0,12.244000434875488,11.355999946594238,3.760999917984009
train,dish_1558380014,data/nutrition5k_dataset/imagery/realsense_overhead/dish_1558380014/rgb.png,92.45999908447266,134.0,0.2680000066757202,24.1200008392334,0.9380000233650208
train,dish_1567023296,data/nutrition5k_dataset/imagery/realsense_overhead/dish_1567023296/rgb.png,107.18122100830078,92.0,9.341188430786133,4.171472072601318,2.684053897857666
train,dish_1561580370,data/nutrition5k_dataset/imagery/realsense_overhead/dish_1561580370/rgb.png,126.7958755493164,124.0,4.96353006362915,16.2014102935791,5.409999847412109
train,dish_1560888893,data/nutrition5k_dataset/imagery/realsense_overhead/dish_1560888893/rgb.png,213.1641082763672,141.0,5.957533836364746,17.087453842163086,21.345922470092773
train,dish_1565369971,data/nutrition5k_dataset/imagery/realsense_overhead/dish_1565369971/rgb.png,221.604736328125,134.0,15.69542407989502,7.463749885559082,13.277649879455566
train,dish_1559235771,data/nutrition5k_dataset/imagery/realsense_overhead/dish_1559235771/rgb.png,145.8000030517578,54.0,4.320000171661377,21.762001037597656,5.032800197601318
train,dish_1565721855,data/nutrition5k_dataset/imagery/realsense_overhead/dish_1565721855/rgb.png,479.0344543457031,450.0,15.63576889038086,23.092735290527344,59.86283874511719
train,dish_1558630932,data/nutrition5k_dataset/imagery/realsense_overhead/dish_1558630932/rgb.png,292.64398193359375,265.0,17.381000518798828,32.04800033569336,9.644000053405762
train,dish_1565382886,data/nutrition5k_dataset/imagery/realsense_overhead/dish_1565382886/rgb.png,470.0862121582031,348.0,20.30545425415039,54.863914489746094,20.02907943725586
train,dish_1558463690,data/nutrition5k_dataset/imagery/realsense_overhead/dish_1558463690/rgb.png,432.9540100097656,241.0,32.034000396728516,30.032001495361328,15.807000160217285
train,dish_1562775110,data/nutrition5k_dataset/imagery/realsense_overhead/dish_1562775110/rgb.png,101.52000427246094,282.0,0.28200000524520874,25.380001068115234,1.409999966621399
train,dish_1558639195,data/nutrition5k_dataset/imagery/realsense_overhead/dish_1558639195/rgb.png,238.25,346.0,3.111999988555908,56.19999694824219,4.553999900817871
train,dish_1565207727,data/nutrition5k_dataset/imagery/realsense_overhead/dish_1565207727/rgb.png,314.771240234375,231.0,18.03624725341797,33.07963943481445,21.463132858276367
train,dish_1558723537,data/nutrition5k_dataset/imagery/realsense_overhead/dish_1558723537/rgb.png,14.5,58.0,0.17399999499320984,2.9000000953674316,1.0440000295639038
train,dish_1560370137,data/nutrition5k_dataset/imagery/realsense_overhead/dish_1560370137/rgb.png,89.64427185058594,104.0,7.002890110015869,5.694383144378662,2.5519189834594727
train,dish_1564518512,data/nutrition5k_dataset/imagery/realsense_overhead/dish_1564518512/rgb.png,270.70751953125,163.0,10.088750839233398,26.596988677978516,17.808198928833008
train,dish_1564518542,data/nutrition5k_dataset/imagery/realsense_overhead/dish_1564518542/rgb.png,342.3782043457031,234.0,16.863767623901367,29.2219181060791,18.77528953552246
train,dish_1567538303,data/nutrition5k_dataset/imagery/realsense_overhead/dish_1567538303/rgb.png,617.4491577148438,307.0,36.12963104248047,15.257855415344238,53.62644577026367
train,dish_1563480505,data/nutrition5k_dataset/imagery/realsense_overhead/dish_1563480505/rgb.png,767.2667846679688,475.0,33.528202056884766,29.45199966430664,79.75447082519531
train,dish_1558459602,data/nutrition5k_dataset/imagery/realsense_overhead/dish_1558459602/rgb.png,2.069999933242798,9.0,0.035999998450279236,0.3240000009536743,0.26100000739097595
train,dish_1561663817,data/nutrition5k_dataset/imagery/realsense_overhead/dish_1561663817/rgb.png,95.49536895751953,86.0,4.993594169616699,12.891618728637695,2.099186897277832
train,dish_1558719336,data/nutrition5k_dataset/imagery/realsense_overhead/dish_1558719336/rgb.png,24.25,97.0,0.29100000858306885,4.849999904632568,1.746000051498413
train,dish_1568664931,data/nutrition5k_dataset/imagery/realsense_overhead/dish_1568664931/rgb.png,67.87764739990234,60.0,6.474706172943115,2.1078429222106934,1.2796080112457275
train,dish_1566936297,data/nutrition5k_dataset/imagery/realsense_overhead/dish_1566936297/rgb.png,355.2922058105469,266.0,23.92257308959961,9.395161628723145,44.923095703125
train,dish_1558380414,data/nutrition5k_dataset/imagery/realsense_overhead/dish_1558380414/rgb.png,35.880001068115234,52.0,0.10400000214576721,9.360000610351562,0.36399999260902405
train,dish_1565195398,data/nutrition5k_dataset/imagery/realsense_overhead/dish_1565195398/rgb.png,135.3785400390625,126.0,4.81219482421875,18.777807235717773,4.224877834320068
train,dish_1559590202,data/nutrition5k_dataset/imagery/realsense_overhead/dish_1559590202/rgb.png,316.7259826660156,311.0,5.982999801635742,22.756999969482422,41.4379997253418
train,dish_1558029518,data/nutrition5k_dataset/imagery/realsense_overhead/dish_1558029518/rgb.png,137.75100708007812,111.0,0.22200000286102295,32.63399887084961,1.7760000228881836
train,dish_1565812146,data/nutrition5k_dataset/imagery/realsense_overhead/dish_1565812146/rgb.png,72.94017028808594,93.0,4.279880046844482,8.859468460083008,1.1489460468292236
train,dish_1563479655,data/nutrition5k_dataset/imagery/realsense_overhead/dish_1563479655/rgb.png,321.23065185546875,282.0,15.11043930053711,22.40450668334961,24.518604278564453
train,dish_1567628157,data/nutrition5k_dataset/imagery/realsense_overhead/dish_1567628157/rgb.png,373.19097900390625,355.0,36.01869583129883,25.867040634155273,37.47968292236328
train,dish_1562704665,data/nutrition5k_dataset/imagery/realsense_overhead/dish_1562704665/rgb.png,387.84130859375,399.0,17.411558151245117,32.195106506347656,26.03778076171875
train,dish_1562690074,data/nutrition5k_dataset/imagery/realsense_overhead/dish_1562690074/rgb.png,263.40234375,104.0,21.608747482299805,3.0180180072784424,14.246227264404297
train,dish_1562961650,data/nutrition5k_dataset/imagery/realsense_overhead/dish_1562961650/rgb.png,555.712890625,312.0,32.36328125,40.293479919433594,45.5155029296875
train,dish_1566587958,data/nutrition5k_dataset/imagery/realsense_overhead/dish_1566587958/rgb.png,398.4958801269531,224.0,20.217819213867188,8.818713188171387,41.59831619262695
train,dish_1561576026,data/nutrition5k_dataset/imagery/realsense_overhead/dish_1561576026/rgb.png,330.4561767578125,156.0,17.754188537597656,22.053611755371094,19.918733596801758
train,dish_1565119669,data/nutrition5k_dataset/imagery/realsense_overhead/dish_1565119669/rgb.png,55.96500015258789,229.0,1.030500054359436,10.842000007629395,3.2725000381469727
train,dish_1562945393,data/nutrition5k_dataset/imagery/realsense_overhead/dish_1562945393/rgb.png,319.38836669921875,401.0,10.646931648254395,31.42466926574707,24.703182220458984
train,dish_1562011794,data/nutrition5k_dataset/imagery/realsense_overhead/dish_1562011794/rgb.png,514.6430053710938,364.0,23.744834899902344,32.78358840942383,42.119415283203125
train,dish_1562617416,data/nutrition5k_dataset/imagery/realsense_overhead/dish_1562617416/rgb.png,200.9499969482422,168.0,8.241999626159668,23.6200008392334,9.871999740600586
train,dish_1563304958,data/nutrition5k_dataset/imagery/realsense_overhead/dish_1563304958/rgb.png,951.8409423828125,614.0,34.427452087402344,13.26984977722168,141.70758056640625
train,dish_1565023182,data/nutrition5k_dataset/imagery/realsense_overhead/dish_1565023182/rgb.png,638.71484375,308.0,47.46967697143555,9.244902610778809,41.58399963378906
train,dish_1566934366,data/nutrition5k_dataset/imagery/realsense_overhead/dish_1566934366/rgb.png,87.74699401855469,33.0,3.1019999980926514,11.055000305175781,3.696000099182129
train,dish_1568649430,data/nutrition5k_dataset/imagery/realsense_overhead/dish_1568649430/rgb.png,363.658203125,327.0,20.15239906311035,30.64877700805664,16.012786865234375
train,dish_1565725047,data/nutrition5k_dataset/imagery/realsense_overhead/dish_1565725047/rgb.png,77.65999603271484,110.0,4.840000152587891,9.371999740600586,0.9459999799728394
train,dish_1558380152,data/nutrition5k_dataset/imagery/realsense_overhead/dish_1558380152/rgb.png,74.36000061035156,143.0,0.28600001335144043,0.42899999022483826,20.020000457763672
train,dish_1563216440,data/nutrition5k_dataset/imagery/realsense_overhead/dish_1563216440/rgb.png,403.7863464355469,352.0,6.472353935241699,39.85789108276367,44.691349029541016
train,dish_1565036953,data/nutrition5k_dataset/imagery/realsense_overhead/dish_1565036953/rgb.png,586.9447021484375,443.0,26.30984115600586,46.808929443359375,40.449073791503906
train,dish_1561492703,data/nutrition5k_dataset/imagery/realsense_overhead/dish_1561492703/rgb.png,113.13057708740234,134.0,9.258421897888184,10.04601764678955,11.278057098388672
train,dish_1558640614,data/nutrition5k_dataset/imagery/realsense_overhead/dish_1558640614/rgb.png,60.31999969482422,116.0,0.23199999332427979,16.239999771118164,0.3479999899864197
train,dish_1559845018,data/nutrition5k_dataset/imagery/realsense_overhead/dish_1559845018/rgb.png,302.4259948730469,175.0,18.065000534057617,29.68199920654297,10.208000183105469
train,dish_1562009148,data/nutrition5k_dataset/imagery/realsense_overhead/dish_1562009148/rgb.png,226.5471649169922,210.0,13.086174964904785,8.08541488647461,21.89377212524414
train,dish_1564429235,data/nutrition5k_dataset/imagery/realsense_overhead/dish_1564429235/rgb.png,479.75775146484375,253.0,27.632150650024414,26.621543884277344,40.75177764892578
train,dish_1560787817,data/nutrition5k_dataset/imagery/realsense_overhead/dish_1560787817/rgb.png,292.22900390625,165.0,8.621000289916992,44.56800079345703,9.81860065460205
train,dish_1563207389,data/nutrition5k_dataset/imagery/realsense_overhead/dish_1563207389/rgb.png,337.27001953125,327.0,13.830000877380371,37.93699645996094,15.290000915527344
train,dish_1558373687,data/nutrition5k_dataset/imagery/realsense_overhead/dish_1558373687/rgb.png,306.6940002441406,89.0,24.297000885009766,3.73799991607666,17.177000045776367
train,dish_1563563378,data/nutrition5k_dataset/imagery/realsense_overhead/dish_1563563378/rgb.png,385.44195556640625,351.0,22.84200096130371,17.222000122070312,29.950000762939453
train,dish_1562010821,data/nutrition5k_dataset/imagery/realsense_overhead/dish_1562010821/rgb.png,274.1493835449219,134.0,16.411746978759766,3.8266429901123047,26.255054473876953
train,dish_1562875159,data/nutrition5k_dataset/imagery/realsense_overhead/dish_1562875159/rgb.png,260.6800231933594,98.0,9.506001472473145,32.34000015258789,10.779999732971191
train,dish_1558457577,data/nutrition5k_dataset/imagery/realsense_overhead/dish_1558457577/rgb.png,172.60499572753906,111.0,11.654999732971191,1.3320000171661377,13.875
train,dish_1563555543,data/nutrition5k_dataset/imagery/realsense_overhead/dish_1563555543/rgb.png,268.3800048828125,280.0,14.559000015258789,21.465999603271484,13.845000267028809
train,dish_1562602589,data/nutrition5k_dataset/imagery/realsense_overhead/dish_1562602589/rgb.png,365.2760009765625,106.0,28.937999725341797,4.452000141143799,20.45800018310547
train,dish_1564082462,data/nutrition5k_dataset/imagery/realsense_overhead/dish_1564082462/rgb.png,905.3544921875,609.0,32.07182693481445,40.53291702270508,108.822509765625
train,dish_1565107143,data/nutrition5k_dataset/imagery/realsense_overhead/dish_1565107143/rgb.png,454.27459716796875,655.0,13.240049362182617,31.671951293945312,46.10921859741211
train,dish_1567022296,data/nutrition5k_dataset/imagery/realsense_overhead/dish_1567022296/rgb.png,425.4100036621094,444.0,10.965999603271484,18.481000900268555,61.85900115966797
train,dish_1566502000,data/nutrition5k_dataset/imagery/realsense_overhead/dish_1566502000/rgb.png,63.00878143310547,184.0,4.846828937530518,3.9492690563201904,2.692682981491089
train,dish_1562094931,data/nutrition5k_dataset/imagery/realsense_overhead/dish_1562094931/rgb.png,376.74908447265625,282.0,25.350717544555664,9.954545021057129,47.635498046875
train,dish_1566849387,data/nutrition5k_dataset/imagery/realsense_overhead/dish_1566849387/rgb.png,619.9019775390625,517.0,34.51100158691406,21.53499984741211,60.082000732421875
train,dish_1565021054,data/nutrition5k_dataset/imagery/realsense_overhead/dish_1565021054/rgb.png,263.7490234375,144.0,13.847000122070312,25.220001220703125,11.447001457214355
train,dish_1564774805,data/nutrition5k_dataset/imagery/realsense_overhead/dish_1564774805/rgb.png,621.0910034179688,353.0,41.68518829345703,15.256662368774414,44.93707275390625
train,dish_1564086602,data/nutrition5k_dataset/imagery/realsense_overhead/dish_1564086602/rgb.png,130.29100036621094,49.0,4.605999946594238,16.415000915527344,5.48799991607666
train,dish_1560455090,data/nutrition5k_dataset/imagery/realsense_overhead/dish_1560455090/rgb.png,60.20000076293945,155.0,0.9660000205039978,5.678999900817871,7.683000087738037
train,dish_1561393619,data/nutrition5k_dataset/imagery/realsense_overhead/dish_1561393619/rgb.png,234.04000854492188,284.0,7.892000198364258,21.104000091552734,20.11600112915039
train,dish_1559678457,data/nutrition5k_dataset/imagery/realsense_overhead/dish_1559678457/rgb.png,624.236083984375,465.0,37.50321960449219,29.98365592956543,43.01042175292969
train,dish_1560442450,data/nutrition5k_dataset/imagery/realsense_overhead/dish_1560442450/rgb.png,87.76100158691406,149.0,0.5960000157356262,5.363999843597412,14.90000057220459
train,dish_1559678083,data/nutrition5k_dataset/imagery/realsense_overhead/dish_1559678083/rgb.png,75.81200408935547,66.0,7.072567939758301,2.976038932800293,0.9986280202865601
train,dish_1558028772,data/nutrition5k_dataset/imagery/realsense_overhead/dish_1558028772/rgb.png,64.0,192.0,0.2529999911785126,15.760000228881836,1.2079999446868896
train,dish_1561576257,data/nutrition5k_dataset/imagery/realsense_overhead/dish_1561576257/rgb.png,180.87998962402344,134.0,10.321000099182129,20.493000030517578,2.4110000133514404
train,dish_1559158354,data/nutrition5k_dataset/imagery/realsense_overhead/dish_1559158354/rgb.png,21.0,60.0,0.23999999463558197,4.199999809265137,1.440000057220459
train,dish_1561575661,data/nutrition5k_dataset/imagery/realsense_overhead/dish_1561575661/rgb.png,418.9524230957031,228.0,27.301856994628906,7.507637023925781,33.957542419433594
train,dish_1561753203,data/nutrition5k_dataset/imagery/realsense_overhead/dish_1561753203/rgb.png,265.4719543457031,207.0,13.340455055236816,7.747137069702148,26.2401123046875
train,dish_1562613403,data/nutrition5k_dataset/imagery/realsense_overhead/dish_1562613403/rgb.png,398.703369140625,315.0,25.434467315673828,19.955114364624023,24.512460708618164
train,dish_1558379876,data/nutrition5k_dataset/imagery/realsense_overhead/dish_1558379876/rgb.png,1148.2509765625,374.0,89.76699829101562,32.145999908447266,68.29199981689453
train,dish_1558722434,data/nutrition5k_dataset/imagery/realsense_overhead/dish_1558722434/rgb.png,8.460000038146973,47.0,0.09399999678134918,1.8329999446868896,0.4230000078678131
train,dish_1559158425,data/nutrition5k_dataset/imagery/realsense_overhead/dish_1559158425/rgb.png,2.990000009536743,13.0,0.052000001072883606,0.46799999475479126,0.37700000405311584
train,dish_1563475826,data/nutrition5k_dataset/imagery/realsense_overhead/dish_1563475826/rgb.png,74.27999877929688,176.0,0.17599999904632568,18.959999084472656,0.8799999952316284
train,dish_1564432238,data/nutrition5k_dataset/imagery/realsense_overhead/dish_1564432238/rgb.png,455.387939453125,315.0,23.154680252075195,34.85477828979492,28.074872970581055
train,dish_1562875833,data/nutrition5k_dataset/imagery/realsense_overhead/dish_1562875833/rgb.png,156.14639282226562,143.0,17.617084503173828,5.866979122161865,18.305402755737305
train,dish_1562691613,data/nutrition5k_dataset/imagery/realsense_overhead/dish_1562691613/rgb.png,213.670166015625,300.0,2.879633903503418,33.667633056640625,13.199731826782227
train,dish_1565383159,data/nutrition5k_dataset/imagery/realsense_overhead/dish_1565383159/rgb.png,706.3589477539062,468.0,51.39699935913086,14.008999824523926,50.02299880981445
train,dish_1558372695,data/nutrition5k_dataset/imagery/realsense_overhead/dish_1558372695/rgb.png,148.17800903320312,43.0,11.73900032043457,1.805999994277954,8.298999786376953
train,dish_1563563492,data/nutrition5k_dataset/imagery/realsense_overhead/dish_1563563492/rgb.png,192.37025451660156,176.0,8.663634300231934,21.364147186279297,8.011463165283203
train,dish_1566847043,data/nutrition5k_dataset/imagery/realsense_overhead/dish_1566847043/rgb.png,434.8771057128906,483.0,24.615379333496094,15.362316131591797,35.71332931518555
train,dish_1563897492,data/nutrition5k_dataset/imagery/realsense_overhead/dish_1563897492/rgb.png,339.67364501953125,662.0,3.4695119857788086,34.75948715209961,38.647804260253906
train,dish_1561574600,data/nutrition5k_dataset/imagery/realsense_overhead/dish_1561574600/rgb.png,32.98039245605469,100.0,1.1764709949493408,5.784314155578613,0.9803919792175293
train,dish_1559678367,data/nutrition5k_dataset/imagery/realsense_overhead/dish_1559678367/rgb.png,192.44412231445312,215.0,16.446765899658203,9.819607734680176,4.75901985168457
train,dish_1562876645,data/nutrition5k_dataset/imagery/realsense_overhead/dish_1562876645/rgb.png,220.77459716796875,112.0,7.151315212249756,15.845914840698242,22.03345489501953
train,dish_1558028057,data/nutrition5k_dataset/imagery/realsense_overhead/dish_1558028057/rgb.png,151.47999572753906,28.0,11.75999927520752,0.3919999897480011,10.360000610351562
train,dish_1567107989,data/nutrition5k_dataset/imagery/realsense_overhead/dish_1567107989/rgb.png,140.13929748535156,111.0,9.90654182434082,10.884119987487793,3.7133541107177734
train,dish_1563566810,data/nutrition5k_dataset/imagery/realsense_overhead/dish_1563566810/rgb.png,392.29217529296875,331.0,18.45183753967285,51.25537109375,9.994013786315918
train,dish_1565021675,data/nutrition5k_dataset/imagery/realsense_overhead/dish_1565021675/rgb.png,331.5814514160156,575.0,3.358804941177368,27.448196411132812,41.17012023925781
train,dish_1559841891,data/nutrition5k_dataset/imagery/realsense_overhead/dish_1559841891/rgb.png,163.96200561523438,272.0,0.34299999475479126,43.332000732421875,1.3009999990463257
train,dish_1560367733,data/nutrition5k_dataset/imagery/realsense_overhead/dish_1560367733/rgb.png,661.441162109375,388.0,26.763107299804688,54.92366409301758,46.17831802368164
train,dish_1560368990,data/nutrition5k_dataset/imagery/realsense_overhead/dish_1560368990/rgb.png,211.9213104248047,119.0,9.981677055358887,14.391690254211426,14.986163139343262
train,dish_1561577083,data/nutrition5k_dataset/imagery/realsense_overhead/dish_1561577083/rgb.png,98.38299560546875,37.0,3.4779999256134033,12.395000457763672,4.144000053405762
train,dish_1564516397,data/nutrition5k_dataset/imagery/realsense_overhead/dish_1564516397/rgb.png,36.80999755859375,59.0,2.953000068664551,2.9489998817443848,0.5040000081062317
train,dish_1562611853,data/nutrition5k_dataset/imagery/realsense_overhead/dish_1562611853/rgb.png,267.2139892578125,243.0,15.790093421936035,25.897769927978516,9.070109367370605
train,dish_1565981802,data/nutrition5k_dataset/imagery/realsense_overhead/dish_1565981802/rgb.png,99.75442504882812,152.0,5.596065044403076,6.631087779998779,8.817584037780762
train,dish_1563220767,data/nutrition5k_dataset/imagery/realsense_overhead/dish_1563220767/rgb.png,265.8943786621094,130.0,14.748607635498047,4.8128228187561035,26.540918350219727
train,dish_1562860723,data/nutrition5k_dataset/imagery/realsense_overhead/dish_1562860723/rgb.png,87.90999603271484,160.0,0.38600000739097595,21.93000030517578,1.0260000228881836
train,dish_1566923004,data/nutrition5k_dataset/imagery/realsense_overhead/dish_1566923004/rgb.png,158.82000732421875,153.0,9.309000015258789,10.31399917602539,8.745000839233398
train,dish_1562945803,data/nutrition5k_dataset/imagery/realsense_overhead/dish_1562945803/rgb.png,50.29532241821289,64.0,2.055644989013672,7.613193035125732,1.1030000448226929
train,dish_1558725829,data/nutrition5k_dataset/imagery/realsense_overhead/dish_1558725829/rgb.png,278.3070068359375,460.0,3.3910000324249268,64.11000061035156,8.45300006866455
train,dish_1562862493,data/nutrition5k_dataset/imagery/realsense_overhead/dish_1562862493/rgb.png,198.32000732421875,134.0,14.739999771118164,2.1440000534057617,13.40000057220459
train,dish_1560367715,data/nutrition5k_dataset/imagery/realsense_overhead/dish_1560367715/rgb.png,597.5311889648438,305.0,26.680105209350586,40.813663482666016,44.51831817626953
train,dish_1567526888,data/nutrition5k_dataset/imagery/realsense_overhead/dish_1567526888/rgb.png,479.17999267578125,816.0,7.590000152587891,51.19300079345703,47.29499816894531
train,dish_1561392734,data/nutrition5k_dataset/imagery/realsense_overhead/dish_1561392734/rgb.png,84.23999786376953,198.0,0.4880000054836273,20.93600082397461,1.2799999713897705
train,dish_1558381708,data/nutrition5k_dataset/imagery/realsense_overhead/dish_1558381708/rgb.png,16.43000030517578,53.0,0.05299999937415123,3.7100000381469727,0.9539999961853027
train,dish_1561665422,data/nutrition5k_dataset/imagery/realsense_overhead/dish_1561665422/rgb.png,571.3938598632812,385.0,15.953768730163574,24.42190170288086,80.5489273071289
train,dish_1562876618,data/nutrition5k_dataset/imagery/realsense_overhead/dish_1562876618/rgb.png,114.33699798583984,43.0,4.041999816894531,14.405000686645508,4.815999984741211
train,dish_1561481577,data/nutrition5k_dataset/imagery/realsense_overhead/dish_1561481577/rgb.png,200.1699981689453,37.0,15.539999961853027,0.5180000066757202,13.690000534057617
train,dish_1565036821,data/nutrition5k_dataset/imagery/realsense_overhead/dish_1565036821/rgb.png,325.5399169921875,134.0,14.517971992492676,25.940332412719727,21.035995483398438
train,dish_1561579902,data/nutrition5k_dataset/imagery/realsense_overhead/dish_1561579902/rgb.png,406.3977355957031,247.0,24.01694107055664,9.0044584274292,37.76802444458008
train,dish_1566414924,data/nutrition5k_dataset/imagery/realsense_overhead/dish_1566414924/rgb.png,247.48219299316406,227.0,17.619050979614258,20.41704559326172,4.710957050323486
train,dish_1558639588,data/nutrition5k_dataset/imagery/realsense_overhead/dish_1558639588/rgb.png,121.4010009765625,21.0,10.395000457763672,4.767000198364258,4.703999996185303
train,dish_1567110556,data/nutrition5k_dataset/imagery/realsense_overhead/dish_1567110556/rgb.png,127.10711669921875,150.0,10.841025352478027,7.109584808349609,2.2395989894866943
train,dish_1564083480,data/nutrition5k_dataset/imagery/realsense_overhead/dish_1564083480/rgb.png,259.7019958496094,133.0,18.26300048828125,2.427000045776367,21.99199867248535
train,dish_1563826223,data/nutrition5k_dataset/imagery/realsense_overhead/dish_1563826223/rgb.png,301.0865478515625,139.0,19.621856689453125,5.1468939781188965,26.589126586914062
train,dish_1568660810,data/nutrition5k_dataset/imagery/realsense_overhead/dish_1568660810/rgb.png,132.5399932861328,47.0,5.639999866485596,15.039999961853027,5.639999866485596
train,dish_1563900172,data/nutrition5k_dataset/imagery/realsense_overhead/dish_1563900172/rgb.png,236.6365966796875,255.0,12.947121620178223,18.364879608154297,11.78604793548584
train,dish_1567020417,data/nutrition5k_dataset/imagery/realsense_overhead/dish_1567020417/rgb.png,313.7613830566406,348.0,16.694961547851562,18.33075714111328,36.04056167602539
train,dish_1560367698,data/nutrition5k_dataset/imagery/realsense_overhead/dish_1560367698/rgb.png,556.7212524414062,295.0,26.010103225708008,33.58366394042969,43.318321228027344
train,dish_1558116201,data/nutrition5k_dataset/imagery/realsense_overhead/dish_1558116201/rgb.png,313.58599853515625,91.0,24.843000411987305,3.822000026702881,17.562999725341797
train,dish_1558027057,data/nutrition5k_dataset/imagery/realsense_overhead/dish_1558027057/rgb.png,80.66500091552734,65.0,0.12999999523162842,19.110000610351562,1.0399999618530273
train,dish_1559242221,data/nutrition5k_dataset/imagery/realsense_overhead/dish_1559242221/rgb.png,659.0339965820312,114.0,56.43000030517578,25.878000259399414,25.536001205444336
train,dish_1559845290,data/nutrition5k_dataset/imagery/realsense_overhead/dish_1559845290/rgb.png,66.22000122070312,86.0,0.0860000029206276,14.619999885559082,1.7200000286102295
train,dish_1565382833,data/nutrition5k_dataset/imagery/realsense_overhead/dish_1565382833/rgb.png,396.6385803222656,228.0,17.709754943847656,44.09868621826172,17.44673728942871
train,dish_1566588066,data/nutrition5k_dataset/imagery/realsense_overhead/dish_1566588066/rgb.png,566.2333984375,562.0,22.180496215820312,48.05474090576172,43.87103271484375
train,dish_1567525637,data/nutrition5k_dataset/imagery/realsense_overhead/dish_1567525637/rgb.png,153.2647705078125,81.0,15.80138111114502,3.0770180225372314,0.7982180118560791
train,dish_1562007763,data/nutrition5k_dataset/imagery/realsense_overhead/dish_1562007763/rgb.png,290.7004699707031,298.0,6.343605995178223,47.40692901611328,11.83969783782959
train,dish_1559242066,data/nutrition5k_dataset/imagery/realsense_overhead/dish_1559242066/rgb.png,26.053924560546875,53.0,0.6270520091056824,5.22792911529541,0.470892995595932
train,dish_1561666794,data/nutrition5k_dataset/imagery/realsense_overhead/dish_1561666794/rgb.png,138.0970001220703,97.0,5.176000118255615,16.727001190185547,6.544000148773193
train,dish_1565797645,data/nutrition5k_dataset/imagery/realsense_overhead/dish_1565797645/rgb.png,21.0,70.0,0.14000000059604645,5.320000171661377,0.41999998688697815
train,dish_1563910171,data/nutrition5k_dataset/imagery/realsense_overhead/dish_1563910171/rgb.png,571.1837768554688,423.0,27.285720825195312,24.938655853271484,53.608375549316406
train,dish_1562784242,data/nutrition5k_dataset/imagery/realsense_overhead/dish_1562784242/rgb.png,85.12000274658203,32.0,3.1040000915527344,10.5600004196167,3.5199999809265137
train,dish_1563827188,data/nutrition5k_dataset/imagery/realsense_overhead/dish_1563827188/rgb.png,369.3599548339844,377.0,12.975753784179688,35.209259033203125,29.444637298583984
train,dish_1559233055,data/nutrition5k_dataset/imagery/realsense_overhead/dish_1559233055/rgb.png,25.194000244140625,39.0,1.3259999752044678,1.2480000257492065,2.378999948501587
train,dish_1561405008,data/nutrition5k_dataset/imagery/realsense_overhead/dish_1561405008/rgb.png,156.4281005859375,134.0,8.249931335449219,6.420062065124512,14.763338088989258
train,dish_1561661500,data/nutrition5k_dataset/imagery/realsense_overhead/dish_1561661500/rgb.png,374.7756652832031,268.0,11.1604642868042,42.27583694458008,24.242856979370117
train,dish_1559844657,data/nutrition5k_dataset/imagery/realsense_overhead/dish_1559844657/rgb.png,122.11000061035156,167.0,0.24799999594688416,29.200000762939453,2.2869999408721924
train,dish_1561061123,data/nutrition5k_dataset/imagery/realsense_overhead/dish_1561061123/rgb.png,399.4306640625,357.0,20.40545082092285,26.884326934814453,31.093738555908203
train,dish_1566502315,data/nutrition5k_dataset/imagery/realsense_overhead/dish_1566502315/rgb.png,577.1846313476562,495.0,23.341835021972656,28.69940185546875,62.75005340576172
train,dish_1567628069,data/nutrition5k_dataset/imagery/realsense_overhead/dish_1567628069/rgb.png,107.43301391601562,73.0,7.18039083480835,10.049736976623535,2.344512939453125
train,dish_1558629578,data/nutrition5k_dataset/imagery/realsense_overhead/dish_1558629578/rgb.png,22.5,90.0,0.27000001072883606,4.5,1.6200000047683716
train,dish_1561404924,data/nutrition5k_dataset/imagery/realsense_overhead/dish_1561404924/rgb.png,31.843936920166016,39.0,1.2449020147323608,3.269407033920288,2.4178409576416016
train,dish_1562168427,data/nutrition5k_dataset/imagery/realsense_overhead/dish_1562168427/rgb.png,193.70999145507812,368.0,0.6990000009536743,33.494998931884766,13.920999526977539
train,dish_1563826306,data/nutrition5k_dataset/imagery/realsense_overhead/dish_1563826306/rgb.png,882.8374633789062,312.0,48.94985580444336,69.58489227294922,44.3911247253418
train,dish_1566414686,data/nutrition5k_dataset/imagery/realsense_overhead/dish_1566414686/rgb.png,646.1766967773438,407.0,22.089534759521484,20.80807876586914,86.65203094482422
train,dish_1567020340,data/nutrition5k_dataset/imagery/realsense_overhead/dish_1567020340/rgb.png,93.58828735351562,168.0,4.753170013427734,11.473170280456543,3.933659076690674
train,dish_1562008476,data/nutrition5k_dataset/imagery/realsense_overhead/dish_1562008476/rgb.png,120.5058364868164,120.0,6.163931846618652,6.287506103515625,10.764524459838867
train,dish_1559581356,data/nutrition5k_dataset/imagery/realsense_overhead/dish_1559581356/rgb.png,436.9466857910156,294.0,31.165363311767578,8.550250053405762,29.397258758544922
train,dish_1558028492,data/nutrition5k_dataset/imagery/realsense_overhead/dish_1558028492/rgb.png,20.739999771118164,61.0,0.12200000137090683,4.880000114440918,0.4880000054836273
train,dish_1562775574,data/nutrition5k_dataset/imagery/realsense_overhead/dish_1562775574/rgb.png,242.4771270751953,387.0,3.5347559452056885,36.08138656616211,17.561641693115234
train,dish_1564503219,data/nutrition5k_dataset/imagery/realsense_overhead/dish_1564503219/rgb.png,213.8599853515625,242.0,8.008000373840332,1.8200000524520874,29.059999465942383
train,dish_1558114937,data/nutrition5k_dataset/imagery/realsense_overhead/dish_1558114937/rgb.png,13.720000267028809,49.0,0.19599999487400055,2.5969998836517334,1.0779999494552612
train,dish_1558458496,data/nutrition5k_dataset/imagery/realsense_overhead/dish_1558458496/rgb.png,53.130001068115234,77.0,0.15399999916553497,13.860000610351562,0.5389999747276306
train,dish_1560368712,data/nutrition5k_dataset/imagery/realsense_overhead/dish_1560368712/rgb.png,146.87518310546875,142.0,12.029317855834961,8.361059188842773,3.5787529945373535
train,dish_1568320470,data/nutrition5k_dataset/imagery/realsense_overhead/dish_1568320470/rgb.png,521.0386352539062,341.0,24.968090057373047,44.141685485839844,29.33026123046875
train,dish_1563910530,data/nutrition5k_dataset/imagery/realsense_overhead/dish_1563910530/rgb.png,333.8251953125,214.0,13.949386596679688,9.828672409057617,38.76193618774414
train,dish_1559842274,data/nutrition5k_dataset/imagery/realsense_overhead/dish_1559842274/rgb.png,306.39300537109375,53.0,26.235000610351562,12.031000137329102,11.872000694274902
train,dish_1559319971,data/nutrition5k_dataset/imagery/realsense_overhead/dish_1559319971/rgb.png,72.95999908447266,96.0,0.0,17.280000686645508,0.9599999785423279
train,dish_1563566626,data/nutrition5k_dataset/imagery/realsense_overhead/dish_1563566626/rgb.png,62.099998474121094,54.0,5.7779998779296875,3.4019999504089355,0.4320000112056732
train,dish_1561062320,data/nutrition5k_dataset/imagery/realsense_overhead/dish_1561062320/rgb.png,307.8683776855469,202.0,11.824564933776855,28.927616119384766,20.03927993774414
train,dish_1558724689,data/nutrition5k_dataset/imagery/realsense_overhead/dish_1558724689/rgb.png,19.75,79.0,0.2370000034570694,3.950000047683716,1.4220000505447388
train,dish_1562872396,data/nutrition5k_dataset/imagery/realsense_overhead/dish_1562872396/rgb.png,179.5631561279297,186.0,5.108879089355469,3.9691100120544434,28.58811378479004
train,dish_1558722780,data/nutrition5k_dataset/imagery/realsense_overhead/dish_1558722780/rgb.png,142.8389892578125,367.0,1.871999979019165,31.53299903869629,4.84499979019165
train,dish_1562698209,data/nutrition5k_dataset/imagery/realsense_overhead/dish_1562698209/rgb.png,284.1331481933594,135.0,16.311677932739258,4.006618022918701,27.57900047302246
train,dish_1565208611,data/nutrition5k_dataset/imagery/realsense_overhead/dish_1565208611/rgb.png,73.66917419433594,157.0,2.76364803314209,9.719893455505371,5.120261192321777
train,dish_1562790321,data/nutrition5k_dataset/imagery/realsense_overhead/dish_1562790321/rgb.png,767.4698486328125,354.0,53.016029357910156,39.82952117919922,37.47190856933594
train,dish_1566416388,data/nutrition5k_dataset/imagery/realsense_overhead/dish_1566416388/rgb.png,259.869873046875,315.0,12.182320594787598,34.87381362915039,5.1986918449401855
train,dish_1565021141,data/nutrition5k_dataset/imagery/realsense_overhead/dish_1565021141/rgb.png,467.05499267578125,248.0,27.875999450683594,27.733001708984375,26.59000015258789
train,dish_1562963033,data/nutrition5k_dataset/imagery/realsense_overhead/dish_1562963033/rgb.png,356.3872985839844,316.0,33.37589645385742,22.311859130859375,33.6706428527832
train,dish_1563222830,data/nutrition5k_dataset/imagery/realsense_overhead/dish_1563222830/rgb.png,325.0680847167969,211.0,11.864418983459473,22.47829246520996,31.888044357299805
train,dish_1560443537,data/nutrition5k_dataset/imagery/realsense_overhead/dish_1560443537/rgb.png,237.63999938964844,411.0,0.9129999876022339,60.16999816894531,2.6510000228881836
train,dish_1558720396,data/nutrition5k_dataset/imagery/realsense_overhead/dish_1558720396/rgb.png,95.48999786376953,90.0,2.1600000858306885,19.799999237060547,2.7899999618530273
train,dish_1558629013,data/nutrition5k_dataset/imagery/realsense_overhead/dish_1558629013/rgb.png,26.400001525878906,80.0,0.23999999463558197,6.400000095367432,0.5600000023841858
train,dish_1561392632,data/nutrition5k_dataset/imagery/realsense_overhead/dish_1561392632/rgb.png,500.1148986816406,352.0,35.600467681884766,19.517465591430664,26.380598068237305
train,dish_1566317742,data/nutrition5k_dataset/imagery/realsense_overhead/dish_1566317742/rgb.png,154.72000122070312,254.0,2.9079999923706055,28.464000701904297,5.375999927520752
train,dish_1558723695,data/nutrition5k_dataset/imagery/realsense_overhead/dish_1558723695/rgb.png,95.48999786376953,90.0,2.1600000858306885,19.799999237060547,2.7899999618530273
train,dish_1563563289,data/nutrition5k_dataset/imagery/realsense_overhead/dish_1563563289/rgb.png,331.9019775390625,218.0,22.63300132751465,4.9120001792907715,28.177000045776367
train,dish_1558632921,data/nutrition5k_dataset/imagery/realsense_overhead/dish_1558632921/rgb.png,80.5999984741211,155.0,0.3100000023841858,21.700000762939453,0.4650000035762787
train,dish_1565725071,data/nutrition5k_dataset/imagery/realsense_overhead/dish_1565725071/rgb.png,109.65999603271484,190.0,5.0,16.57200050354004,2.5460000038146973
train,dish_1565987269,data/nutrition5k_dataset/imagery/realsense_overhead/dish_1565987269/rgb.png,119.65499877929688,45.0,4.230000019073486,15.075000762939453,5.039999961853027
train,dish_1567020366,data/nutrition5k_dataset/imagery/realsense_overhead/dish_1567020366/rgb.png,111.45938110351562,203.0,5.200981140136719,14.576805114746094,5.105492115020752
train,dish_1562963612,data/nutrition5k_dataset/imagery/realsense_overhead/dish_1562963612/rgb.png,184.0800018310547,156.0,7.228000164031982,21.631999969482422,9.04800033569336
train,dish_1565034330,data/nutrition5k_dataset/imagery/realsense_overhead/dish_1565034330/rgb.png,614.0155029296875,483.0,31.386455535888672,39.217323303222656,42.39617156982422
train,dish_1566330399,data/nutrition5k_dataset/imagery/realsense_overhead/dish_1566330399/rgb.png,265.1908874511719,126.0,15.224231719970703,3.739511013031006,25.740400314331055
train,dish_1558721484,data/nutrition5k_dataset/imagery/realsense_overhead/dish_1558721484/rgb.png,11.160000801086426,62.0,0.12399999797344208,2.4179999828338623,0.5580000281333923
train,dish_1559846825,data/nutrition5k_dataset/imagery/realsense_overhead/dish_1559846825/rgb.png,252.70001220703125,95.0,9.21500015258789,31.350000381469727,10.449999809265137
train,dish_1567023335,data/nutrition5k_dataset/imagery/realsense_overhead/dish_1567023335/rgb.png,138.33639526367188,117.0,12.019872665405273,5.832454204559326,3.2872838973999023
train,dish_1566835641,data/nutrition5k_dataset/imagery/realsense_overhead/dish_1566835641/rgb.png,312.7668151855469,546.0,2.569756031036377,14.950244903564453,48.64390182495117
train,dish_1557863104,data/nutrition5k_dataset/imagery/realsense_overhead/dish_1557863104/rgb.png,46.0,40.0,4.28000020980835,2.5199999809265137,0.3199999928474426
train,dish_1567021831,data/nutrition5k_dataset/imagery/realsense_overhead/dish_1567021831/rgb.png,252.4356231689453,228.0,27.216339111328125,8.228521347045898,22.713125228881836
train,dish_1563391708,data/nutrition5k_dataset/imagery/realsense_overhead/dish_1563391708/rgb.png,319.2371520996094,205.0,22.678272247314453,26.219966888427734,23.104446411132812
train,dish_1564429270,data/nutrition5k_dataset/imagery/realsense_overhead/dish_1564429270/rgb.png,605.5072021484375,354.0,39.626583099365234,30.818349838256836,43.04611587524414
train,dish_1564000490,data/nutrition5k_dataset/imagery/realsense_overhead/dish_1564000490/rgb.png,532.7064819335938,325.0,19.150001525878906,49.6396484375,39.90986633300781
train,dish_1562872223,data/nutrition5k_dataset/imagery/realsense_overhead/dish_1562872223/rgb.png,306.8627014160156,468.0,8.376754760742188,10.477843284606934,47.90286636352539
train,dish_1562698100,data/nutrition5k_dataset/imagery/realsense_overhead/dish_1562698100/rgb.png,24.021900177001953,83.0,1.064365029335022,2.783724069595337,0.7368680238723755
train,dish_1558640882,data/nutrition5k_dataset/imagery/realsense_overhead/dish_1558640882/rgb.png,32.29999923706055,95.0,0.1899999976158142,7.599999904632568,0.7599999904632568
train,dish_1559233102,data/nutrition5k_dataset/imagery/realsense_overhead/dish_1559233102/rgb.png,183.52000427246094,124.0,13.640000343322754,1.9839999675750732,12.40000057220459
train,dish_1565034281,data/nutrition5k_dataset/imagery/realsense_overhead/dish_1565034281/rgb.png,228.45999145507812,306.0,9.433000564575195,32.33000183105469,5.901000022888184
train,dish_1564775147,data/nutrition5k_dataset/imagery/realsense_overhead/dish_1564775147/rgb.png,327.810302734375,151.0,22.47135353088379,5.230639934539795,24.590465545654297
train,dish_1562790170,data/nutrition5k_dataset/imagery/realsense_overhead/dish_1562790170/rgb.png,103.6937255859375,84.0,9.853384017944336,3.382091999053955,2.0158729553222656
train,dish_1562963059,data/nutrition5k_dataset/imagery/realsense_overhead/dish_1562963059/rgb.png,369.52728271484375,389.0,33.52189636230469,25.158859252929688,34.327640533447266
train,dish_1563481061,data/nutrition5k_dataset/imagery/realsense_overhead/dish_1563481061/rgb.png,541.2000732421875,350.0,29.77095603942871,34.3853645324707,32.66889953613281
train,dish_1561492687,data/nutrition5k_dataset/imagery/realsense_overhead/dish_1561492687/rgb.png,105.60565185546875,108.0,8.925007820129395,9.1740083694458,11.04723072052002
train,dish_1562702441,data/nutrition5k_dataset/imagery/realsense_overhead/dish_1562702441/rgb.png,209.18936157226562,371.0,9.1372652053833,28.23466682434082,6.938541889190674
train,dish_1567023262,data/nutrition5k_dataset/imagery/realsense_overhead/dish_1567023262/rgb.png,72.31999969482422,64.0,6.015999794006348,3.007999897003174,2.0480000972747803
train,dish_1566413321,data/nutrition5k_dataset/imagery/realsense_overhead/dish_1566413321/rgb.png,14.030000686645508,61.0,0.24400000274181366,2.196000099182129,1.7690000534057617
train,dish_1561148481,data/nutrition5k_dataset/imagery/realsense_overhead/dish_1561148481/rgb.png,281.2811279296875,140.0,14.385699272155762,18.90528678894043,18.591501235961914
train,dish_1558628956,data/nutrition5k_dataset/imagery/realsense_overhead/dish_1558628956/rgb.png,9.044000625610352,14.0,0.47600001096725464,0.4480000138282776,0.8539999723434448
train,dish_1562871488,data/nutrition5k_dataset/imagery/realsense_overhead/dish_1562871488/rgb.png,321.5909118652344,393.0,6.790623188018799,52.85383605957031,13.790343284606934
train,dish_1565195436,data/nutrition5k_dataset/imagery/realsense_overhead/dish_1565195436/rgb.png,340.9585266113281,164.0,20.772193908691406,19.30980682373047,18.28487777709961
train,dish_1563811639,data/nutrition5k_dataset/imagery/realsense_overhead/dish_1563811639/rgb.png,217.13999938964844,198.0,14.717999458312988,7.392000198364258,13.661999702453613
train,dish_1563996251,data/nutrition5k_dataset/imagery/realsense_overhead/dish_1563996251/rgb.png,39.5,158.0,0.4740000069141388,7.900000095367432,2.8440001010894775
train,dish_1565021965,data/nutrition5k_dataset/imagery/realsense_overhead/dish_1565021965/rgb.png,92.03999328613281,177.0,0.3540000021457672,1.2389999628067017,17.700000762939453
train,dish_1562614895,data/nutrition5k_dataset/imagery/realsense_overhead/dish_1562614895/rgb.png,51.79999923706055,148.0,0.5920000076293945,10.359999656677246,3.552000045776367
train,dish_1561753589,data/nutrition5k_dataset/imagery/realsense_overhead/dish_1561753589/rgb.png,138.761962890625,78.0,7.040132999420166,3.0708019733428955,14.485127449035645
train,dish_1558640593,data/nutrition5k_dataset/imagery/realsense_overhead/dish_1558640593/rgb.png,60.31999969482422,116.0,0.23199999332427979,16.239999771118164,0.3479999899864197
train,dish_1563206409,data/nutrition5k_dataset/imagery/realsense_overhead/dish_1563206409/rgb.png,443.4638366699219,277.0,33.37190628051758,4.392428874969482,29.678573608398438
train,dish_1562949205,data/nutrition5k_dataset/imagery/realsense_overhead/dish_1562949205/rgb.png,80.22000122070312,57.0,5.130000114440918,3.7679998874664307,4.800000190734863
train,dish_1563468362,data/nutrition5k_dataset/imagery/realsense_overhead/dish_1563468362/rgb.png,411.68603515625,598.0,9.998621940612793,58.30031967163086,23.59988784790039
train,dish_1560367258,data/nutrition5k_dataset/imagery/realsense_overhead/dish_1560367258/rgb.png,157.99172973632812,341.0,8.974909782409668,17.011693954467773,12.479584693908691
train,dish_1557862829,data/nutrition5k_dataset/imagery/realsense_overhead/dish_1557862829/rgb.png,5.519999980926514,24.0,0.09600000083446503,0.8640000224113464,0.6959999799728394
train,dish_1562611824,data/nutrition5k_dataset/imagery/realsense_overhead/dish_1562611824/rgb.png,192.56619262695312,109.0,11.998873710632324,16.746549606323242,5.932548999786377
train,dish_1563294491,data/nutrition5k_dataset/imagery/realsense_overhead/dish_1563294491/rgb.png,146.97999572753906,328.0,0.6639999747276306,37.573997497558594,2.0510001182556152
train,dish_1565728453,data/nutrition5k_dataset/imagery/realsense_overhead/dish_1565728453/rgb.png,293.899658203125,140.0,11.317792892456055,17.914079666137695,28.208755493164062
train,dish_1558110245,data/nutrition5k_dataset/imagery/realsense_overhead/dish_1558110245/rgb.png,29.06999969482422,51.0,0.15299999713897705,7.139999866485596,0.3569999933242798
train,dish_1559240875,data/nutrition5k_dataset/imagery/realsense_overhead/dish_1559240875/rgb.png,116.11600494384766,203.0,0.2029999941587448,30.855998992919922,0.8119999766349792
train,dish_1563477701,data/nutrition5k_dataset/imagery/realsense_overhead/dish_1563477701/rgb.png,179.42459106445312,150.0,7.0533552169799805,9.112095832824707,19.491802215576172
train,dish_1564000536,data/nutrition5k_dataset/imagery/realsense_overhead/dish_1564000536/rgb.png,659.9061889648438,397.0,27.075862884521484,60.70158767700195,43.82861328125
train,dish_1559846311,data/nutrition5k_dataset/imagery/realsense_overhead/dish_1559846311/rgb.png,114.97200775146484,201.0,0.20100000500679016,30.551998138427734,0.8040000200271606
train,dish_1563309285,data/nutrition5k_dataset/imagery/realsense_overhead/dish_1563309285/rgb.png,59.45000457763672,128.0,3.7209999561309814,6.603000164031982,1.7680000066757202
train,dish_1563304301,data/nutrition5k_dataset/imagery/realsense_overhead/dish_1563304301/rgb.png,190.95091247558594,151.0,8.933061599731445,23.621746063232422,4.687849044799805
train,dish_1561576212,data/nutrition5k_dataset/imagery/realsense_overhead/dish_1561576212/rgb.png,145.22999572753906,103.0,7.004000186920166,18.540000915527344,2.1630001068115234
train,dish_1562012076,data/nutrition5k_dataset/imagery/realsense_overhead/dish_1562012076/rgb.png,525.9738159179688,438.0,5.8691182136535645,100.68394470214844,15.518004417419434
train,dish_1560974009,data/nutrition5k_dataset/imagery/realsense_overhead/dish_1560974009/rgb.png,482.9830627441406,409.0,20.768674850463867,30.185020446777344,45.27007293701172
train,dish_1564601600,data/nutrition5k_dataset/imagery/realsense_overhead/dish_1564601600/rgb.png,600.7980346679688,434.0,34.06184768676758,39.350669860839844,36.4217643737793
train,dish_1561665626,data/nutrition5k_dataset/imagery/realsense_overhead/dish_1561665626/rgb.png,51.98899841308594,49.0,1.1759999990463257,10.779999732971191,1.5190000534057617
train,dish_1559842409,data/nutrition5k_dataset/imagery/realsense_overhead/dish_1559842409/rgb.png,359.1929931640625,179.0,26.644001007080078,24.451000213623047,13.334000587463379
train,dish_1560454539,data/nutrition5k_dataset/imagery/realsense_overhead/dish_1560454539/rgb.png,122.27400207519531,119.0,4.748725891113281,17.543842315673828,3.845489978790283
train,dish_1567801791,data/nutrition5k_dataset/imagery/realsense_overhead/dish_1567801791/rgb.png,225.472412109375,111.0,9.406758308410645,23.573152542114258,11.116020202636719
train,dish_1559232986,data/nutrition5k_dataset/imagery/realsense_overhead/dish_1559232986/rgb.png,189.34999084472656,35.0,14.699999809265137,0.49000000953674316,12.949999809265137
train,dish_1565034234,data/nutrition5k_dataset/imagery/realsense_overhead/dish_1565034234/rgb.png,43.75,175.0,0.5249999761581421,8.75,3.1500000953674316
train,dish_1559158263,data/nutrition5k_dataset/imagery/realsense_overhead/dish_1559158263/rgb.png,40.736820220947266,33.0,3.870971918106079,1.3286789655685425,0.791949987411499
train,dish_1558377105,data/nutrition5k_dataset/imagery/realsense_overhead/dish_1558377105/rgb.png,389.39801025390625,113.0,30.849000930786133,4.745999813079834,21.80900001525879
train,dish_1564761388,data/nutrition5k_dataset/imagery/realsense_overhead/dish_1564761388/rgb.png,54.599998474121094,105.0,0.20999999344348907,0.7350000143051147,10.5
train,dish_1562959766,data/nutrition5k_dataset/imagery/realsense_overhead/dish_1562959766/rgb.png,431.1269836425781,307.0,16.339181900024414,40.70555877685547,29.8298397064209
train,dish_1556575446,data/nutrition5k_dataset/imagery/realsense_overhead/dish_1556575446/rgb.png,103.29999542236328,152.0,6.881999969482422,10.618000030517578,2.868000030517578
train,dish_1558116260,data/nutrition5k_dataset/imagery/realsense_overhead/dish_1558116260/rgb.png,433.57501220703125,75.0,37.125,17.024999618530273,16.80000114440918
train,dish_1562945499,data/nutrition5k_dataset/imagery/realsense_overhead/dish_1562945499/rgb.png,454.50836181640625,625.0,11.25693130493164,65.26466369628906,26.271181106567383
train,dish_1560802092,data/nutrition5k_dataset/imagery/realsense_overhead/dish_1560802092/rgb.png,118.0311279296875,128.0,3.6673901081085205,5.9908270835876465,15.15161418914795
train,dish_1559235815,data/nutrition5k_dataset/imagery/realsense_overhead/dish_1559235815/rgb.png,352.39501953125,268.0,16.284000396728516,31.334001541137695,19.628799438476562
train,dish_1559675101,data/nutrition5k_dataset/imagery/realsense_overhead/dish_1559675101/rgb.png,13.329999923706055,31.0,0.09300000220537186,2.7899999618530273,1.0540000200271606
train,dish_1563908923,data/nutrition5k_dataset/imagery/realsense_overhead/dish_1563908923/rgb.png,49.279998779296875,112.0,2.3519999980926514,4.815999984741211,3.5840001106262207
train,dish_1559244546,data/nutrition5k_dataset/imagery/realsense_overhead/dish_1559244546/rgb.png,469.942138671875,281.0,13.549141883850098,6.330504894256592,75.77484130859375
train,dish_1559751458,data/nutrition5k_dataset/imagery/realsense_overhead/dish_1559751458/rgb.png,152.64300537109375,123.0,0.2460000067949295,36.1619987487793,1.968000054359436
train,dish_1558724799,data/nutrition5k_dataset/imagery/realsense_overhead/dish_1558724799/rgb.png,142.6699981689453,352.0,1.0069999694824219,34.33000183105469,4.5929999351501465
train,dish_1562777068,data/nutrition5k_dataset/imagery/realsense_overhead/dish_1562777068/rgb.png,236.7235107421875,236.0,15.213988304138184,10.770336151123047,14.960756301879883
train,dish_1563205903,data/nutrition5k_dataset/imagery/realsense_overhead/dish_1563205903/rgb.png,101.23999786376953,122.0,3.6740000247955322,1.659000039100647,13.600000381469727
train,dish_1560443607,data/nutrition5k_dataset/imagery/realsense_overhead/dish_1560443607/rgb.png,380.79998779296875,706.0,1.4390000104904175,67.54700469970703,26.071001052856445
train,dish_1564690038,data/nutrition5k_dataset/imagery/realsense_overhead/dish_1564690038/rgb.png,92.33999633789062,81.0,0.3240000009536743,16.200000762939453,7.289999961853027
train,dish_1564590146,data/nutrition5k_dataset/imagery/realsense_overhead/dish_1564590146/rgb.png,141.00584411621094,205.0,3.1192190647125244,27.632781982421875,1.68448805809021
train,dish_1560442279,data/nutrition5k_dataset/imagery/realsense_overhead/dish_1560442279/rgb.png,333.7699890136719,222.0,17.1039981842041,28.881999969482422,16.71700096130371
train,dish_1561148336,data/nutrition5k_dataset/imagery/realsense_overhead/dish_1561148336/rgb.png,128.09861755371094,68.0,4.566122055053711,16.327491760253906,5.454761981964111
train,dish_1561666897,data/nutrition5k_dataset/imagery/realsense_overhead/dish_1561666897/rgb.png,532.5086059570312,402.0,22.036609649658203,54.080101013183594,34.528743743896484
train,dish_1564690194,data/nutrition5k_dataset/imagery/realsense_overhead/dish_1564690194/rgb.png,500.9188232421875,430.0,34.42801284790039,43.0048828125,42.087562561035156
train,dish_1561663855,data/nutrition5k_dataset/imagery/realsense_overhead/dish_1561663855/rgb.png,179.13841247558594,139.0,7.395212173461914,14.409588813781738,15.286749839782715
train,dish_1568666303,data/nutrition5k_dataset/imagery/realsense_overhead/dish_1568666303/rgb.png,443.1999816894531,560.0,8.483999252319336,19.770000457763672,72.89200592041016
train,dish_1564514906,data/nutrition5k_dataset/imagery/realsense_overhead/dish_1564514906/rgb.png,199.26605224609375,178.0,20.8510799407959,8.858501434326172,25.466617584228516
train,dish_1562688552,data/nutrition5k_dataset/imagery/realsense_overhead/dish_1562688552/rgb.png,235.82000732421875,304.0,8.75,30.27800178527832,11.736000061035156
train,dish_1565021599,data/nutrition5k_dataset/imagery/realsense_overhead/dish_1565021599/rgb.png,206.95999145507812,398.0,0.7960000038146973,2.7860000133514404,39.79999923706055
train,dish_1561481673,data/nutrition5k_dataset/imagery/realsense_overhead/dish_1561481673/rgb.png,496.61700439453125,324.0,27.25,36.400001525878906,25.96200180053711
train,dish_1559243887,data/nutrition5k_dataset/imagery/realsense_overhead/dish_1559243887/rgb.png,289.0500183105469,50.0,24.75,11.350000381469727,11.200000762939453
train,dish_1568060501,data/nutrition5k_dataset/imagery/realsense_overhead/dish_1568060501/rgb.png,548.6554565429688,413.0,22.45687484741211,46.391014099121094,40.01325988769531
train,dish_1567629106,data/nutrition5k_dataset/imagery/realsense_overhead/dish_1567629106/rgb.png,292.54998779296875,211.0,11.000999450683594,35.35300064086914,13.95199966430664
train,dish_1562008517,data/nutrition5k_dataset/imagery/realsense_overhead/dish_1562008517/rgb.png,401.7295227050781,370.0,11.505785942077637,54.15438461303711,21.236305236816406
train,dish_1566931482,data/nutrition5k_dataset/imagery/realsense_overhead/dish_1566931482/rgb.png,25.479999542236328,91.0,0.36399999260902405,4.822999954223633,2.002000093460083
train,dish_1558378516,data/nutrition5k_dataset/imagery/realsense_overhead/dish_1558378516/rgb.png,92.45999908447266,134.0,0.2680000066757202,24.1200008392334,0.9380000233650208
train,dish_1568060414,data/nutrition5k_dataset/imagery/realsense_overhead/dish_1568060414/rgb.png,53.59855651855469,146.0,2.133646011352539,7.9505839347839355,2.632836103439331
train,dish_1558550181,data/nutrition5k_dataset/imagery/realsense_overhead/dish_1558550181/rgb.png,28.979999542236328,42.0,0.08399999886751175,7.559999942779541,0.2939999997615814
train,dish_1560455224,data/nutrition5k_dataset/imagery/realsense_overhead/dish_1560455224/rgb.png,181.7408447265625,244.0,6.2495222091674805,28.741323471069336,5.392315864562988
train,dish_1560787696,data/nutrition5k_dataset/imagery/realsense_overhead/dish_1560787696/rgb.png,37.869998931884766,7.0,2.940000057220459,0.09799999743700027,2.5899999141693115
train,dish_1561575977,data/nutrition5k_dataset/imagery/realsense_overhead/dish_1561575977/rgb.png,261.076171875,102.0,13.06818962097168,15.375612258911133,19.12273406982422
train,dish_1563391333,data/nutrition5k_dataset/imagery/realsense_overhead/dish_1563391333/rgb.png,23.443058013916016,81.0,1.0387179851531982,2.7166459560394287,0.719111979007721
train,dish_1560366389,data/nutrition5k_dataset/imagery/realsense_overhead/dish_1560366389/rgb.png,46.90906524658203,38.0,4.457481861114502,1.529994010925293,0.9119430184364319
train,dish_1563813221,data/nutrition5k_dataset/imagery/realsense_overhead/dish_1563813221/rgb.png,19.402904510498047,38.0,0.48619401454925537,3.3696610927581787,1.2722760438919067
train,dish_1560802764,data/nutrition5k_dataset/imagery/realsense_overhead/dish_1560802764/rgb.png,111.83220672607422,99.0,3.2506349086761475,3.4435698986053467,16.39369010925293
train,dish_1565382762,data/nutrition5k_dataset/imagery/realsense_overhead/dish_1565382762/rgb.png,305.8285827636719,139.0,12.677753448486328,36.28968811035156,12.568737030029297
train,dish_1558115169,data/nutrition5k_dataset/imagery/realsense_overhead/dish_1558115169/rgb.png,151.47999572753906,28.0,11.75999927520752,0.3919999897480011,10.360000610351562
train,dish_1560543557,data/nutrition5k_dataset/imagery/realsense_overhead/dish_1560543557/rgb.png,87.8699951171875,191.0,3.9230000972747803,11.636000633239746,3.3529999256134033
train,dish_1562602687,data/nutrition5k_dataset/imagery/realsense_overhead/dish_1562602687/rgb.png,721.3651733398438,311.0,52.31964874267578,32.21589279174805,31.824260711669922
train,dish_1562095283,data/nutrition5k_dataset/imagery/realsense_overhead/dish_1562095283/rgb.png,229.51742553710938,197.0,19.74732780456543,11.772672653198242,5.268714904785156
train,dish_1563911255,data/nutrition5k_dataset/imagery/realsense_overhead/dish_1563911255/rgb.png,293.1921691894531,235.0,12.387641906738281,24.05424690246582,21.956119537353516
train,dish_1566936266,data/nutrition5k_dataset/imagery/realsense_overhead/dish_1566936266/rgb.png,220.95555114746094,146.0,9.865667343139648,3.4231390953063965,27.75459861755371
train,dish_1568665012,data/nutrition5k_dataset/imagery/realsense_overhead/dish_1568665012/rgb.png,327.4205627441406,268.0,15.353143692016602,15.19739055633545,32.78975296020508
train,dish_1562701956,data/nutrition5k_dataset/imagery/realsense_overhead/dish_1562701956/rgb.png,6.840000152587891,38.0,0.07599999755620956,1.4819999933242798,0.34200000762939453
train,dish_1561575908,data/nutrition5k_dataset/imagery/realsense_overhead/dish_1561575908/rgb.png,106.36000061035156,40.0,3.759999990463257,13.40000057220459,4.480000019073486
train,dish_1565119739,data/nutrition5k_dataset/imagery/realsense_overhead/dish_1565119739/rgb.png,396.8040466308594,461.0,15.774881362915039,41.55845642089844,25.650156021118164
train,dish_1568318361,data/nutrition5k_dataset/imagery/realsense_overhead/dish_1568318361/rgb.png,540.8200073242188,341.0,35.21599578857422,9.174999237060547,49.08599853515625
train,dish_1558113255,data/nutrition5k_dataset/imagery/realsense_overhead/dish_1558113255/rgb.png,30.600000381469727,90.0,0.18000000715255737,7.199999809265137,0.7200000286102295
train,dish_1562873495,data/nutrition5k_dataset/imagery/realsense_overhead/dish_1562873495/rgb.png,140.10699462890625,152.0,5.60099983215332,16.172000885009766,7.504000186920166
train,dish_1564761488,data/nutrition5k_dataset/imagery/realsense_overhead/dish_1564761488/rgb.png,327.98602294921875,336.0,8.357999801635742,40.558998107910156,21.735000610351562
train,dish_1559590031,data/nutrition5k_dataset/imagery/realsense_overhead/dish_1559590031/rgb.png,402.7462158203125,269.0,19.749412536621094,42.53800582885742,15.597241401672363
train,dish_1568061320,data/nutrition5k_dataset/imagery/realsense_overhead/dish_1568061320/rgb.png,535.8399047851562,491.0,19.667325973510742,48.117958068847656,41.28010559082031
train,dish_1564686855,data/nutrition5k_dataset/imagery/realsense_overhead/dish_1564686855/rgb.png,1030.16064453125,435.0,52.1164665222168,85.93033599853516,56.84550476074219
train,dish_1558630814,data/nutrition5k_dataset/imagery/realsense_overhead/dish_1558630814/rgb.png,196.5540008544922,34.0,16.829999923706055,7.7179999351501465,7.616000175476074
train,dish_1565194684,data/nutrition5k_dataset/imagery/realsense_overhead/dish_1565194684/rgb.png,196.55999755859375,378.0,0.7559999823570251,2.6459999084472656,37.79999923706055
train,dish_1562945900,data/nutrition5k_dataset/imagery/realsense_overhead/dish_1562945900/rgb.png,240.6953125,281.0,6.314644813537598,42.813194274902344,6.927000999450684
train,dish_1568405306,data/nutrition5k_dataset/imagery/realsense_overhead/dish_1568405306/rgb.png,421.23974609375,336.0,24.29446792602539,15.891708374023438,35.91667556762695
train,dish_1561737839,data/nutrition5k_dataset/imagery/realsense_overhead/dish_1561737839/rgb.png,210.89999389648438,370.0,1.1100000143051147,51.79999923706055,2.5899999141693115
train,dish_1561134156,data/nutrition5k_dataset/imagery/realsense_overhead/dish_1561134156/rgb.png,118.54000091552734,220.0,0.34200000762939453,28.7760009765625,1.6959999799728394
train,dish_1562169840,data/nutrition5k_dataset/imagery/realsense_overhead/dish_1562169840/rgb.png,739.6636962890625,389.0,53.8907585144043,21.785472869873047,41.75605010986328
train,dish_1560798928,data/nutrition5k_dataset/imagery/realsense_overhead/dish_1560798928/rgb.png,485.0382385253906,399.0,21.9902400970459,52.308963775634766,23.906652450561523
train,dish_1562958603,data/nutrition5k_dataset/imagery/realsense_overhead/dish_1562958603/rgb.png,171.83999633789062,93.0,10.416999816894531,9.43600082397461,10.407999992370605
train,dish_1563480608,data/nutrition5k_dataset/imagery/realsense_overhead/dish_1563480608/rgb.png,886.9464721679688,650.0,40.421226501464844,42.64472198486328,83.2226333618164
train,dish_1561575613,data/nutrition5k_dataset/imagery/realsense_overhead/dish_1561575613/rgb.png,86.41143798828125,70.0,8.211153030395508,2.8184099197387695,1.679893970489502
train,dish_1563565761,data/nutrition5k_dataset/imagery/realsense_overhead/dish_1563565761/rgb.png,88.66277313232422,159.0,7.8534369468688965,5.880220890045166,11.434039115905762
train,dish_1563304369,data/nutrition5k_dataset/imagery/realsense_overhead/dish_1563304369/rgb.png,457.172119140625,326.0,16.765851974487305,27.775938034057617,47.26275634765625
train,dish_1561578441,data/nutrition5k_dataset/imagery/realsense_overhead/dish_1561578441/rgb.png,387.08441162109375,309.0,18.797609329223633,34.63462829589844,20.267013549804688
train,dish_1558635933,data/nutrition5k_dataset/imagery/realsense_overhead/dish_1558635933/rgb.png,33.31999969482422,98.0,0.19599999487400055,7.840000152587891,0.7839999794960022
train,dish_1565204931,data/nutrition5k_dataset/imagery/realsense_overhead/dish_1565204931/rgb.png,391.3264465332031,515.0,13.301519393920898,49.57269287109375,22.72920036315918
train,dish_1561739576,data/nutrition5k_dataset/imagery/realsense_overhead/dish_1561739576/rgb.png,63.84000015258789,84.0,0.0,15.120000839233398,0.8399999737739563
train,dish_1562085185,data/nutrition5k_dataset/imagery/realsense_overhead/dish_1562085185/rgb.png,550.510009765625,227.0,39.369998931884766,28.829999923706055,21.147998809814453
train,dish_1562602803,data/nutrition5k_dataset/imagery/realsense_overhead/dish_1562602803/rgb.png,121.74227905273438,120.0,5.2781548500061035,10.074251174926758,9.310214042663574
train,dish_1565032748,data/nutrition5k_dataset/imagery/realsense_overhead/dish_1565032748/rgb.png,544.3104858398438,435.0,36.203651428222656,28.482351303100586,26.84199333190918
train,dish_1561578676,data/nutrition5k_dataset/imagery/realsense_overhead/dish_1561578676/rgb.png,212.0348358154297,224.0,10.345770835876465,13.637112617492676,16.4417781829834
train,dish_1561577198,data/nutrition5k_dataset/imagery/realsense_overhead/dish_1561577198/rgb.png,240.54290771484375,174.0,11.997110366821289,25.32069969177246,9.30143928527832
train,dish_1558629644,data/nutrition5k_dataset/imagery/realsense_overhead/dish_1558629644/rgb.png,4.199999809265137,15.0,0.05999999865889549,0.7950000166893005,0.33000001311302185
train,dish_1562086037,data/nutrition5k_dataset/imagery/realsense_overhead/dish_1562086037/rgb.png,68.97000122070312,121.0,0.3630000054836273,16.940000534057617,0.847000002861023
train,dish_1563476577,data/nutrition5k_dataset/imagery/realsense_overhead/dish_1563476577/rgb.png,1238.03369140625,857.0,62.574153900146484,79.60124969482422,87.67161560058594
train,dish_1561752563,data/nutrition5k_dataset/imagery/realsense_overhead/dish_1561752563/rgb.png,373.5079650878906,367.0,18.297710418701172,24.707658767700195,29.35906982421875
train,dish_1562602657,data/nutrition5k_dataset/imagery/realsense_overhead/dish_1562602657/rgb.png,610.3651733398438,236.0,44.06964874267578,31.015892028808594,24.324260711669922
train,dish_1565109606,data/nutrition5k_dataset/imagery/realsense_overhead/dish_1565109606/rgb.png,89.96488189697266,94.0,2.2926828861236572,16.5073184967041,0.9170730113983154
train,dish_1561578603,data/nutrition5k_dataset/imagery/realsense_overhead/dish_1561578603/rgb.png,180.51483154296875,96.0,9.961771011352539,7.50911283493042,13.929778099060059
train,dish_1558116547,data/nutrition5k_dataset/imagery/realsense_overhead/dish_1558116547/rgb.png,74.87999725341797,144.0,0.2879999876022339,0.4320000112056732,20.15999984741211
train,dish_1566851198,data/nutrition5k_dataset/imagery/realsense_overhead/dish_1566851198/rgb.png,463.0474548339844,342.0,21.1196346282959,42.9036865234375,25.89720916748047
train,dish_1561577146,data/nutrition5k_dataset/imagery/realsense_overhead/dish_1561577146/rgb.png,154.23641967773438,99.0,7.909346103668213,14.019523620605469,7.927968978881836
train,dish_1559238481,data/nutrition5k_dataset/imagery/realsense_overhead/dish_1559238481/rgb.png,59.689998626708984,127.0,0.12700000405311584,15.239999771118164,1.1430000066757202
train,dish_1565194852,data/nutrition5k_dataset/imagery/realsense_overhead/dish_1565194852/rgb.png,428.5954895019531,759.0,5.04371976852417,51.367618560791016,40.80011749267578
train,dish_1563294441,data/nutrition5k_dataset/imagery/realsense_overhead/dish_1563294441/rgb.png,65.19999694824219,162.0,0.2409999966621399,16.79399871826172,0.8889999985694885
train,dish_1562872150,data/nutrition5k_dataset/imagery/realsense_overhead/dish_1562872150/rgb.png,7.480000019073486,34.0,0.10199999809265137,1.121999979019165,1.0540000200271606
train,dish_1567023375,data/nutrition5k_dataset/imagery/realsense_overhead/dish_1567023375/rgb.png,248.56640625,268.0,19.267871856689453,8.701454162597656,15.36728286743164
train,dish_1563567722,data/nutrition5k_dataset/imagery/realsense_overhead/dish_1563567722/rgb.png,645.3236694335938,576.0,50.287818908691406,55.29018783569336,40.35746765136719
train,dish_1565033220,data/nutrition5k_dataset/imagery/realsense_overhead/dish_1565033220/rgb.png,908.60498046875,578.0,59.34299850463867,19.202001571655273,76.66400146484375
train,dish_1563897439,data/nutrition5k_dataset/imagery/realsense_overhead/dish_1563897439/rgb.png,315.31365966796875,578.0,3.3015120029449463,29.21548843383789,37.3878059387207
train,dish_1558122740,data/nutrition5k_dataset/imagery/realsense_overhead/dish_1558122740/rgb.png,260.1499938964844,304.0,7.703000068664551,22.625001907348633,28.618999481201172
train,dish_1558550079,data/nutrition5k_dataset/imagery/realsense_overhead/dish_1558550079/rgb.png,73.83999633789062,142.0,0.2840000092983246,19.8799991607666,0.4259999990463257
train,dish_1559841908,data/nutrition5k_dataset/imagery/realsense_overhead/dish_1559841908/rgb.png,175.16201782226562,304.0,0.47099998593330383,45.571998596191406,2.069000005722046
train,dish_1566333291,data/nutrition5k_dataset/imagery/realsense_overhead/dish_1566333291/rgb.png,549.755615234375,439.0,21.439437866210938,49.02037048339844,41.32496643066406
train,dish_1561580322,data/nutrition5k_dataset/imagery/realsense_overhead/dish_1561580322/rgb.png,44.25,76.0,1.2280000448226929,6.671999931335449,2.6619999408721924
train,dish_1559245589,data/nutrition5k_dataset/imagery/realsense_overhead/dish_1559245589/rgb.png,25.562341690063477,52.0,0.6152210235595703,5.129289150238037,0.4620090126991272
train,dish_1561405836,data/nutrition5k_dataset/imagery/realsense_overhead/dish_1561405836/rgb.png,82.42900085449219,31.0,2.9140000343322754,10.385000228881836,3.4719998836517334
train,dish_1561578394,data/nutrition5k_dataset/imagery/realsense_overhead/dish_1561578394/rgb.png,276.0444030761719,185.0,13.940608978271484,19.46462631225586,17.828014373779297
train,dish_1562947503,data/nutrition5k_dataset/imagery/realsense_overhead/dish_1562947503/rgb.png,438.12200927734375,408.0,20.100000381469727,42.709999084472656,21.65799903869629
train,dish_1558635994,data/nutrition5k_dataset/imagery/realsense_overhead/dish_1558635994/rgb.png,93.83999633789062,136.0,0.2720000147819519,24.48000144958496,0.9520000219345093
train,dish_1561667430,data/nutrition5k_dataset/imagery/realsense_overhead/dish_1561667430/rgb.png,342.2135925292969,166.0,15.668182373046875,18.326160430908203,30.28251838684082
train,dish_1567021799,data/nutrition5k_dataset/imagery/realsense_overhead/dish_1567021799/rgb.png,93.81813049316406,76.0,8.914965629577637,3.059988021850586,1.8238860368728638
train,dish_1558639335,data/nutrition5k_dataset/imagery/realsense_overhead/dish_1558639335/rgb.png,60.31999969482422,116.0,0.23199999332427979,16.239999771118164,0.3479999899864197
train,dish_1561752996,data/nutrition5k_dataset/imagery/realsense_overhead/dish_1561752996/rgb.png,848.65576171875,415.0,42.900569915771484,36.33665084838867,76.78807830810547
train,dish_1563389742,data/nutrition5k_dataset/imagery/realsense_overhead/dish_1563389742/rgb.png,569.41796875,556.0,29.556001663208008,30.394001007080078,48.33899688720703
train,dish_1562687246,data/nutrition5k_dataset/imagery/realsense_overhead/dish_1562687246/rgb.png,115.42160034179688,61.0,11.899805068969727,2.317260980606079,0.601127028465271
train,dish_1558640267,data/nutrition5k_dataset/imagery/realsense_overhead/dish_1558640267/rgb.png,63.47999954223633,92.0,0.18400000035762787,16.560001373291016,0.6439999938011169
train,dish_1558468494,data/nutrition5k_dataset/imagery/realsense_overhead/dish_1558468494/rgb.png,15.78499984741211,77.0,0.23100000619888306,2.618000030517578,0.6930000185966492
train,dish_1560799368,data/nutrition5k_dataset/imagery/realsense_overhead/dish_1560799368/rgb.png,108.40306854248047,53.0,6.012894153594971,1.962151050567627,10.820528030395508
train,dish_1560455399,data/nutrition5k_dataset/imagery/realsense_overhead/dish_1560455399/rgb.png,138.4989013671875,149.0,13.729533195495605,6.487750053405762,10.835824966430664
train,dish_1563205877,data/nutrition5k_dataset/imagery/realsense_overhead/dish_1563205877/rgb.png,56.0,35.0,3.5,1.0499999523162842,4.900000095367432
train,dish_1561062586,data/nutrition5k_dataset/imagery/realsense_overhead/dish_1561062586/rgb.png,121.19392395019531,89.0,3.318567991256714,20.365365982055664,2.5667319297790527
train,dish_1563568118,data/nutrition5k_dataset/imagery/realsense_overhead/dish_1563568118/rgb.png,139.83384704589844,134.0,16.134103775024414,4.556469917297363,18.415512084960938
train,dish_1563811611,data/nutrition5k_dataset/imagery/realsense_overhead/dish_1563811611/rgb.png,195.36000061035156,132.0,14.520000457763672,2.111999988555908,13.199999809265137
train,dish_1565895879,data/nutrition5k_dataset/imagery/realsense_overhead/dish_1565895879/rgb.png,96.68175506591797,231.0,3.165524959564209,15.138750076293945,5.103449821472168
train,dish_1558631872,data/nutrition5k_dataset/imagery/realsense_overhead/dish_1558631872/rgb.png,16.020000457763672,89.0,0.17800000309944153,3.4709999561309814,0.8009999990463257
train,dish_1561392710,data/nutrition5k_dataset/imagery/realsense_overhead/dish_1561392710/rgb.png,31.80000114440918,106.0,0.21199999749660492,8.055999755859375,0.6359999775886536
train,dish_1561749392,data/nutrition5k_dataset/imagery/realsense_overhead/dish_1561749392/rgb.png,416.778564453125,210.0,21.08424949645996,16.09300994873047,38.888771057128906
train,dish_1564432128,data/nutrition5k_dataset/imagery/realsense_overhead/dish_1564432128/rgb.png,217.02838134765625,102.0,11.281487464904785,21.601863861083984,8.091218948364258
train,dish_1563568319,data/nutrition5k_dataset/imagery/realsense_overhead/dish_1563568319/rgb.png,604.3233032226562,347.0,28.78498649597168,53.14863204956055,37.72602462768555
train,dish_1564170880,data/nutrition5k_dataset/imagery/realsense_overhead/dish_1564170880/rgb.png,348.5571594238281,230.0,15.413000106811523,22.931354522705078,28.94420051574707
train,dish_1562947598,data/nutrition5k_dataset/imagery/realsense_overhead/dish_1562947598/rgb.png,87.72000122070312,258.0,0.515999972820282,20.639999389648438,2.063999891281128
train,dish_1562959295,data/nutrition5k_dataset/imagery/realsense_overhead/dish_1562959295/rgb.png,3.0399999618530273,19.0,0.01899999938905239,0.6460000276565552,0.13300000131130219
train,dish_1558380181,data/nutrition5k_dataset/imagery/realsense_overhead/dish_1558380181/rgb.png,374.9360046386719,313.0,18.373998641967773,32.72100067138672,29.02199935913086
train,dish_1561577678,data/nutrition5k_dataset/imagery/realsense_overhead/dish_1561577678/rgb.png,218.88775634765625,104.0,12.566033363342285,3.0865800380706787,21.24604606628418
train,dish_1565119418,data/nutrition5k_dataset/imagery/realsense_overhead/dish_1565119418/rgb.png,324.3979797363281,122.0,11.467999458312988,40.87000274658203,13.66400146484375
train,dish_1564590190,data/nutrition5k_dataset/imagery/realsense_overhead/dish_1564590190/rgb.png,194.01583862304688,298.0,3.398219108581543,40.65278244018555,2.3354880809783936
train,dish_1558723073,data/nutrition5k_dataset/imagery/realsense_overhead/dish_1558723073/rgb.png,16.200000762939453,90.0,0.18000000715255737,3.509999990463257,0.8100000023841858
train,dish_1563309353,data/nutrition5k_dataset/imagery/realsense_overhead/dish_1563309353/rgb.png,625.2368774414062,529.0,20.06788444519043,15.838591575622559,92.56895446777344
train,dish_1564083534,data/nutrition5k_dataset/imagery/realsense_overhead/dish_1564083534/rgb.png,309.0619812011719,307.0,18.611000061035156,13.395000457763672,24.459997177124023
train,dish_1562691674,data/nutrition5k_dataset/imagery/realsense_overhead/dish_1562691674/rgb.png,376.97686767578125,435.0,11.338250160217285,42.57331848144531,26.482393264770508
train,dish_1561752035,data/nutrition5k_dataset/imagery/realsense_overhead/dish_1561752035/rgb.png,454.9364013671875,374.0,19.57179069519043,26.458131790161133,41.192176818847656
train,dish_1568314907,data/nutrition5k_dataset/imagery/realsense_overhead/dish_1568314907/rgb.png,481.16943359375,281.0,29.956466674804688,15.702341079711914,38.06332778930664
train,dish_1563812508,data/nutrition5k_dataset/imagery/realsense_overhead/dish_1563812508/rgb.png,112.83999633789062,217.0,0.4339999854564667,1.5190000534057617,21.700000762939453
train,dish_1564588533,data/nutrition5k_dataset/imagery/realsense_overhead/dish_1564588533/rgb.png,236.06600952148438,167.0,14.155000686645508,2.9539999961853027,21.44300079345703
train,dish_1560444701,data/nutrition5k_dataset/imagery/realsense_overhead/dish_1560444701/rgb.png,51.000003814697266,170.0,0.3400000035762787,12.919999122619629,1.0199999809265137
train,dish_1568320427,data/nutrition5k_dataset/imagery/realsense_overhead/dish_1568320427/rgb.png,450.76409912109375,240.0,19.02842903137207,40.59809112548828,27.656240463256836
train,dish_1565725244,data/nutrition5k_dataset/imagery/realsense_overhead/dish_1565725244/rgb.png,573.5460205078125,590.0,19.376998901367188,28.073997497558594,72.00699615478516
train,dish_1558547068,data/nutrition5k_dataset/imagery/realsense_overhead/dish_1558547068/rgb.png,2.5299999713897705,11.0,0.04399999976158142,0.3959999978542328,0.3190000057220459
train,dish_1566590946,data/nutrition5k_dataset/imagery/realsense_overhead/dish_1566590946/rgb.png,405.61187744140625,228.0,20.5788516998291,8.976190567016602,42.341148376464844
train,dish_1566328988,data/nutrition5k_dataset/imagery/realsense_overhead/dish_1566328988/rgb.png,747.747802734375,398.0,26.880571365356445,66.90491485595703,56.31355285644531
train,dish_1561577701,data/nutrition5k_dataset/imagery/realsense_overhead/dish_1561577701/rgb.png,258.63775634765625,263.0,13.043033599853516,11.036580085754395,24.10804557800293
train,dish_1558460908,data/nutrition5k_dataset/imagery/realsense_overhead/dish_1558460908/rgb.png,151.99998474121094,302.0,0.6200000047683716,39.63199996948242,1.8339999914169312
train,dish_1558030832,data/nutrition5k_dataset/imagery/realsense_overhead/dish_1558030832/rgb.png,89.35200500488281,72.0,0.14399999380111694,21.167999267578125,1.1519999504089355
train,dish_1560543605,data/nutrition5k_dataset/imagery/realsense_overhead/dish_1560543605/rgb.png,485.5708923339844,501.0,27.281400680541992,22.652528762817383,63.55328369140625
train,dish_1561749750,data/nutrition5k_dataset/imagery/realsense_overhead/dish_1561749750/rgb.png,330.5279235839844,315.0,15.101814270019531,15.041820526123047,32.76649475097656
train,dish_1562097001,data/nutrition5k_dataset/imagery/realsense_overhead/dish_1562097001/rgb.png,529.879638671875,418.0,41.23870086669922,40.36893844604492,46.891212463378906
train,dish_1560270537,data/nutrition5k_dataset/imagery/realsense_overhead/dish_1560270537/rgb.png,24.0,48.0,0.04800000041723251,6.239999771118164,0.23999999463558197
train,dish_1563468269,data/nutrition5k_dataset/imagery/realsense_overhead/dish_1563468269/rgb.png,129.010009765625,302.0,0.5600000023841858,32.762001037597656,1.7680000066757202
train,dish_1564516429,data/nutrition5k_dataset/imagery/realsense_overhead/dish_1564516429/rgb.png,178.98297119140625,186.0,17.82989501953125,9.269392013549805,18.673999786376953
train,dish_1560539368,data/nutrition5k_dataset/imagery/realsense_overhead/dish_1560539368/rgb.png,238.81451416015625,314.0,20.83588218688965,17.820642471313477,23.615503311157227
train,dish_1565641915,data/nutrition5k_dataset/imagery/realsense_overhead/dish_1565641915/rgb.png,326.7647399902344,190.0,11.121213912963867,43.051055908203125,13.516640663146973
train,dish_1565383097,data/nutrition5k_dataset/imagery/realsense_overhead/dish_1565383097/rgb.png,479.2489929199219,430.0,25.929000854492188,13.332999229431152,50.02299880981445
train,dish_1558459276,data/nutrition5k_dataset/imagery/realsense_overhead/dish_1558459276/rgb.png,102.69999694824219,79.0,0.2370000034570694,22.1200008392334,2.132999897003174
train,dish_1562690144,data/nutrition5k_dataset/imagery/realsense_overhead/dish_1562690144/rgb.png,645.7623291015625,354.0,48.07874298095703,8.460017204284668,43.36623001098633
train,dish_1566488956,data/nutrition5k_dataset/imagery/realsense_overhead/dish_1566488956/rgb.png,280.8882751464844,489.0,2.9035611152648926,22.376441955566406,35.52702331542969
train,dish_1558638292,data/nutrition5k_dataset/imagery/realsense_overhead/dish_1558638292/rgb.png,190.3099822998047,356.0,0.7549999952316284,46.08000183105469,3.178999900817871
train,dish_1556575558,data/nutrition5k_dataset/imagery/realsense_overhead/dish_1556575558/rgb.png,103.30000305175781,151.0,6.881999969482422,10.618000030517578,2.868000030517578
train,dish_1560455030,data/nutrition5k_dataset/imagery/realsense_overhead/dish_1560455030/rgb.png,20.59000015258789,103.0,0.14800000190734863,4.625,0.9559999704360962
train,dish_1562605384,data/nutrition5k_dataset/imagery/realsense_overhead/dish_1562605384/rgb.png,306.1928405761719,262.0,18.418285369873047,18.374267578125,16.960742950439453
train,dish_1560368138,data/nutrition5k_dataset/imagery/realsense_overhead/dish_1560368138/rgb.png,23.5,123.0,0.2800000011920929,4.5929999351501465,1.8550000190734863
train,dish_1561407283,data/nutrition5k_dataset/imagery/realsense_overhead/dish_1561407283/rgb.png,88.62667083740234,86.0,3.841226100921631,5.4873127937316895,8.25952434539795
train,dish_1563207301,data/nutrition5k_dataset/imagery/realsense_overhead/dish_1563207301/rgb.png,187.92999267578125,173.0,6.234000205993652,24.16899871826172,8.0
train,dish_1566849233,data/nutrition5k_dataset/imagery/realsense_overhead/dish_1566849233/rgb.png,94.80000305175781,117.0,7.329999923706055,7.940000057220459,2.4800000190734863
train,dish_1558721323,data/nutrition5k_dataset/imagery/realsense_overhead/dish_1558721323/rgb.png,31.6200008392334,93.0,0.1860000044107437,7.440000057220459,0.7440000176429749
train,dish_1561407312,data/nutrition5k_dataset/imagery/realsense_overhead/dish_1561407312/rgb.png,127.82666778564453,121.0,3.9112260341644287,13.537315368652344,9.589523315429688
train,dish_1562613045,data/nutrition5k_dataset/imagery/realsense_overhead/dish_1562613045/rgb.png,166.11199951171875,207.0,1.7929999828338623,18.285999298095703,21.533998489379883
train,dish_1561749818,data/nutrition5k_dataset/imagery/realsense_overhead/dish_1561749818/rgb.png,340.02789306640625,395.0,15.126813888549805,16.991819381713867,33.49149703979492
train,dish_1568313487,data/nutrition5k_dataset/imagery/realsense_overhead/dish_1568313487/rgb.png,13.720000267028809,49.0,0.19599999487400055,2.5969998836517334,1.0779999494552612
train,dish_1557853314,data/nutrition5k_dataset/imagery/realsense_overhead/dish_1557853314/rgb.png,115.41300201416016,93.0,0.1860000044107437,27.341999053955078,1.4880000352859497
train,dish_1565118999,data/nutrition5k_dataset/imagery/realsense_overhead/dish_1565118999/rgb.png,200.38671875,288.0,16.936851501464844,10.104510307312012,4.773446083068848
train,dish_1559675268,data/nutrition5k_dataset/imagery/realsense_overhead/dish_1559675268/rgb.png,39.37000274658203,144.0,0.2709999978542328,8.614999771118164,2.315000057220459
train,dish_1558638163,data/nutrition5k_dataset/imagery/realsense_overhead/dish_1558638163/rgb.png,40.59000015258789,99.0,0.1979999989271164,9.90000057220459,0.890999972820282
train,dish_1558636868,data/nutrition5k_dataset/imagery/realsense_overhead/dish_1558636868/rgb.png,46.24800109863281,8.0,3.9600000381469727,1.815999984741211,1.7920000553131104
train,dish_1557853229,data/nutrition5k_dataset/imagery/realsense_overhead/dish_1557853229/rgb.png,195.92999267578125,126.0,13.229999542236328,1.5119999647140503,15.75
train,dish_1562180025,data/nutrition5k_dataset/imagery/realsense_overhead/dish_1562180025/rgb.png,798.9136962890625,256.0,55.47559356689453,12.930509567260742,59.06646728515625
train,dish_1558628921,data/nutrition5k_dataset/imagery/realsense_overhead/dish_1558628921/rgb.png,24.600000381469727,60.0,0.11999999731779099,6.0,0.5400000214576721
train,dish_1558639306,data/nutrition5k_dataset/imagery/realsense_overhead/dish_1558639306/rgb.png,40.59000015258789,99.0,0.1979999989271164,9.90000057220459,0.890999972820282
train,dish_1559675146,data/nutrition5k_dataset/imagery/realsense_overhead/dish_1559675146/rgb.png,19.06999969482422,45.0,0.12099999934434891,4.190000057220459,1.1799999475479126
train,dish_1561579824,data/nutrition5k_dataset/imagery/realsense_overhead/dish_1561579824/rgb.png,185.21270751953125,88.0,10.632797241210938,2.611721992492676,17.977420806884766
train,dish_1562615388,data/nutrition5k_dataset/imagery/realsense_overhead/dish_1562615388/rgb.png,360.1820373535156,273.0,20.730438232421875,25.773929595947266,19.858610153198242
train,dish_1562956510,data/nutrition5k_dataset/imagery/realsense_overhead/dish_1562956510/rgb.png,221.1670684814453,199.0,12.196038246154785,8.990718841552734,21.758214950561523
train,dish_1563909982,data/nutrition5k_dataset/imagery/realsense_overhead/dish_1563909982/rgb.png,370.7939758300781,318.0,22.31462287902832,16.470775604248047,27.83602523803711
train,dish_1558725112,data/nutrition5k_dataset/imagery/realsense_overhead/dish_1558725112/rgb.png,554.0590209960938,330.0,39.555999755859375,40.52300262451172,21.85099983215332
train,dish_1562861174,data/nutrition5k_dataset/imagery/realsense_overhead/dish_1562861174/rgb.png,401.7978515625,274.0,26.503938674926758,3.740394115447998,33.4227294921875
train,dish_1559674866,data/nutrition5k_dataset/imagery/realsense_overhead/dish_1559674866/rgb.png,125.66000366210938,303.0,2.3289999961853027,24.90999984741211,4.267000198364258
train,dish_1558640941,data/nutrition5k_dataset/imagery/realsense_overhead/dish_1558640941/rgb.png,21.729999542236328,53.0,0.10599999874830246,5.300000190734863,0.47699999809265137
train,dish_1559593794,data/nutrition5k_dataset/imagery/realsense_overhead/dish_1559593794/rgb.png,450.5614318847656,380.0,25.549509048461914,14.105441093444824,40.378578186035156
train,dish_1562010293,data/nutrition5k_dataset/imagery/realsense_overhead/dish_1562010293/rgb.png,633.8330688476562,404.0,37.3031005859375,13.270198822021484,59.485042572021484
train,dish_1562611620,data/nutrition5k_dataset/imagery/realsense_overhead/dish_1562611620/rgb.png,199.84532165527344,76.0,9.791893005371094,17.088623046875,11.093416213989258
train,dish_1562875211,data/nutrition5k_dataset/imagery/realsense_overhead/dish_1562875211/rgb.png,282.2400207519531,147.0,10.535000801086426,34.446998596191406,12.347999572753906
train,dish_1563389199,data/nutrition5k_dataset/imagery/realsense_overhead/dish_1563389199/rgb.png,390.25445556640625,284.0,8.273479461669922,70.2107162475586,16.49762725830078
train,dish_1560453356,data/nutrition5k_dataset/imagery/realsense_overhead/dish_1560453356/rgb.png,389.068359375,408.0,15.162277221679688,20.451496124267578,40.62675476074219
train,dish_1563306039,data/nutrition5k_dataset/imagery/realsense_overhead/dish_1563306039/rgb.png,493.63720703125,326.0,26.277563095092773,18.843759536743164,44.06319046020508
train,dish_1563813833,data/nutrition5k_dataset/imagery/realsense_overhead/dish_1563813833/rgb.png,256.8659973144531,207.0,14.235000610351562,3.2339999675750732,25.44300079345703
train,dish_1565107066,data/nutrition5k_dataset/imagery/realsense_overhead/dish_1565107066/rgb.png,127.27999877929688,86.0,9.460000038146973,1.3760000467300415,8.600000381469727
train,dish_1566934120,data/nutrition5k_dataset/imagery/realsense_overhead/dish_1566934120/rgb.png,183.99371337890625,316.0,10.426614761352539,9.686487197875977,14.597677230834961
train,dish_1558630867,data/nutrition5k_dataset/imagery/realsense_overhead/dish_1558630867/rgb.png,73.83999633789062,142.0,0.2840000092983246,19.8799991607666,0.4259999990463257
train,dish_1559667994,data/nutrition5k_dataset/imagery/realsense_overhead/dish_1559667994/rgb.png,445.29998779296875,213.0,25.459999084472656,35.803001403808594,18.396400451660156
train,dish_1562173175,data/nutrition5k_dataset/imagery/realsense_overhead/dish_1562173175/rgb.png,165.36660766601562,163.0,7.169495105743408,13.68419075012207,12.64637279510498
train,dish_1562097624,data/nutrition5k_dataset/imagery/realsense_overhead/dish_1562097624/rgb.png,77.58602142333984,68.0,2.3106799125671387,12.609708786010742,2.772814989089966
train,dish_1558724992,data/nutrition5k_dataset/imagery/realsense_overhead/dish_1558724992/rgb.png,456.6990051269531,79.0,39.10499954223633,17.933000564575195,17.696001052856445
train,dish_1559245801,data/nutrition5k_dataset/imagery/realsense_overhead/dish_1559245801/rgb.png,60.98999786376953,107.0,0.32100000977516174,14.979999542236328,0.7490000128746033
train,dish_1565811335,data/nutrition5k_dataset/imagery/realsense_overhead/dish_1565811335/rgb.png,121.47932434082031,219.0,3.3802130222320557,19.85419464111328,5.656455993652344
train,dish_1564429744,data/nutrition5k_dataset/imagery/realsense_overhead/dish_1564429744/rgb.png,282.47723388671875,374.0,5.089361190795898,49.256980895996094,11.891615867614746
train,dish_1560455263,data/nutrition5k_dataset/imagery/realsense_overhead/dish_1560455263/rgb.png,360.6794738769531,360.0,11.476776123046875,31.16373062133789,34.33760070800781
train,dish_1565972591,data/nutrition5k_dataset/imagery/realsense_overhead/dish_1565972591/rgb.png,195.1999969482422,122.0,12.199999809265137,3.6600000858306885,17.079999923706055
train,dish_1567110631,data/nutrition5k_dataset/imagery/realsense_overhead/dish_1567110631/rgb.png,252.61392211914062,260.0,14.578887939453125,27.507640838623047,6.725035190582275
train,dish_1561492519,data/nutrition5k_dataset/imagery/realsense_overhead/dish_1561492519/rgb.png,271.32000732421875,206.0,2.9539999961853027,52.37799835205078,11.527999877929688
train,dish_1563217968,data/nutrition5k_dataset/imagery/realsense_overhead/dish_1563217968/rgb.png,252.79270935058594,244.0,12.477004051208496,12.713420867919922,23.076189041137695
train,dish_1563996625,data/nutrition5k_dataset/imagery/realsense_overhead/dish_1563996625/rgb.png,342.7011413574219,215.0,23.042091369628906,8.849509239196777,26.37863540649414
train,dish_1558113154,data/nutrition5k_dataset/imagery/realsense_overhead/dish_1558113154/rgb.png,37.2599983215332,54.0,0.1080000028014183,9.720000267028809,0.3779999911785126
train,dish_1566419577,data/nutrition5k_dataset/imagery/realsense_overhead/dish_1566419577/rgb.png,323.7042236328125,210.0,12.09317398071289,39.93925094604492,14.483149528503418
train,dish_1566931548,data/nutrition5k_dataset/imagery/realsense_overhead/dish_1566931548/rgb.png,154.98001098632812,253.0,10.385001182556152,15.525999069213867,4.434000015258789
train,dish_1566844803,data/nutrition5k_dataset/imagery/realsense_overhead/dish_1566844803/rgb.png,249.81997680664062,227.0,11.003999710083008,27.211999893188477,12.808000564575195
train,dish_1562184663,data/nutrition5k_dataset/imagery/realsense_overhead/dish_1562184663/rgb.png,600.5404052734375,271.0,50.9405632019043,5.702527046203613,56.024383544921875
train,dish_1562945186,data/nutrition5k_dataset/imagery/realsense_overhead/dish_1562945186/rgb.png,191.53079223632812,219.0,8.581273078918457,17.336326599121094,13.361717224121094
train,dish_1556572657,data/nutrition5k_dataset/imagery/realsense_overhead/dish_1556572657/rgb.png,41.39999771118164,36.0,3.8519999980926514,2.2679998874664307,0.2879999876022339
train,dish_1568315040,data/nutrition5k_dataset/imagery/realsense_overhead/dish_1568315040/rgb.png,555.92041015625,400.0,32.094085693359375,27.32114601135254,41.118194580078125
train,dish_1562603569,data/nutrition5k_dataset/imagery/realsense_overhead/dish_1562603569/rgb.png,121.67950439453125,62.0,7.050731182098389,8.625268936157227,5.6482930183410645
train,dish_1561665378,data/nutrition5k_dataset/imagery/realsense_overhead/dish_1561665378/rgb.png,74.2699966430664,70.0,1.6799999475479126,15.399999618530273,2.1700000762939453
train,dish_1560539340,data/nutrition5k_dataset/imagery/realsense_overhead/dish_1560539340/rgb.png,196.538330078125,228.0,19.818401336669922,9.337587356567383,22.85141372680664
train,dish_1565984245,data/nutrition5k_dataset/imagery/realsense_overhead/dish_1565984245/rgb.png,38.343509674072266,78.0,0.9228320121765137,7.693933010101318,0.6930130124092102
train,dish_1566329203,data/nutrition5k_dataset/imagery/realsense_overhead/dish_1566329203/rgb.png,94.25,377.0,1.13100004196167,18.850000381469727,6.785999774932861
train,dish_1558641211,data/nutrition5k_dataset/imagery/realsense_overhead/dish_1558641211/rgb.png,3.2799999713897705,8.0,0.01600000075995922,0.800000011920929,0.07199999690055847
train,dish_1560543505,data/nutrition5k_dataset/imagery/realsense_overhead/dish_1560543505/rgb.png,66.18000030517578,172.0,2.2820000648498535,9.771000862121582,3.128999948501587
train,dish_1562690112,data/nutrition5k_dataset/imagery/realsense_overhead/dish_1562690112/rgb.png,428.20233154296875,207.0,31.908748626708984,6.1080169677734375,28.666227340698242
train,dish_1563306392,data/nutrition5k_dataset/imagery/realsense_overhead/dish_1563306392/rgb.png,477.4651184082031,288.0,13.979970932006836,5.710498809814453,77.77547454833984
train,dish_1558639662,data/nutrition5k_dataset/imagery/realsense_overhead/dish_1558639662/rgb.png,16.020000457763672,89.0,0.17800000309944153,3.4709999561309814,0.8009999990463257
train,dish_1558629444,data/nutrition5k_dataset/imagery/realsense_overhead/dish_1558629444/rgb.png,225.45899963378906,39.0,19.30500030517578,8.852999687194824,8.736000061035156
train,dish_1563568338,data/nutrition5k_dataset/imagery/realsense_overhead/dish_1563568338/rgb.png,631.7066650390625,371.0,29.600521087646484,57.59911346435547,38.704673767089844
train,dish_1563305047,data/nutrition5k_dataset/imagery/realsense_overhead/dish_1563305047/rgb.png,1032.3118896484375,806.0,36.69331741333008,28.700218200683594,143.49249267578125
train,dish_1562613010,data/nutrition5k_dataset/imagery/realsense_overhead/dish_1562613010/rgb.png,90.2719955444336,128.0,0.6079999804496765,1.6959999799728394,18.847999572753906
train,dish_1561746970,data/nutrition5k_dataset/imagery/realsense_overhead/dish_1561746970/rgb.png,303.6360778808594,363.0,8.662105560302734,34.99811553955078,24.098281860351562
train,dish_1562085163,data/nutrition5k_dataset/imagery/realsense_overhead/dish_1562085163/rgb.png,279.92999267578125,144.0,21.110000610351562,2.2699999809265137,18.989999771118164
train,dish_1562775373,data/nutrition5k_dataset/imagery/realsense_overhead/dish_1562775373/rgb.png,329.08001708984375,148.0,24.959999084472656,2.312000036239624,22.360000610351562
train,dish_1562876674,data/nutrition5k_dataset/imagery/realsense_overhead/dish_1562876674/rgb.png,289.1925964355469,157.0,10.211315155029297,30.065914154052734,23.77045440673828
train,dish_1558544482,data/nutrition5k_dataset/imagery/realsense_overhead/dish_1558544482/rgb.png,38.189998626708984,67.0,0.20100000500679016,9.380000114440918,0.4690000116825104
train,dish_1564170923,data/nutrition5k_dataset/imagery/realsense_overhead/dish_1564170923/rgb.png,378.8171081542969,319.0,15.813499450683594,28.582855224609375,31.213701248168945
train,dish_1563824304,data/nutrition5k_dataset/imagery/realsense_overhead/dish_1563824304/rgb.png,75.80000305175781,122.0,3.9809999465942383,10.008000373840332,1.621000051498413
train,dish_1563555563,data/nutrition5k_dataset/imagery/realsense_overhead/dish_1563555563/rgb.png,398.2200012207031,304.0,24.638999938964844,21.802000045776367,22.725000381469727
train,dish_1565799597,data/nutrition5k_dataset/imagery/realsense_overhead/dish_1565799597/rgb.png,258.31170654296875,457.0,2.6604390144348145,20.55956268310547,32.92697525024414
train,dish_1563811463,data/nutrition5k_dataset/imagery/realsense_overhead/dish_1563811463/rgb.png,220.5853729248047,376.0,2.699950933456421,22.557050704956055,23.124780654907227
train,dish_1558724853,data/nutrition5k_dataset/imagery/realsense_overhead/dish_1558724853/rgb.png,50.7400016784668,118.0,0.3540000021457672,10.620000839233398,4.01200008392334
train,dish_1562096372,data/nutrition5k_dataset/imagery/realsense_overhead/dish_1562096372/rgb.png,346.71368408203125,287.0,15.20394229888916,6.51538610458374,43.39250183105469
train,dish_1560543583,data/nutrition5k_dataset/imagery/realsense_overhead/dish_1560543583/rgb.png,254.65733337402344,350.0,22.387531280517578,18.00363540649414,24.094865798950195
train,dish_1562777099,data/nutrition5k_dataset/imagery/realsense_overhead/dish_1562777099/rgb.png,303.7186279296875,306.0,16.921306610107422,23.063018798828125,15.643683433532715
train,dish_1558640311,data/nutrition5k_dataset/imagery/realsense_overhead/dish_1558640311/rgb.png,105.87999725341797,276.0,0.5519999861717224,26.11400032043457,2.242000102996826
train,dish_1565811287,data/nutrition5k_dataset/imagery/realsense_overhead/dish_1565811287/rgb.png,16.510000228881836,127.0,0.2540000081062317,2.7939999103546143,1.9049999713897705
train,dish_1561575170,data/nutrition5k_dataset/imagery/realsense_overhead/dish_1561575170/rgb.png,42.75,171.0,0.5130000114440918,8.550000190734863,3.078000068664551
train,dish_1563221562,data/nutrition5k_dataset/imagery/realsense_overhead/dish_1563221562/rgb.png,395.59857177734375,260.0,14.235931396484375,33.99446487426758,32.74183654785156
train,dish_1565022062,data/nutrition5k_dataset/imagery/realsense_overhead/dish_1565022062/rgb.png,234.60658264160156,366.0,2.8461220264434814,30.90387725830078,19.27104949951172
train,dish_1562170163,data/nutrition5k_dataset/imagery/realsense_overhead/dish_1562170163/rgb.png,53.5,107.0,0.10700000077486038,13.90999984741211,0.5350000262260437
train,dish_1558723671,data/nutrition5k_dataset/imagery/realsense_overhead/dish_1558723671/rgb.png,38.130001068115234,93.0,0.1860000044107437,9.300000190734863,0.8370000123977661
train,dish_1565207865,data/nutrition5k_dataset/imagery/realsense_overhead/dish_1565207865/rgb.png,112.96078491210938,129.0,5.843282222747803,13.839737892150879,4.2521891593933105
train,dish_1561665452,data/nutrition5k_dataset/imagery/realsense_overhead/dish_1561665452/rgb.png,624.8539428710938,431.0,20.266372680664062,27.93938636779785,81.3541259765625
train,dish_1561405934,data/nutrition5k_dataset/imagery/realsense_overhead/dish_1561405934/rgb.png,287.33184814453125,243.0,11.362256050109863,21.346515655517578,25.268142700195312
train,dish_1558722748,data/nutrition5k_dataset/imagery/realsense_overhead/dish_1558722748/rgb.png,51.98899841308594,49.0,1.1759999990463257,10.779999732971191,1.5190000534057617
train,dish_1562874049,data/nutrition5k_dataset/imagery/realsense_overhead/dish_1562874049/rgb.png,412.1449890136719,155.0,14.569999694824219,51.92500305175781,17.360000610351562
train,dish_1561753477,data/nutrition5k_dataset/imagery/realsense_overhead/dish_1561753477/rgb.png,432.26702880859375,280.0,24.355024337768555,18.788650512695312,34.092750549316406
train,dish_1563567599,data/nutrition5k_dataset/imagery/realsense_overhead/dish_1563567599/rgb.png,194.22682189941406,156.0,18.52605438232422,6.482199192047119,3.5437300205230713
train,dish_1563295360,data/nutrition5k_dataset/imagery/realsense_overhead/dish_1563295360/rgb.png,275.8912353515625,181.0,19.78487777709961,7.296877861022949,17.530244827270508
train,dish_1564170283,data/nutrition5k_dataset/imagery/realsense_overhead/dish_1564170283/rgb.png,646.588134765625,301.0,32.647552490234375,31.98232078552246,55.61563491821289
train,dish_1565728591,data/nutrition5k_dataset/imagery/realsense_overhead/dish_1565728591/rgb.png,388.4066162109375,322.0,15.848897933959961,29.47199058532715,30.975547790527344
train,dish_1563464627,data/nutrition5k_dataset/imagery/realsense_overhead/dish_1563464627/rgb.png,310.5,115.0,9.199999809265137,46.345001220703125,10.718000411987305
train,dish_1558637932,data/nutrition5k_dataset/imagery/realsense_overhead/dish_1558637932/rgb.png,248.2869873046875,393.0,2.309000015258789,60.88999938964844,4.2820000648498535
train,dish_1561737248,data/nutrition5k_dataset/imagery/realsense_overhead/dish_1561737248/rgb.png,699.3820190429688,394.0,45.718997955322266,30.16899871826172,40.36900329589844
train,dish_1561060477,data/nutrition5k_dataset/imagery/realsense_overhead/dish_1561060477/rgb.png,141.0189971923828,105.0,3.9179999828338623,22.05500030517578,4.9120001792907715
train,dish_1564432165,data/nutrition5k_dataset/imagery/realsense_overhead/dish_1564432165/rgb.png,246.02838134765625,160.0,11.339486122131348,29.141864776611328,8.381218910217285
train,dish_1558115915,data/nutrition5k_dataset/imagery/realsense_overhead/dish_1558115915/rgb.png,203.3140106201172,59.0,16.10700035095215,2.4779999256134033,11.38700008392334
train,dish_1559061752,data/nutrition5k_dataset/imagery/realsense_overhead/dish_1559061752/rgb.png,192.8199920654297,124.0,13.020000457763672,1.4880000352859497,15.5
train,dish_1562959485,data/nutrition5k_dataset/imagery/realsense_overhead/dish_1562959485/rgb.png,45.24273681640625,36.0,3.856924057006836,2.3114120960235596,0.9381710290908813
train,dish_1558029842,data/nutrition5k_dataset/imagery/realsense_overhead/dish_1558029842/rgb.png,22.780000686645508,67.0,0.1340000033378601,5.360000133514404,0.5360000133514404
train,dish_1565207896,data/nutrition5k_dataset/imagery/realsense_overhead/dish_1565207896/rgb.png,298.38079833984375,383.0,18.035280227661133,18.66573715209961,24.572189331054688
train,dish_1563555160,data/nutrition5k_dataset/imagery/realsense_overhead/dish_1563555160/rgb.png,268.8326416015625,287.0,14.444396018981934,21.797338485717773,13.773809432983398
train,dish_1562614121,data/nutrition5k_dataset/imagery/realsense_overhead/dish_1562614121/rgb.png,123.49250793457031,155.0,9.44669246673584,8.716034889221191,3.3952479362487793
train,dish_1559843030,data/nutrition5k_dataset/imagery/realsense_overhead/dish_1559843030/rgb.png,25.410001754760742,77.0,0.23100000619888306,6.159999847412109,0.5389999747276306
train,dish_1561062237,data/nutrition5k_dataset/imagery/realsense_overhead/dish_1561062237/rgb.png,182.2593994140625,110.0,8.210911750793457,8.149249076843262,17.376197814941406
train,dish_1562008394,data/nutrition5k_dataset/imagery/realsense_overhead/dish_1562008394/rgb.png,2.4000000953674316,24.0,0.0,0.47999998927116394,0.23999999463558197
train,dish_1566402095,data/nutrition5k_dataset/imagery/realsense_overhead/dish_1566402095/rgb.png,421.11614990234375,577.0,8.430679321289062,32.411624908447266,46.206607818603516
train,dish_1560543625,data/nutrition5k_dataset/imagery/realsense_overhead/dish_1560543625/rgb.png,560.3009033203125,554.0,30.885406494140625,32.19252395629883,64.66627502441406
train,dish_1562702412,data/nutrition5k_dataset/imagery/realsense_overhead/dish_1562702412/rgb.png,183.3893585205078,285.0,8.965265274047852,21.69866943359375,6.42254114151001
train,dish_1563563348,data/nutrition5k_dataset/imagery/realsense_overhead/dish_1563563348/rgb.png,362.6419982910156,294.0,22.785001754760742,12.092000961303711,29.322998046875
train,dish_1561664042,data/nutrition5k_dataset/imagery/realsense_overhead/dish_1561664042/rgb.png,285.0429992675781,209.0,9.741618156433105,9.512840270996094,37.83091735839844
train,dish_1558724932,data/nutrition5k_dataset/imagery/realsense_overhead/dish_1558724932/rgb.png,416.23199462890625,72.0,35.63999938964844,16.3439998626709,16.128000259399414
train,dish_1558724031,data/nutrition5k_dataset/imagery/realsense_overhead/dish_1558724031/rgb.png,358.71099853515625,303.0,25.801000595092773,25.78999900817871,14.067000389099121
train,dish_1566931586,data/nutrition5k_dataset/imagery/realsense_overhead/dish_1566931586/rgb.png,379.3800048828125,389.0,15.281001091003418,15.525999069213867,46.593997955322266
train,dish_1558381819,data/nutrition5k_dataset/imagery/realsense_overhead/dish_1558381819/rgb.png,22.100000381469727,65.0,0.45500001311302185,4.420000076293945,0.45500001311302185
train,dish_1563216381,data/nutrition5k_dataset/imagery/realsense_overhead/dish_1563216381/rgb.png,34.64999771118164,99.0,0.3959999978542328,6.929999828338623,2.375999927520752
train,dish_1558458903,data/nutrition5k_dataset/imagery/realsense_overhead/dish_1558458903/rgb.png,115.62000274658203,20.0,9.899999618530273,4.539999961853027,4.480000019073486
train,dish_1558637698,data/nutrition5k_dataset/imagery/realsense_overhead/dish_1558637698/rgb.png,12.25,49.0,0.1469999998807907,2.450000047683716,0.8820000290870667
train,dish_1562785132,data/nutrition5k_dataset/imagery/realsense_overhead/dish_1562785132/rgb.png,211.5426788330078,192.0,24.600799560546875,10.39279842376709,28.955554962158203
train,dish_1558458541,data/nutrition5k_dataset/imagery/realsense_overhead/dish_1558458541/rgb.png,294.83099365234375,51.0,25.2450008392334,11.57699966430664,11.42400074005127
train,dish_1562614088,data/nutrition5k_dataset/imagery/realsense_overhead/dish_1562614088/rgb.png,23.44999885559082,67.0,0.2680000066757202,4.690000057220459,1.6080000400543213
train,dish_1562963084,data/nutrition5k_dataset/imagery/realsense_overhead/dish_1562963084/rgb.png,375.1272888183594,424.0,33.5568962097168,26.348859786987305,34.57263946533203
train,dish_1560367193,data/nutrition5k_dataset/imagery/realsense_overhead/dish_1560367193/rgb.png,131.04196166992188,317.0,6.488615989685059,15.907617568969727,12.104684829711914
train,dish_1562007842,data/nutrition5k_dataset/imagery/realsense_overhead/dish_1562007842/rgb.png,492.2813720703125,434.0,15.187501907348633,61.395572662353516,27.796634674072266
train,dish_1558459115,data/nutrition5k_dataset/imagery/realsense_overhead/dish_1558459115/rgb.png,271.5400085449219,298.0,10.487998962402344,43.45900344848633,6.616000175476074
train,dish_1562775549,data/nutrition5k_dataset/imagery/realsense_overhead/dish_1562775549/rgb.png,174.9771270751953,252.0,3.399756908416748,18.531387329101562,16.886642456054688
train,dish_1557853429,data/nutrition5k_dataset/imagery/realsense_overhead/dish_1557853429/rgb.png,330.1529846191406,276.0,13.58699893951416,33.413997650146484,17.637001037597656
train,dish_1560887480,data/nutrition5k_dataset/imagery/realsense_overhead/dish_1560887480/rgb.png,668.0841064453125,374.0,30.15640640258789,53.68660354614258,43.5850830078125
train,dish_1559590157,data/nutrition5k_dataset/imagery/realsense_overhead/dish_1559590157/rgb.png,230.48599243164062,234.0,5.828999996185303,5.046999931335449,38.512001037597656
train,dish_1562775510,data/nutrition5k_dataset/imagery/realsense_overhead/dish_1562775510/rgb.png,114.21711730957031,190.0,0.7337560057640076,16.423389434814453,10.066642761230469
train,dish_1558629878,data/nutrition5k_dataset/imagery/realsense_overhead/dish_1558629878/rgb.png,73.83999633789062,142.0,0.2840000092983246,19.8799991607666,0.4259999990463257
train,dish_1565895808,data/nutrition5k_dataset/imagery/realsense_overhead/dish_1565895808/rgb.png,51.80175018310547,99.0,2.5715250968933105,6.756750106811523,1.7374500036239624
train,dish_1565382856,data/nutrition5k_dataset/imagery/realsense_overhead/dish_1565382856/rgb.png,446.32623291015625,294.0,19.17145538330078,52.54191589355469,18.301076889038086
train,dish_1565884738,data/nutrition5k_dataset/imagery/realsense_overhead/dish_1565884738/rgb.png,228.6599884033203,463.0,0.9259999990463257,7.035999774932861,41.130001068115234
train,dish_1564691450,data/nutrition5k_dataset/imagery/realsense_overhead/dish_1564691450/rgb.png,542.3267211914062,366.0,35.47522735595703,28.016935348510742,32.65788269042969
train,dish_1561575274,data/nutrition5k_dataset/imagery/realsense_overhead/dish_1561575274/rgb.png,305.1800231933594,145.0,17.51995086669922,4.303403854370117,29.621891021728516
train,dish_1566934057,data/nutrition5k_dataset/imagery/realsense_overhead/dish_1566934057/rgb.png,66.09072875976562,193.0,5.083901882171631,4.142438888549805,2.824389934539795
train,dish_1558028606,data/nutrition5k_dataset/imagery/realsense_overhead/dish_1558028606/rgb.png,19.5,65.0,0.06499999761581421,4.940000057220459,0.38999998569488525
train,dish_1562011727,data/nutrition5k_dataset/imagery/realsense_overhead/dish_1562011727/rgb.png,372.35211181640625,182.0,22.29058265686035,5.197381973266602,35.65984344482422
train,dish_1557863012,data/nutrition5k_dataset/imagery/realsense_overhead/dish_1557863012/rgb.png,3.0999999046325684,31.0,0.0,0.6200000047683716,0.3100000023841858
train,dish_1558459994,data/nutrition5k_dataset/imagery/realsense_overhead/dish_1558459994/rgb.png,25.530000686645508,37.0,0.07400000095367432,6.659999847412109,0.2590000033378601
train,dish_1558638216,data/nutrition5k_dataset/imagery/realsense_overhead/dish_1558638216/rgb.png,55.89999771118164,43.0,0.1289999932050705,12.039999961853027,1.1610000133514404
train,dish_1562603626,data/nutrition5k_dataset/imagery/realsense_overhead/dish_1562603626/rgb.png,201.75950622558594,209.0,7.385731220245361,28.675268173217773,6.571292877197266
train,dish_1559838402,data/nutrition5k_dataset/imagery/realsense_overhead/dish_1559838402/rgb.png,222.75950622558594,233.0,3.796999931335449,43.154998779296875,5.249000072479248
train,dish_1564588719,data/nutrition5k_dataset/imagery/realsense_overhead/dish_1564588719/rgb.png,222.27801513671875,81.0,16.298999786376953,6.366000175476074,11.680999755859375
train,dish_1568313575,data/nutrition5k_dataset/imagery/realsense_overhead/dish_1568313575/rgb.png,57.94000244140625,112.0,3.61899995803833,5.929999828338623,2.7890000343322754
train,dish_1562872498,data/nutrition5k_dataset/imagery/realsense_overhead/dish_1562872498/rgb.png,306.2649841308594,320.0,9.317838668823242,23.918306350708008,35.153263092041016
train,dish_1558548666,data/nutrition5k_dataset/imagery/realsense_overhead/dish_1558548666/rgb.png,97.5,75.0,0.22499999403953552,21.0,2.0250000953674316
train,dish_1559925037,data/nutrition5k_dataset/imagery/realsense_overhead/dish_1559925037/rgb.png,54.099998474121094,10.0,4.199999809265137,0.14000000059604645,3.700000047683716
train,dish_1565194781,data/nutrition5k_dataset/imagery/realsense_overhead/dish_1565194781/rgb.png,351.405517578125,568.0,4.661719799041748,31.547618865966797,39.60312271118164
train,dish_1564073716,data/nutrition5k_dataset/imagery/realsense_overhead/dish_1564073716/rgb.png,214.52780151367188,295.0,6.07429313659668,11.192708969116211,24.80731773376465
train,dish_1562686520,data/nutrition5k_dataset/imagery/realsense_overhead/dish_1562686520/rgb.png,346.47998046875,226.0,23.860000610351562,5.015999794006348,26.600000381469727
train,dish_1568314823,data/nutrition5k_dataset/imagery/realsense_overhead/dish_1568314823/rgb.png,144.0,90.0,13.500000953674316,8.100000381469727,1.7999999523162842
train,dish_1562704616,data/nutrition5k_dataset/imagery/realsense_overhead/dish_1562704616/rgb.png,317.78131103515625,213.0,14.621559143066406,23.763105392456055,20.953781127929688
train,dish_1562958809,data/nutrition5k_dataset/imagery/realsense_overhead/dish_1562958809/rgb.png,511.67364501953125,389.0,24.14714813232422,44.695526123046875,28.865577697753906
train,dish_1558027164,data/nutrition5k_dataset/imagery/realsense_overhead/dish_1558027164/rgb.png,162.29998779296875,30.0,12.59999942779541,0.41999998688697815,11.100000381469727
train,dish_1568314857,data/nutrition5k_dataset/imagery/realsense_overhead/dish_1568314857/rgb.png,295.5376892089844,162.0,22.19956398010254,10.236863136291504,16.508798599243164
train,dish_1561752535,data/nutrition5k_dataset/imagery/realsense_overhead/dish_1561752535/rgb.png,358.0019836425781,307.0,18.121076583862305,21.717422485351562,28.101457595825195
train,dish_1563295334,data/nutrition5k_dataset/imagery/realsense_overhead/dish_1563295334/rgb.png,228.54000854492188,96.0,17.380001068115234,1.4919999837875366,15.540000915527344
train,dish_1564590352,data/nutrition5k_dataset/imagery/realsense_overhead/dish_1564590352/rgb.png,497.91583251953125,962.0,4.6702189445495605,64.60877990722656,46.54949188232422
train,dish_1563564707,data/nutrition5k_dataset/imagery/realsense_overhead/dish_1563564707/rgb.png,143.99169921875,150.0,4.0910749435424805,24.557519912719727,6.571746826171875
train,dish_1563220143,data/nutrition5k_dataset/imagery/realsense_overhead/dish_1563220143/rgb.png,425.5146179199219,327.0,13.391989707946777,25.789400100708008,49.0824089050293
train,dish_1565119642,data/nutrition5k_dataset/imagery/realsense_overhead/dish_1565119642/rgb.png,26.520000457763672,78.0,0.35100001096725464,4.953000068664551,1.9889999628067017
train,dish_1559319902,data/nutrition5k_dataset/imagery/realsense_overhead/dish_1559319902/rgb.png,8.5,17.0,0.017000000923871994,2.2100000381469727,0.08500000089406967
train,dish_1563900120,data/nutrition5k_dataset/imagery/realsense_overhead/dish_1563900120/rgb.png,46.896583557128906,49.0,1.1951220035552979,8.604878425598145,0.47804901003837585
train,dish_1558113204,data/nutrition5k_dataset/imagery/realsense_overhead/dish_1558113204/rgb.png,179.21099853515625,31.0,15.345000267028809,7.0370001792907715,6.943999767303467
train,dish_1559845513,data/nutrition5k_dataset/imagery/realsense_overhead/dish_1559845513/rgb.png,222.15200805664062,379.0,0.5630000233650208,55.1819953918457,3.2209999561309814
train,dish_1558641954,data/nutrition5k_dataset/imagery/realsense_overhead/dish_1558641954/rgb.png,18.360000610351562,102.0,0.20399999618530273,3.9779999256134033,0.9179999828338623
train,dish_1558115641,data/nutrition5k_dataset/imagery/realsense_overhead/dish_1558115641/rgb.png,584.5260009765625,331.0,34.696998596191406,41.082000732421875,27.196001052856445
train,dish_1560368738,data/nutrition5k_dataset/imagery/realsense_overhead/dish_1560368738/rgb.png,174.2489013671875,225.0,13.00578784942627,13.162039756774902,4.392477989196777
train,dish_1558720289,data/nutrition5k_dataset/imagery/realsense_overhead/dish_1558720289/rgb.png,20.0,80.0,0.23999999463558197,4.0,1.440000057220459
train,dish_1562700931,data/nutrition5k_dataset/imagery/realsense_overhead/dish_1562700931/rgb.png,164.23495483398438,312.0,10.135185241699219,16.253616333007812,4.613582134246826
train,dish_1561480439,data/nutrition5k_dataset/imagery/realsense_overhead/dish_1561480439/rgb.png,155.1619873046875,189.0,4.894999980926514,24.115999221801758,5.747000217437744
train,dish_1560889008,data/nutrition5k_dataset/imagery/realsense_overhead/dish_1560889008/rgb.png,41.29301071166992,84.0,0.993818998336792,8.285774230957031,0.746321976184845
train,dish_1568315177,data/nutrition5k_dataset/imagery/realsense_overhead/dish_1568315177/rgb.png,637.8067016601562,497.0,36.81613540649414,34.70875930786133,45.134315490722656
train,dish_1567625392,data/nutrition5k_dataset/imagery/realsense_overhead/dish_1567625392/rgb.png,208.2334747314453,171.0,14.530067443847656,18.9007625579834,4.826312065124512
train,dish_1560802048,data/nutrition5k_dataset/imagery/realsense_overhead/dish_1560802048/rgb.png,47.21389389038086,83.0,1.904628038406372,4.99657678604126,3.0740599632263184
train,dish_1558115960,data/nutrition5k_dataset/imagery/realsense_overhead/dish_1558115960/rgb.png,39.27000045776367,51.0,0.050999999046325684,8.670000076293945,1.0199999809265137
train,dish_1562173742,data/nutrition5k_dataset/imagery/realsense_overhead/dish_1562173742/rgb.png,81.14999389648438,15.0,6.300000190734863,0.20999999344348907,5.550000190734863
train,dish_1560367296,data/nutrition5k_dataset/imagery/realsense_overhead/dish_1560367296/rgb.png,184.38331604003906,362.0,11.224783897399902,18.360015869140625,13.026851654052734
train,dish_1563464389,data/nutrition5k_dataset/imagery/realsense_overhead/dish_1563464389/rgb.png,91.97000122070312,17.0,7.139999866485596,0.23800000548362732,6.289999961853027
train,dish_1568061234,data/nutrition5k_dataset/imagery/realsense_overhead/dish_1568061234/rgb.png,290.6921691894531,358.0,8.812230110168457,44.044918060302734,10.4656343460083
train,dish_1565721800,data/nutrition5k_dataset/imagery/realsense_overhead/dish_1565721800/rgb.png,33.345001220703125,171.0,0.7695000171661377,6.669000148773193,1.4535000324249268
train,dish_1565972674,data/nutrition5k_dataset/imagery/realsense_overhead/dish_1565972674/rgb.png,613.5928344726562,426.0,44.66332244873047,9.929045677185059,41.692604064941406
train,dish_1561392410,data/nutrition5k_dataset/imagery/realsense_overhead/dish_1561392410/rgb.png,187.29600524902344,84.0,14.055000305175781,4.452000141143799,10.635000228881836
train,dish_1568314951,data/nutrition5k_dataset/imagery/realsense_overhead/dish_1568314951/rgb.png,496.12945556640625,325.0,30.264463424682617,18.694339752197266,38.371337890625
train,dish_1562169818,data/nutrition5k_dataset/imagery/realsense_overhead/dish_1562169818/rgb.png,346.8196716308594,275.0,22.768760681152344,16.997472763061523,19.75404930114746
train,dish_1558721669,data/nutrition5k_dataset/imagery/realsense_overhead/dish_1558721669/rgb.png,24.25,97.0,0.29100000858306885,4.849999904632568,1.746000051498413
train,dish_1562960520,data/nutrition5k_dataset/imagery/realsense_overhead/dish_1562960520/rgb.png,422.3992614746094,303.0,19.659971237182617,31.71560287475586,29.545202255249023
train,dish_1558031628,data/nutrition5k_dataset/imagery/realsense_overhead/dish_1558031628/rgb.png,31.280000686645508,92.0,0.18400000035762787,7.360000133514404,0.7360000014305115
train,dish_1563303350,data/nutrition5k_dataset/imagery/realsense_overhead/dish_1563303350/rgb.png,202.221435546875,167.0,5.756976127624512,8.355267524719238,28.3841609954834
train,dish_1559589873,data/nutrition5k_dataset/imagery/realsense_overhead/dish_1559589873/rgb.png,11.880000114440918,54.0,0.16200000047683716,1.781999945640564,1.6740000247955322
train,dish_1562686664,data/nutrition5k_dataset/imagery/realsense_overhead/dish_1562686664/rgb.png,119.12999725341797,209.0,0.6269999742507935,29.260000228881836,1.4630000591278076
train,dish_1561392430,data/nutrition5k_dataset/imagery/realsense_overhead/dish_1561392430/rgb.png,208.74600219726562,149.0,14.25,9.651999473571777,11.09000015258789
train,dish_1563309189,data/nutrition5k_dataset/imagery/realsense_overhead/dish_1563309189/rgb.png,37.95000076293945,33.0,3.5309998989105225,2.0789999961853027,0.2639999985694885
train,dish_1560529804,data/nutrition5k_dataset/imagery/realsense_overhead/dish_1560529804/rgb.png,15.300000190734863,51.0,0.10199999809265137,3.875999927520752,0.3059999942779541
train,dish_1566331801,data/nutrition5k_dataset/imagery/realsense_overhead/dish_1566331801/rgb.png,296.9909973144531,203.0,10.436332702636719,11.249237060546875,37.74606704711914
train,dish_1566587714,data/nutrition5k_dataset/imagery/realsense_overhead/dish_1566587714/rgb.png,347.5369873046875,373.0,12.770625114440918,21.091197967529297,37.7320442199707
train,dish_1558632475,data/nutrition5k_dataset/imagery/realsense_overhead/dish_1558632475/rgb.png,118.83200073242188,112.0,2.687999963760376,24.639999389648438,3.4719998836517334
train,dish_1568400935,data/nutrition5k_dataset/imagery/realsense_overhead/dish_1568400935/rgb.png,11.760000228881836,42.0,0.1679999977350235,2.2260000705718994,0.9240000247955322
train,dish_1560368815,data/nutrition5k_dataset/imagery/realsense_overhead/dish_1560368815/rgb.png,400.3376770019531,442.0,33.12726974487305,21.28131675720215,11.468401908874512
train,dish_1559843335,data/nutrition5k_dataset/imagery/realsense_overhead/dish_1559843335/rgb.png,25.410001754760742,77.0,0.23100000619888306,6.159999847412109,0.5389999747276306
train,dish_1558639167,data/nutrition5k_dataset/imagery/realsense_overhead/dish_1558639167/rgb.png,80.07999420166016,154.0,0.30799999833106995,21.559999465942383,0.4620000123977661
train,dish_1565370004,data/nutrition5k_dataset/imagery/realsense_overhead/dish_1565370004/rgb.png,570.884765625,370.0,41.655426025390625,11.239749908447266,36.87765121459961
train,dish_1559844090,data/nutrition5k_dataset/imagery/realsense_overhead/dish_1559844090/rgb.png,168.4300079345703,331.0,0.5929999947547913,43.57999801635742,1.7710000276565552
train,dish_1561575033,data/nutrition5k_dataset/imagery/realsense_overhead/dish_1561575033/rgb.png,354.4453125,339.0,11.97868824005127,13.237387657165527,47.962562561035156
train,dish_1563813395,data/nutrition5k_dataset/imagery/realsense_overhead/dish_1563813395/rgb.png,371.8629150390625,193.0,24.723194122314453,16.471660614013672,21.55727767944336
train,dish_1558640418,data/nutrition5k_dataset/imagery/realsense_overhead/dish_1558640418/rgb.png,14.34999942779541,35.0,0.07000000029802322,3.5,0.3149999976158142
train,dish_1563564828,data/nutrition5k_dataset/imagery/realsense_overhead/dish_1563564828/rgb.png,452.2144775390625,355.0,25.00456428527832,38.76624298095703,34.57063293457031
train,dish_1558116298,data/nutrition5k_dataset/imagery/realsense_overhead/dish_1558116298/rgb.png,854.6909790039062,368.0,62.37200164794922,48.10700225830078,35.868003845214844
train,dish_1566414723,data/nutrition5k_dataset/imagery/realsense_overhead/dish_1566414723/rgb.png,728.8106079101562,482.0,31.69921875,24.86776351928711,97.96277618408203
train,dish_1563567626,data/nutrition5k_dataset/imagery/realsense_overhead/dish_1563567626/rgb.png,291.8387756347656,248.0,20.734052658081055,26.722198486328125,6.395730018615723
train,dish_1562775047,data/nutrition5k_dataset/imagery/realsense_overhead/dish_1562775047/rgb.png,284.8800048828125,461.0,3.5940001010894775,60.52000045776367,6.644000053405762
train,dish_1559678330,data/nutrition5k_dataset/imagery/realsense_overhead/dish_1559678330/rgb.png,169.69412231445312,150.0,16.186765670776367,5.269608020782471,3.199018955230713
train,dish_1564503184,data/nutrition5k_dataset/imagery/realsense_overhead/dish_1564503184/rgb.png,97.37999725341797,18.0,7.559999942779541,0.25200000405311584,6.659999847412109
train,dish_1565810146,data/nutrition5k_dataset/imagery/realsense_overhead/dish_1565810146/rgb.png,36.44553756713867,29.0,3.106966018676758,1.8619710206985474,0.755748987197876
train,dish_1558724633,data/nutrition5k_dataset/imagery/realsense_overhead/dish_1558724633/rgb.png,32.89999771118164,94.0,0.37599998712539673,6.579999923706055,2.25600004196167
train,dish_1565798617,data/nutrition5k_dataset/imagery/realsense_overhead/dish_1565798617/rgb.png,197.70571899414062,311.0,7.669836044311523,18.51827049255371,14.063783645629883
train,dish_1565895966,data/nutrition5k_dataset/imagery/realsense_overhead/dish_1565895966/rgb.png,214.5443572998047,287.0,9.93185043334961,16.80075454711914,16.54362678527832
train,dish_1564169644,data/nutrition5k_dataset/imagery/realsense_overhead/dish_1564169644/rgb.png,433.4169921875,163.0,15.321999549865723,54.60499954223633,18.256000518798828
train,dish_1566934487,data/nutrition5k_dataset/imagery/realsense_overhead/dish_1566934487/rgb.png,553.0409545898438,468.0,45.80775451660156,40.849327087402344,50.73833465576172
train,dish_1561492228,data/nutrition5k_dataset/imagery/realsense_overhead/dish_1561492228/rgb.png,648.1802978515625,488.0,34.085533142089844,54.37065887451172,58.20313262939453
train,dish_1559843222,data/nutrition5k_dataset/imagery/realsense_overhead/dish_1559843222/rgb.png,111.2699966430664,229.0,0.6499999761581421,27.46000099182129,2.183000087738037
train,dish_1562963153,data/nutrition5k_dataset/imagery/realsense_overhead/dish_1562963153/rgb.png,386.4772644042969,521.0,33.62289810180664,28.585857391357422,35.67464065551758
train,dish_1562700906,data/nutrition5k_dataset/imagery/realsense_overhead/dish_1562700906/rgb.png,59.6391487121582,222.0,1.6974860429763794,9.371578216552734,3.038182020187378
train,dish_1561567086,data/nutrition5k_dataset/imagery/realsense_overhead/dish_1561567086/rgb.png,142.75401306152344,181.0,0.3619999885559082,34.24800109863281,2.0260000228881836
train,dish_1562094730,data/nutrition5k_dataset/imagery/realsense_overhead/dish_1562094730/rgb.png,428.1944580078125,336.0,24.716472625732422,11.798436164855957,39.12552261352539
train,dish_1563216717,data/nutrition5k_dataset/imagery/realsense_overhead/dish_1563216717/rgb.png,246.00799560546875,332.0,5.63651704788208,16.28478240966797,33.06871032714844
train,dish_1566415558,data/nutrition5k_dataset/imagery/realsense_overhead/dish_1566415558/rgb.png,169.10073852539062,234.0,14.586706161499023,12.861993789672852,14.924492835998535
train,dish_1562702132,data/nutrition5k_dataset/imagery/realsense_overhead/dish_1562702132/rgb.png,245.38589477539062,359.0,21.956066131591797,15.7556734085083,23.436349868774414
train,dish_1566587689,data/nutrition5k_dataset/imagery/realsense_overhead/dish_1566587689/rgb.png,196.8469696044922,270.0,7.475343227386475,15.383455276489258,18.580095291137695
train,dish_1567542876,data/nutrition5k_dataset/imagery/realsense_overhead/dish_1567542876/rgb.png,495.8077392578125,260.0,21.00298500061035,45.70803451538086,29.51990509033203
train,dish_1565728494,data/nutrition5k_dataset/imagery/realsense_overhead/dish_1565728494/rgb.png,326.3296203613281,163.0,12.881792068481445,22.0540828704834,28.691757202148438
train,dish_1562945131,data/nutrition5k_dataset/imagery/realsense_overhead/dish_1562945131/rgb.png,37.32390213012695,67.0,1.895609974861145,4.575610160827637,1.5687799453735352
train,dish_1561737176,data/nutrition5k_dataset/imagery/realsense_overhead/dish_1561737176/rgb.png,403.1820068359375,117.0,31.94099998474121,4.914000034332275,22.58100128173828
train,dish_1564171970,data/nutrition5k_dataset/imagery/realsense_overhead/dish_1564171970/rgb.png,498.8211364746094,396.0,21.673965454101562,33.29872131347656,42.539974212646484
train,dish_1562614158,data/nutrition5k_dataset/imagery/realsense_overhead/dish_1562614158/rgb.png,453.9316711425781,301.0,30.739627838134766,14.829063415527344,31.996740341186523
train,dish_1558722906,data/nutrition5k_dataset/imagery/realsense_overhead/dish_1558722906/rgb.png,95.48999786376953,90.0,2.1600000858306885,19.799999237060547,2.7899999618530273
train,dish_1561662022,data/nutrition5k_dataset/imagery/realsense_overhead/dish_1561662022/rgb.png,159.686279296875,166.0,11.945531845092773,12.441322326660156,2.925065040588379
train,dish_1566591080,data/nutrition5k_dataset/imagery/realsense_overhead/dish_1566591080/rgb.png,909.6295776367188,549.0,43.513370513916016,19.378721237182617,103.56731414794922
train,dish_1566591048,data/nutrition5k_dataset/imagery/realsense_overhead/dish_1566591048/rgb.png,876.2018432617188,481.0,42.7088508605957,12.67119026184082,102.96314239501953
train,dish_1560798656,data/nutrition5k_dataset/imagery/realsense_overhead/dish_1560798656/rgb.png,287.1719970703125,108.0,10.151999473571777,36.18000030517578,12.096000671386719
train,dish_1563393341,data/nutrition5k_dataset/imagery/realsense_overhead/dish_1563393341/rgb.png,27.96500015258789,119.0,0.4363330006599426,5.196333885192871,1.745332956314087
train,dish_1559925083,data/nutrition5k_dataset/imagery/realsense_overhead/dish_1559925083/rgb.png,125.13550567626953,81.0,4.270999908447266,16.966999053955078,4.623000144958496
train,dish_1567022147,data/nutrition5k_dataset/imagery/realsense_overhead/dish_1567022147/rgb.png,34.92000198364258,128.0,0.25600001215934753,7.745999813079834,1.746000051498413
train,dish_1566416299,data/nutrition5k_dataset/imagery/realsense_overhead/dish_1566416299/rgb.png,44.9995002746582,86.0,2.2338500022888184,5.869500160217285,1.5092999935150146
train,dish_1561662948,data/nutrition5k_dataset/imagery/realsense_overhead/dish_1561662948/rgb.png,293.6054992675781,230.0,9.301705360412598,12.24976634979248,39.47502899169922
train,dish_1564688969,data/nutrition5k_dataset/imagery/realsense_overhead/dish_1564688969/rgb.png,239.30999755859375,90.0,8.460000038146973,30.150001525878906,10.079999923706055
train,dish_1564691420,data/nutrition5k_dataset/imagery/realsense_overhead/dish_1564691420/rgb.png,212.34730529785156,226.0,13.716615676879883,22.601648330688477,4.469414234161377
train,dish_1565897569,data/nutrition5k_dataset/imagery/realsense_overhead/dish_1565897569/rgb.png,324.91351318359375,150.0,21.174665451049805,5.554203033447266,28.693300247192383
train,dish_1562872746,data/nutrition5k_dataset/imagery/realsense_overhead/dish_1562872746/rgb.png,242.36398315429688,203.0,23.447694778442383,12.912595748901367,17.21742057800293
train,dish_1562959599,data/nutrition5k_dataset/imagery/realsense_overhead/dish_1562959599/rgb.png,403.6361389160156,281.0,26.58167839050293,28.35586929321289,25.20920753479004
train,dish_1561494001,data/nutrition5k_dataset/imagery/realsense_overhead/dish_1561494001/rgb.png,162.68785095214844,216.0,13.844636917114258,7.957149982452393,3.520411968231201
train,dish_1562096401,data/nutrition5k_dataset/imagery/realsense_overhead/dish_1562096401/rgb.png,366.8636779785156,352.0,15.268941879272461,11.065384864807129,44.5625
train,dish_1563305083,data/nutrition5k_dataset/imagery/realsense_overhead/dish_1563305083/rgb.png,1234.8563232421875,901.0,56.75973892211914,32.05635070800781,147.4918212890625
train,dish_1562775356,data/nutrition5k_dataset/imagery/realsense_overhead/dish_1562775356/rgb.png,177.60000610351562,120.0,13.199999809265137,1.9199999570846558,12.0
train,dish_1563824377,data/nutrition5k_dataset/imagery/realsense_overhead/dish_1563824377/rgb.png,454.0460205078125,338.0,28.374000549316406,12.23799991607666,38.93600082397461
train,dish_1562950091,data/nutrition5k_dataset/imagery/realsense_overhead/dish_1562950091/rgb.png,550.9819946289062,290.0,36.85700225830078,29.670000076293945,24.01300048828125
train,dish_1559332418,data/nutrition5k_dataset/imagery/realsense_overhead/dish_1559332418/rgb.png,482.10882568359375,271.0,24.459951400756836,10.669066429138184,50.3265380859375
train,dish_1565024675,data/nutrition5k_dataset/imagery/realsense_overhead/dish_1565024675/rgb.png,129.09799194335938,34.0,9.553999900817871,1.0540000200271606,9.894000053405762
train,dish_1565811423,data/nutrition5k_dataset/imagery/realsense_overhead/dish_1565811423/rgb.png,240.05712890625,290.0,9.221427917480469,22.184019088745117,18.778894424438477
train,dish_1558640917,data/nutrition5k_dataset/imagery/realsense_overhead/dish_1558640917/rgb.png,5.25,21.0,0.06300000101327896,1.0499999523162842,0.3779999911785126
train,dish_1558462228,data/nutrition5k_dataset/imagery/realsense_overhead/dish_1558462228/rgb.png,22.099998474121094,17.0,0.050999999046325684,4.760000228881836,0.45899999141693115
train,dish_1562875273,data/nutrition5k_dataset/imagery/realsense_overhead/dish_1562875273/rgb.png,495.9102783203125,306.0,17.10822868347168,39.23575210571289,44.8316764831543
train,dish_1564589366,data/nutrition5k_dataset/imagery/realsense_overhead/dish_1564589366/rgb.png,324.25,348.0,11.322001457214355,30.28900146484375,22.08100128173828
train,dish_1566414611,data/nutrition5k_dataset/imagery/realsense_overhead/dish_1566414611/rgb.png,105.5999984741211,64.0,2.303999900817871,0.0,19.84000015258789
train,dish_1558639752,data/nutrition5k_dataset/imagery/realsense_overhead/dish_1558639752/rgb.png,254.13099670410156,220.0,13.213000297546387,32.43800354003906,8.914999961853027
train,dish_1558640748,data/nutrition5k_dataset/imagery/realsense_overhead/dish_1558640748/rgb.png,14.5,58.0,0.17399999499320984,2.9000000953674316,1.0440000295639038
train,dish_1558373352,data/nutrition5k_dataset/imagery/realsense_overhead/dish_1558373352/rgb.png,69.0,100.0,0.20000000298023224,18.0,0.699999988079071
train,dish_1562787956,data/nutrition5k_dataset/imagery/realsense_overhead/dish_1562787956/rgb.png,26.84000015258789,61.0,1.281000018119812,2.622999906539917,1.9520000219345093
train,dish_1560454970,data/nutrition5k_dataset/imagery/realsense_overhead/dish_1560454970/rgb.png,9.90000057220459,55.0,0.10999999940395355,2.1449999809265137,0.4950000047683716
train,dish_1563468327,data/nutrition5k_dataset/imagery/realsense_overhead/dish_1563468327/rgb.png,351.88604736328125,483.0,9.768622398376465,57.49531555175781,12.099886894226074
train,dish_1563898688,data/nutrition5k_dataset/imagery/realsense_overhead/dish_1563898688/rgb.png,32.54999923706055,93.0,0.3720000088214874,6.510000228881836,2.2320001125335693
train,dish_1562097653,data/nutrition5k_dataset/imagery/realsense_overhead/dish_1562097653/rgb.png,116.16551971435547,102.0,5.921285152435303,14.05849838256836,3.3745288848876953
train,dish_1560442258,data/nutrition5k_dataset/imagery/realsense_overhead/dish_1560442258/rgb.png,289.3699951171875,185.0,16.400999069213867,21.11199951171875,15.089000701904297
train,dish_1563897794,data/nutrition5k_dataset/imagery/realsense_overhead/dish_1563897794/rgb.png,57.56999969482422,101.0,0.30300000309944153,14.140000343322754,0.7070000171661377
train,dish_1563219056,data/nutrition5k_dataset/imagery/realsense_overhead/dish_1563219056/rgb.png,416.8696594238281,258.0,21.94905662536621,21.629844665527344,32.36008071899414
train,dish_1559235690,data/nutrition5k_dataset/imagery/realsense_overhead/dish_1559235690/rgb.png,172.60499572753906,111.0,11.654999732971191,1.3320000171661377,13.875
train,dish_1565972429,data/nutrition5k_dataset/imagery/realsense_overhead/dish_1565972429/rgb.png,468.493896484375,831.0,4.998146057128906,38.314857482910156,59.02865982055664
train,dish_1565627751,data/nutrition5k_dataset/imagery/realsense_overhead/dish_1565627751/rgb.png,68.90927124023438,72.0,1.7560980319976807,12.643902778625488,0.70243901014328
train,dish_1563216625,data/nutrition5k_dataset/imagery/realsense_overhead/dish_1563216625/rgb.png,171.5351104736328,109.0,4.269801139831543,2.4082961082458496,29.25452423095703
train,dish_1561404485,data/nutrition5k_dataset/imagery/realsense_overhead/dish_1561404485/rgb.png,511.37335205078125,349.0,34.24519348144531,19.275634765625,34.533294677734375
train,dish_1562947376,data/nutrition5k_dataset/imagery/realsense_overhead/dish_1562947376/rgb.png,36.5,73.0,0.0729999989271164,9.489999771118164,0.36500000953674316
train,dish_1560961012,data/nutrition5k_dataset/imagery/realsense_overhead/dish_1560961012/rgb.png,191.6999969482422,71.0,5.679999828338623,28.613000869750977,6.617199897766113
train,dish_1560356355,data/nutrition5k_dataset/imagery/realsense_overhead/dish_1560356355/rgb.png,301.60693359375,148.0,15.277617454528809,28.402530670166016,12.777824401855469
train,dish_1561404956,data/nutrition5k_dataset/imagery/realsense_overhead/dish_1561404956/rgb.png,97.60079193115234,82.0,2.6385209560394287,4.593264102935791,13.654346466064453
train,dish_1567628099,data/nutrition5k_dataset/imagery/realsense_overhead/dish_1567628099/rgb.png,127.4930191040039,132.0,7.4458909034729,13.79623794555664,3.849013090133667
train,dish_1566500963,data/nutrition5k_dataset/imagery/realsense_overhead/dish_1566500963/rgb.png,5.75,25.0,0.10000000149011612,0.8999999761581421,0.7250000238418579
train,dish_1561392459,data/nutrition5k_dataset/imagery/realsense_overhead/dish_1561392459/rgb.png,395.2259826660156,275.0,28.110000610351562,11.667999267578125,23.690000534057617
train,dish_1566333228,data/nutrition5k_dataset/imagery/realsense_overhead/dish_1566333228/rgb.png,498.5452575683594,304.0,20.37820053100586,39.679134368896484,37.85773849487305
train,dish_1563205927,data/nutrition5k_dataset/imagery/realsense_overhead/dish_1563205927/rgb.png,160.26950073242188,181.0,3.7330000400543213,15.642001152038574,14.367000579833984
train,dish_1567023110,data/nutrition5k_dataset/imagery/realsense_overhead/dish_1567023110/rgb.png,46.0,40.0,4.28000020980835,2.5199999809265137,0.3199999928474426
train,dish_1562615283,data/nutrition5k_dataset/imagery/realsense_overhead/dish_1562615283/rgb.png,176.5359649658203,78.0,11.375679969787598,3.2658650875091553,15.28024959564209
train,dish_1562010891,data/nutrition5k_dataset/imagery/realsense_overhead/dish_1562010891/rgb.png,438.742919921875,341.0,26.274799346923828,23.48395347595215,28.74278450012207
train,dish_1562956486,data/nutrition5k_dataset/imagery/realsense_overhead/dish_1562956486/rgb.png,103.66000366210938,142.0,6.815999984741211,2.697999954223633,11.359999656677246
train,dish_1562959059,data/nutrition5k_dataset/imagery/realsense_overhead/dish_1562959059/rgb.png,365.7635803222656,216.0,21.98443031311035,36.17499542236328,22.950008392333984
train,dish_1565033139,data/nutrition5k_dataset/imagery/realsense_overhead/dish_1565033139/rgb.png,193.64999389648438,274.0,14.177000045776367,17.355998992919922,4.434000015258789
train,dish_1560787754,data/nutrition5k_dataset/imagery/realsense_overhead/dish_1560787754/rgb.png,72.63999938964844,68.0,3.122999906539917,8.637999534606934,3.0169999599456787
train,dish_1562783605,data/nutrition5k_dataset/imagery/realsense_overhead/dish_1562783605/rgb.png,75.5999984741211,270.0,1.0800000429153442,14.309999465942383,5.940000057220459
train,dish_1562691441,data/nutrition5k_dataset/imagery/realsense_overhead/dish_1562691441/rgb.png,263.8709716796875,232.0,12.403903007507324,26.727901458740234,12.112195014953613
train,dish_1561664061,data/nutrition5k_dataset/imagery/realsense_overhead/dish_1561664061/rgb.png,303.6430358886719,269.0,9.801617622375488,13.71284008026123,38.910919189453125
train,dish_1562872945,data/nutrition5k_dataset/imagery/realsense_overhead/dish_1562872945/rgb.png,258.59967041015625,234.0,15.496352195739746,30.387449264526367,20.0532169342041
train,dish_1558630737,data/nutrition5k_dataset/imagery/realsense_overhead/dish_1558630737/rgb.png,22.25,89.0,0.2669999897480011,4.449999809265137,1.6019999980926514
train,dish_1562784266,data/nutrition5k_dataset/imagery/realsense_overhead/dish_1562784266/rgb.png,131.8040008544922,76.0,4.159999847412109,20.240001678466797,4.883999824523926
train,dish_1567110783,data/nutrition5k_dataset/imagery/realsense_overhead/dish_1567110783/rgb.png,465.3078918457031,210.0,24.37297821044922,18.84601402282715,38.94053268432617
train,dish_1565640914,data/nutrition5k_dataset/imagery/realsense_overhead/dish_1565640914/rgb.png,774.2919921875,457.0,53.178001403808594,20.47599983215332,55.19499969482422
train,dish_1562958629,data/nutrition5k_dataset/imagery/realsense_overhead/dish_1562958629/rgb.png,208.97000122070312,172.0,10.574999809265137,18.126001358032227,13.015000343322754
train,dish_1558629398,data/nutrition5k_dataset/imagery/realsense_overhead/dish_1558629398/rgb.png,21.760000228881836,64.0,0.4480000138282776,4.3520002365112305,0.4480000138282776
train,dish_1562700760,data/nutrition5k_dataset/imagery/realsense_overhead/dish_1562700760/rgb.png,370.1300354003906,418.0,18.33894920349121,16.083404541015625,35.96588897705078
train,dish_1560368110,data/nutrition5k_dataset/imagery/realsense_overhead/dish_1560368110/rgb.png,16.020000457763672,89.0,0.17800000309944153,3.4709999561309814,0.8009999990463257
train,dish_1568405214,data/nutrition5k_dataset/imagery/realsense_overhead/dish_1568405214/rgb.png,144.2558135986328,152.0,9.715362548828125,9.625490188598633,6.820557117462158
train,dish_1564171888,data/nutrition5k_dataset/imagery/realsense_overhead/dish_1564171888/rgb.png,345.1258850097656,194.0,17.510074615478516,7.637636184692383,36.02711486816406
train,dish_1562947885,data/nutrition5k_dataset/imagery/realsense_overhead/dish_1562947885/rgb.png,215.97000122070312,313.0,0.6259999871253967,56.340003967285156,2.190999984741211
train,dish_1560369403,data/nutrition5k_dataset/imagery/realsense_overhead/dish_1560369403/rgb.png,411.9678039550781,405.0,30.98655128479004,28.932994842529297,43.259883880615234
train,dish_1562094694,data/nutrition5k_dataset/imagery/realsense_overhead/dish_1562094694/rgb.png,134.59600830078125,142.0,11.607294082641602,7.24988317489624,2.2461180686950684
train,dish_1558723096,data/nutrition5k_dataset/imagery/realsense_overhead/dish_1558723096/rgb.png,16.5,66.0,0.1979999989271164,3.299999952316284,1.187999963760376
train,dish_1565640227,data/nutrition5k_dataset/imagery/realsense_overhead/dish_1565640227/rgb.png,334.6199951171875,165.0,13.427998542785645,40.380001068115234,14.399999618530273
train,dish_1559751710,data/nutrition5k_dataset/imagery/realsense_overhead/dish_1559751710/rgb.png,37.619998931884766,66.0,0.1979999989271164,9.239999771118164,0.4620000123977661
train,dish_1562617492,data/nutrition5k_dataset/imagery/realsense_overhead/dish_1562617492/rgb.png,558.5578002929688,373.0,27.255165100097656,39.354103088378906,39.66849136352539
train,dish_1567023132,data/nutrition5k_dataset/imagery/realsense_overhead/dish_1567023132/rgb.png,59.20000076293945,84.0,4.323999881744385,5.0279998779296875,1.0240000486373901
train,dish_1562949541,data/nutrition5k_dataset/imagery/realsense_overhead/dish_1562949541/rgb.png,494.22564697265625,374.0,33.717586517333984,16.525365829467773,31.73265838623047
train,dish_1565897680,data/nutrition5k_dataset/imagery/realsense_overhead/dish_1565897680/rgb.png,770.4488525390625,405.0,63.73689270019531,16.57101821899414,37.93083953857422
train,dish_1566332193,data/nutrition5k_dataset/imagery/realsense_overhead/dish_1566332193/rgb.png,527.4500122070312,504.0,29.494001388549805,18.465999603271484,51.840999603271484
train,dish_1558639266,data/nutrition5k_dataset/imagery/realsense_overhead/dish_1558639266/rgb.png,30.768999099731445,29.0,0.6959999799728394,6.380000114440918,0.8989999890327454
train,dish_1563219035,data/nutrition5k_dataset/imagery/realsense_overhead/dish_1563219035/rgb.png,410.2096862792969,221.0,21.875057220458984,20.186845779418945,32.02708053588867
train,dish_1566402232,data/nutrition5k_dataset/imagery/realsense_overhead/dish_1566402232/rgb.png,511.3961181640625,841.0,8.997678756713867,54.08161926269531,48.8546028137207
train,dish_1562008738,data/nutrition5k_dataset/imagery/realsense_overhead/dish_1562008738/rgb.png,64.06661224365234,109.0,4.610000133514404,5.137444019317627,2.1364998817443848
train,dish_1561576295,data/nutrition5k_dataset/imagery/realsense_overhead/dish_1561576295/rgb.png,249.067138671875,232.0,16.0842342376709,23.931339263916016,4.035297870635986
train,dish_1561404458,data/nutrition5k_dataset/imagery/realsense_overhead/dish_1561404458/rgb.png,410.3117370605469,259.0,24.921592712402344,15.135350227355957,33.12741470336914
train,dish_1562168450,data/nutrition5k_dataset/imagery/realsense_overhead/dish_1562168450/rgb.png,282.53997802734375,431.0,4.982999801635742,44.834999084472656,15.243998527526855
train,dish_1564675060,data/nutrition5k_dataset/imagery/realsense_overhead/dish_1564675060/rgb.png,23.100000381469727,77.0,0.15399999916553497,5.8520002365112305,0.4620000123977661
train,dish_1566316587,data/nutrition5k_dataset/imagery/realsense_overhead/dish_1566316587/rgb.png,646.76806640625,311.0,50.825042724609375,20.937225341796875,26.90869140625
train,dish_1568666230,data/nutrition5k_dataset/imagery/realsense_overhead/dish_1568666230/rgb.png,55.80000305175781,268.0,0.6919999718666077,10.969999313354492,4.5320000648498535
train,dish_1561576051,data/nutrition5k_dataset/imagery/realsense_overhead/dish_1561576051/rgb.png,367.8852844238281,179.0,19.007558822631836,22.600353240966797,25.634586334228516
train,dish_1558723818,data/nutrition5k_dataset/imagery/realsense_overhead/dish_1558723818/rgb.png,113.5270004272461,107.0,2.568000078201294,23.53999900817871,3.316999912261963
train,dish_1562949162,data/nutrition5k_dataset/imagery/realsense_overhead/dish_1562949162/rgb.png,64.91999816894531,12.0,5.039999961853027,0.1679999977350235,4.440000057220459
train,dish_1563305401,data/nutrition5k_dataset/imagery/realsense_overhead/dish_1563305401/rgb.png,483.2153015136719,332.0,29.11130714416504,21.912694931030273,32.94399642944336
train,dish_1558637247,data/nutrition5k_dataset/imagery/realsense_overhead/dish_1558637247/rgb.png,117.77099609375,111.0,2.6640000343322754,24.420000076293945,3.440999984741211
train,dish_1558636980,data/nutrition5k_dataset/imagery/realsense_overhead/dish_1558636980/rgb.png,222.7779998779297,397.0,4.73799991607666,47.00700378417969,4.414999961853027
train,dish_1559061675,data/nutrition5k_dataset/imagery/realsense_overhead/dish_1559061675/rgb.png,24.900001525878906,83.0,0.16599999368190765,6.308000087738037,0.49799999594688416
train,dish_1562959547,data/nutrition5k_dataset/imagery/realsense_overhead/dish_1562959547/rgb.png,165.61773681640625,145.0,15.460226058959961,8.817570686340332,10.892045974731445
train,dish_1561492161,data/nutrition5k_dataset/imagery/realsense_overhead/dish_1561492161/rgb.png,48.30968475341797,43.0,4.490371227264404,1.8160699605941772,0.8689810037612915
train,dish_1566931179,data/nutrition5k_dataset/imagery/realsense_overhead/dish_1566931179/rgb.png,204.369384765625,263.0,15.98767375946045,15.745847702026367,4.955554008483887
train,dish_1562687527,data/nutrition5k_dataset/imagery/realsense_overhead/dish_1562687527/rgb.png,203.2216033935547,210.0,13.594804763793945,18.88726043701172,3.396127939224243
train,dish_1559149615,data/nutrition5k_dataset/imagery/realsense_overhead/dish_1559149615/rgb.png,124.42999267578125,23.0,9.65999984741211,0.32199999690055847,8.510000228881836
train,dish_1566938088,data/nutrition5k_dataset/imagery/realsense_overhead/dish_1566938088/rgb.png,494.49658203125,381.0,18.89653778076172,44.58045196533203,36.30096435546875
train,dish_1562784347,data/nutrition5k_dataset/imagery/realsense_overhead/dish_1562784347/rgb.png,315.98846435546875,264.0,15.637625694274902,39.655731201171875,9.114595413208008
train,dish_1561575192,data/nutrition5k_dataset/imagery/realsense_overhead/dish_1561575192/rgb.png,122.98918914794922,236.0,8.137641906738281,11.167095184326172,4.637901782989502
train,dish_1562861125,data/nutrition5k_dataset/imagery/realsense_overhead/dish_1562861125/rgb.png,190.807861328125,235.0,10.12393856048584,3.194394111633301,18.992727279663086
train,dish_1563395510,data/nutrition5k_dataset/imagery/realsense_overhead/dish_1563395510/rgb.png,415.6274108886719,372.0,19.100135803222656,33.541648864746094,34.77123260498047
train,dish_1559843185,data/nutrition5k_dataset/imagery/realsense_overhead/dish_1559843185/rgb.png,64.3499984741211,161.0,0.5139999985694885,15.219999313354492,1.7070000171661377
train,dish_1563305722,data/nutrition5k_dataset/imagery/realsense_overhead/dish_1563305722/rgb.png,434.65899658203125,405.0,12.195140838623047,9.579062461853027,69.9601058959961
train,dish_1559844113,data/nutrition5k_dataset/imagery/realsense_overhead/dish_1559844113/rgb.png,312.95501708984375,356.0,12.968000411987305,49.25499725341797,7.370999813079834
train,dish_1568404850,data/nutrition5k_dataset/imagery/realsense_overhead/dish_1568404850/rgb.png,157.6999969482422,100.0,2.200000047683716,29.899999618530273,4.699999809265137
train,dish_1561662358,data/nutrition5k_dataset/imagery/realsense_overhead/dish_1561662358/rgb.png,96.5510025024414,91.0,2.184000015258789,20.020000457763672,2.821000099182129
train,dish_1563827162,data/nutrition5k_dataset/imagery/realsense_overhead/dish_1563827162/rgb.png,319.5399475097656,354.0,9.728970527648926,34.35761260986328,25.04499626159668
train,dish_1567526814,data/nutrition5k_dataset/imagery/realsense_overhead/dish_1567526814/rgb.png,408.25,639.0,7.165999889373779,34.33100128173828,45.19999694824219
train,dish_1563476408,data/nutrition5k_dataset/imagery/realsense_overhead/dish_1563476408/rgb.png,990.4000244140625,513.0,47.925025939941406,55.90829086303711,79.19982147216797
train,dish_1562617446,data/nutrition5k_dataset/imagery/realsense_overhead/dish_1562617446/rgb.png,291.19000244140625,232.0,12.593999862670898,35.13999938964844,11.215999603271484
train,dish_1560455421,data/nutrition5k_dataset/imagery/realsense_overhead/dish_1560455421/rgb.png,180.93893432617188,189.0,14.689533233642578,15.287749290466309,12.075823783874512
train,dish_1560444592,data/nutrition5k_dataset/imagery/realsense_overhead/dish_1560444592/rgb.png,244.42100524902344,175.0,12.661999702453613,19.757999420166016,12.37600040435791
train,dish_1562008429,data/nutrition5k_dataset/imagery/realsense_overhead/dish_1562008429/rgb.png,94.465087890625,69.0,5.511407852172852,1.7650669813156128,9.056995391845703
train,dish_1559846034,data/nutrition5k_dataset/imagery/realsense_overhead/dish_1559846034/rgb.png,11.199999809265137,32.0,0.12800000607967377,2.240000009536743,0.7680000066757202
train,dish_1561663990,data/nutrition5k_dataset/imagery/realsense_overhead/dish_1561663990/rgb.png,181.4897003173828,115.0,5.211059093475342,3.2937090396881104,28.614526748657227
train,dish_1565207662,data/nutrition5k_dataset/imagery/realsense_overhead/dish_1565207662/rgb.png,145.93756103515625,128.0,11.480613708496094,12.175005912780762,14.46240234375
train,dish_1562876756,data/nutrition5k_dataset/imagery/realsense_overhead/dish_1562876756/rgb.png,354.59686279296875,322.0,13.231589317321777,37.242164611816406,28.104402542114258
train,dish_1566329049,data/nutrition5k_dataset/imagery/realsense_overhead/dish_1566329049/rgb.png,814.9307861328125,575.0,28.273494720458984,79.15834045410156,60.86186981201172
train,dish_1562950895,data/nutrition5k_dataset/imagery/realsense_overhead/dish_1562950895/rgb.png,137.81854248046875,144.0,3.512195110321045,25.287805557250977,1.40487802028656
train,dish_1561060925,data/nutrition5k_dataset/imagery/realsense_overhead/dish_1561060925/rgb.png,93.91484832763672,156.0,4.28430700302124,9.304450035095215,8.24676513671875
train,dish_1558630649,data/nutrition5k_dataset/imagery/realsense_overhead/dish_1558630649/rgb.png,190.00999450683594,355.0,0.7099999785423279,49.41999816894531,2.005000114440918
train,dish_1561739954,data/nutrition5k_dataset/imagery/realsense_overhead/dish_1561739954/rgb.png,276.1199951171875,225.0,16.059999465942383,16.555999755859375,15.390000343322754
train,dish_1566316496,data/nutrition5k_dataset/imagery/realsense_overhead/dish_1566316496/rgb.png,121.09808349609375,64.0,12.485042572021484,2.4312241077423096,0.6306909918785095
train,dish_1565195362,data/nutrition5k_dataset/imagery/realsense_overhead/dish_1565195362/rgb.png,98.57853698730469,103.0,2.512195110321045,18.087806701660156,1.004878044128418
train,dish_1562963648,data/nutrition5k_dataset/imagery/realsense_overhead/dish_1562963648/rgb.png,252.58877563476562,247.0,9.243376731872559,33.27342224121094,10.225955963134766
train,dish_1563302315,data/nutrition5k_dataset/imagery/realsense_overhead/dish_1563302315/rgb.png,13.859999656677246,63.0,0.1889999955892563,2.0789999961853027,1.9529999494552612
train,dish_1560441487,data/nutrition5k_dataset/imagery/realsense_overhead/dish_1560441487/rgb.png,41.41999816894531,88.0,0.22599999606609344,10.039999961853027,0.6539999842643738
train,dish_1566847483,data/nutrition5k_dataset/imagery/realsense_overhead/dish_1566847483/rgb.png,476.23193359375,314.0,28.970853805541992,24.980384826660156,29.644311904907227
train,dish_1565981848,data/nutrition5k_dataset/imagery/realsense_overhead/dish_1565981848/rgb.png,147.41043090820312,198.0,11.09194278717041,8.19925594329834,15.093218803405762
train,dish_1561579845,data/nutrition5k_dataset/imagery/realsense_overhead/dish_1561579845/rgb.png,307.26422119140625,163.0,14.719878196716309,4.394567966461182,36.61607360839844
train,dish_1560527745,data/nutrition5k_dataset/imagery/realsense_overhead/dish_1560527745/rgb.png,87.76100158691406,149.0,0.5960000157356262,5.363999843597412,14.90000057220459
train,dish_1563302345,data/nutrition5k_dataset/imagery/realsense_overhead/dish_1563302345/rgb.png,265.8554382324219,215.0,7.567317008972168,5.092874050140381,43.00117111206055
train,dish_1561576483,data/nutrition5k_dataset/imagery/realsense_overhead/dish_1561576483/rgb.png,209.59542846679688,371.0,8.536116600036621,17.269756317138672,18.414199829101562
train,dish_1563996308,data/nutrition5k_dataset/imagery/realsense_overhead/dish_1563996308/rgb.png,718.5117797851562,659.0,22.656110763549805,28.793682098388672,98.59451293945312
train,dish_1568405466,data/nutrition5k_dataset/imagery/realsense_overhead/dish_1568405466/rgb.png,153.0994110107422,189.0,9.094378471374512,17.45227813720703,2.526577949523926
train,dish_1563564760,data/nutrition5k_dataset/imagery/realsense_overhead/dish_1563564760/rgb.png,341.8524475097656,243.0,16.774696350097656,27.887176513671875,23.540035247802734
train,dish_1563553735,data/nutrition5k_dataset/imagery/realsense_overhead/dish_1563553735/rgb.png,114.38580322265625,88.0,6.131612777709961,13.54348373413086,2.815999984741211
train,dish_1558632198,data/nutrition5k_dataset/imagery/realsense_overhead/dish_1558632198/rgb.png,16.796001434326172,26.0,0.8840000033378601,0.8320000171661377,1.5859999656677246
train,dish_1562871297,data/nutrition5k_dataset/imagery/realsense_overhead/dish_1562871297/rgb.png,124.9729995727539,47.0,4.418000221252441,15.745000839233398,5.263999938964844
train,dish_1562614980,data/nutrition5k_dataset/imagery/realsense_overhead/dish_1562614980/rgb.png,566.1460571289062,485.0,28.80910873413086,21.10409164428711,57.345733642578125
train,dish_1561740411,data/nutrition5k_dataset/imagery/realsense_overhead/dish_1561740411/rgb.png,333.21453857421875,297.0,24.26279067993164,11.968246459960938,17.558757781982422
train,dish_1562183125,data/nutrition5k_dataset/imagery/realsense_overhead/dish_1562183125/rgb.png,88.55239868164062,131.0,6.8810248374938965,5.21703577041626,3.754251003265381
train,dish_1559062005,data/nutrition5k_dataset/imagery/realsense_overhead/dish_1559062005/rgb.png,113.90999603271484,30.0,8.429999351501465,0.9300000071525574,8.729999542236328
train,dish_1562872914,data/nutrition5k_dataset/imagery/realsense_overhead/dish_1562872914/rgb.png,135.39967346191406,124.0,15.276351928710938,5.087450981140137,15.873217582702637
train,dish_1562170236,data/nutrition5k_dataset/imagery/realsense_overhead/dish_1562170236/rgb.png,169.36000061035156,333.0,0.7369999885559082,42.47800064086914,2.069000005722046
train,dish_1561575327,data/nutrition5k_dataset/imagery/realsense_overhead/dish_1561575327/rgb.png,453.6800537109375,289.0,23.74795150756836,25.363405227661133,32.591888427734375
train,dish_1568319899,data/nutrition5k_dataset/imagery/realsense_overhead/dish_1568319899/rgb.png,627.65625,377.0,30.993276596069336,44.54574966430664,41.03343200683594
train,dish_1566501258,data/nutrition5k_dataset/imagery/realsense_overhead/dish_1566501258/rgb.png,12.0,30.0,0.029999999329447746,2.700000047683716,0.33000001311302185
train,dish_1567108037,data/nutrition5k_dataset/imagery/realsense_overhead/dish_1567108037/rgb.png,674.7305297851562,365.0,40.59666061401367,18.42249870300293,55.602725982666016
train,dish_1559240908,data/nutrition5k_dataset/imagery/realsense_overhead/dish_1559240908/rgb.png,60.15999984741211,128.0,0.12800000607967377,15.359999656677246,1.1519999504089355
train,dish_1560270585,data/nutrition5k_dataset/imagery/realsense_overhead/dish_1560270585/rgb.png,43.80000305175781,114.0,0.18000000715255737,11.255999565124512,0.6359999775886536
train,dish_1561580552,data/nutrition5k_dataset/imagery/realsense_overhead/dish_1561580552/rgb.png,22.25,89.0,0.2669999897480011,4.449999809265137,1.6019999980926514
train,dish_1558721380,data/nutrition5k_dataset/imagery/realsense_overhead/dish_1558721380/rgb.png,19.260000228881836,107.0,0.21400000154972076,4.172999858856201,0.9629999995231628
train,dish_1566499633,data/nutrition5k_dataset/imagery/realsense_overhead/dish_1566499633/rgb.png,161.3864288330078,139.0,14.183504104614258,8.426494598388672,3.0239639282226562
train,dish_1558640705,data/nutrition5k_dataset/imagery/realsense_overhead/dish_1558640705/rgb.png,96.75999450683594,234.0,0.46799999475479126,24.73699951171875,1.315000057220459
train,dish_1560455179,data/nutrition5k_dataset/imagery/realsense_overhead/dish_1560455179/rgb.png,103.32084655761719,150.0,5.987522125244141,12.08132266998291,1.9083160161972046
train,dish_1561575445,data/nutrition5k_dataset/imagery/realsense_overhead/dish_1561575445/rgb.png,35.458431243896484,123.0,0.8861179947853088,6.6127448081970215,1.7304309606552124
train,dish_1562959570,data/nutrition5k_dataset/imagery/realsense_overhead/dish_1562959570/rgb.png,311.9862365722656,216.0,22.161678314208984,16.655866622924805,23.844205856323242
train,dish_1561746912,data/nutrition5k_dataset/imagery/realsense_overhead/dish_1561746912/rgb.png,264.095947265625,210.0,8.211681365966797,27.373018264770508,20.891368865966797
train,dish_1562788032,data/nutrition5k_dataset/imagery/realsense_overhead/dish_1562788032/rgb.png,137.2388916015625,214.0,6.001858234405518,12.609990119934082,9.557198524475098
train,dish_1558629517,data/nutrition5k_dataset/imagery/realsense_overhead/dish_1558629517/rgb.png,263.218994140625,167.0,19.94499969482422,16.404998779296875,10.336000442504883
train,dish_1560887457,data/nutrition5k_dataset/imagery/realsense_overhead/dish_1560887457/rgb.png,389.26434326171875,246.0,14.280460357666016,48.70595169067383,17.19309425354004
train,dish_1563222850,data/nutrition5k_dataset/imagery/realsense_overhead/dish_1563222850/rgb.png,348.37811279296875,232.0,12.053417205810547,27.308292388916016,32.43404006958008
train,dish_1560455158,data/nutrition5k_dataset/imagery/realsense_overhead/dish_1560455158/rgb.png,69.120849609375,55.0,5.892521858215332,3.5313239097595215,1.4333159923553467
train,dish_1566849327,data/nutrition5k_dataset/imagery/realsense_overhead/dish_1566849327/rgb.png,551.7020263671875,362.0,31.255998611450195,14.869999885559082,55.12200164794922
train,dish_1568318286,data/nutrition5k_dataset/imagery/realsense_overhead/dish_1568318286/rgb.png,32.20000076293945,115.0,0.46000000834465027,6.09499979019165,2.5299999713897705
train,dish_1561393550,data/nutrition5k_dataset/imagery/realsense_overhead/dish_1561393550/rgb.png,172.48001098632812,176.0,7.567999839782715,5.984000205993652,19.360000610351562
train,dish_1566934085,data/nutrition5k_dataset/imagery/realsense_overhead/dish_1566934085/rgb.png,82.59072875976562,259.0,5.281901836395264,7.442439079284668,4.01239013671875
train,dish_1561574623,data/nutrition5k_dataset/imagery/realsense_overhead/dish_1561574623/rgb.png,117.602783203125,152.0,4.0101799964904785,7.020421981811523,13.903189659118652
train,dish_1565109637,data/nutrition5k_dataset/imagery/realsense_overhead/dish_1565109637/rgb.png,172.64488220214844,253.0,2.610682964324951,17.620319366455078,16.817073822021484
train,dish_1566851155,data/nutrition5k_dataset/imagery/realsense_overhead/dish_1566851155/rgb.png,295.2843933105469,260.0,11.076623916625977,40.56201171875,9.830683708190918
train,dish_1566501293,data/nutrition5k_dataset/imagery/realsense_overhead/dish_1566501293/rgb.png,41.900001525878906,56.0,2.812000036239624,4.3379998207092285,0.5379999876022339
train,dish_1558029686,data/nutrition5k_dataset/imagery/realsense_overhead/dish_1558029686/rgb.png,119.0199966430664,22.0,9.239999771118164,0.30799999833106995,8.140000343322754
train,dish_1562945823,data/nutrition5k_dataset/imagery/realsense_overhead/dish_1562945823/rgb.png,62.19532012939453,99.0,2.1256449222564697,10.413192749023438,1.3830000162124634
train,dish_1559320019,data/nutrition5k_dataset/imagery/realsense_overhead/dish_1559320019/rgb.png,196.82000732421875,205.0,5.714000225067139,30.73200225830078,6.4079999923706055
train,dish_1562603895,data/nutrition5k_dataset/imagery/realsense_overhead/dish_1562603895/rgb.png,1268.1573486328125,517.0,90.77664184570312,68.63719177246094,46.98400115966797
train,dish_1562704640,data/nutrition5k_dataset/imagery/realsense_overhead/dish_1562704640/rgb.png,333.28131103515625,275.0,14.8075590133667,26.86310577392578,22.069780349731445
train,dish_1560788384,data/nutrition5k_dataset/imagery/realsense_overhead/dish_1560788384/rgb.png,111.1989974975586,242.0,0.847000002861023,14.035999298095703,12.947001457214355
train,dish_1561661850,data/nutrition5k_dataset/imagery/realsense_overhead/dish_1561661850/rgb.png,648.9759521484375,264.0,25.375411987304688,67.57547760009766,35.485809326171875
train,dish_1565637578,data/nutrition5k_dataset/imagery/realsense_overhead/dish_1565637578/rgb.png,197.30140686035156,168.0,4.829732894897461,18.11687469482422,19.958797454833984
train,dish_1563566725,data/nutrition5k_dataset/imagery/realsense_overhead/dish_1563566725/rgb.png,241.31301879882812,206.0,7.405340194702148,39.20685577392578,7.718408107757568
train,dish_1558030971,data/nutrition5k_dataset/imagery/realsense_overhead/dish_1558030971/rgb.png,17.64000129699707,49.0,0.04899999871850014,4.409999847412109,0.24500000476837158
train,dish_1565728634,data/nutrition5k_dataset/imagery/realsense_overhead/dish_1565728634/rgb.png,436.4066162109375,418.0,15.944896697998047,41.951988220214844,31.455549240112305
train,dish_1566851115,data/nutrition5k_dataset/imagery/realsense_overhead/dish_1566851115/rgb.png,81.55442810058594,70.0,7.016817092895508,4.183183193206787,1.8721319437026978
train,dish_1563389693,data/nutrition5k_dataset/imagery/realsense_overhead/dish_1563389693/rgb.png,500.218017578125,383.0,29.284000396728516,14.82400131225586,45.54499816894531
train,dish_1558719298,data/nutrition5k_dataset/imagery/realsense_overhead/dish_1558719298/rgb.png,265.9259948730469,46.0,22.770000457763672,10.441999435424805,10.303999900817871
train,dish_1564590254,data/nutrition5k_dataset/imagery/realsense_overhead/dish_1564590254/rgb.png,248.5358428955078,432.0,3.6102190017700195,54.17278289794922,3.239487886428833
train,dish_1556575014,data/nutrition5k_dataset/imagery/realsense_overhead/dish_1556575014/rgb.png,71.29999542236328,62.0,6.633999824523926,3.9059998989105225,0.4959999918937683
train,dish_1565209922,data/nutrition5k_dataset/imagery/realsense_overhead/dish_1565209922/rgb.png,201.56533813476562,169.0,6.256306171417236,25.56734275817871,10.335444450378418
train,dish_1559242155,data/nutrition5k_dataset/imagery/realsense_overhead/dish_1559242155/rgb.png,116.11600494384766,203.0,0.2029999941587448,30.855998992919922,0.8119999766349792
train,dish_1558116146,data/nutrition5k_dataset/imagery/realsense_overhead/dish_1558116146/rgb.png,76.58999633789062,111.0,0.22200000286102295,19.98000144958496,0.7770000100135803
train,dish_1560366410,data/nutrition5k_dataset/imagery/realsense_overhead/dish_1560366410/rgb.png,58.741065979003906,96.0,4.515481948852539,3.791994094848633,2.1879429817199707
train,dish_1563555605,data/nutrition5k_dataset/imagery/realsense_overhead/dish_1563555605/rgb.png,537.8099975585938,403.0,31.371000289916992,39.62200164794922,24.804000854492188
train,dish_1562876732,data/nutrition5k_dataset/imagery/realsense_overhead/dish_1562876732/rgb.png,350.56683349609375,291.0,13.169589042663574,36.56016540527344,27.639404296875
train,dish_1558639907,data/nutrition5k_dataset/imagery/realsense_overhead/dish_1558639907/rgb.png,10.440000534057617,58.0,0.11599999666213989,2.26200008392334,0.5220000147819519
train,dish_1560441511,data/nutrition5k_dataset/imagery/realsense_overhead/dish_1560441511/rgb.png,51.91999816894531,123.0,0.29600000381469727,12.699999809265137,0.8640000224113464
train,dish_1567801830,data/nutrition5k_dataset/imagery/realsense_overhead/dish_1567801830/rgb.png,265.0723876953125,201.0,11.296758651733398,27.443153381347656,13.99601936340332
train,dish_1563393366,data/nutrition5k_dataset/imagery/realsense_overhead/dish_1563393366/rgb.png,89.85462951660156,178.0,7.287952899932861,7.559165954589844,9.442002296447754
train,dish_1559934708,data/nutrition5k_dataset/imagery/realsense_overhead/dish_1559934708/rgb.png,202.44546508789062,178.0,7.353578090667725,13.478154182434082,19.764999389648438
train,dish_1562012048,data/nutrition5k_dataset/imagery/realsense_overhead/dish_1562012048/rgb.png,278.973876953125,248.0,5.299118995666504,47.483943939208984,10.388004302978516
train,dish_1564777960,data/nutrition5k_dataset/imagery/realsense_overhead/dish_1564777960/rgb.png,331.00750732421875,147.0,16.715341567993164,16.270294189453125,26.43120002746582
train,dish_1565728562,data/nutrition5k_dataset/imagery/realsense_overhead/dish_1565728562/rgb.png,354.98223876953125,262.0,14.151335716247559,25.374427795410156,29.570669174194336
train,dish_1560443565,data/nutrition5k_dataset/imagery/realsense_overhead/dish_1560443565/rgb.png,260.67999267578125,475.0,0.9769999980926514,65.93000030517578,2.9709999561309814
train,dish_1562860073,data/nutrition5k_dataset/imagery/realsense_overhead/dish_1562860073/rgb.png,357.80999755859375,259.0,21.687999725341797,20.95800018310547,20.001998901367188
train,dish_1563563317,data/nutrition5k_dataset/imagery/realsense_overhead/dish_1563563317/rgb.png,345.84197998046875,252.0,22.70100212097168,8.312000274658203,28.482999801635742
train,dish_1558114569,data/nutrition5k_dataset/imagery/realsense_overhead/dish_1558114569/rgb.png,26.90999984741211,39.0,0.07800000160932541,7.019999980926514,0.27300000190734863
train,dish_1558460061,data/nutrition5k_dataset/imagery/realsense_overhead/dish_1558460061/rgb.png,40.709999084472656,59.0,0.11800000071525574,10.620000839233398,0.4129999876022339
train,dish_1561404505,data/nutrition5k_dataset/imagery/realsense_overhead/dish_1561404505/rgb.png,543.92333984375,442.0,34.61719512939453,25.785634994506836,36.76529312133789
train,dish_1568666357,data/nutrition5k_dataset/imagery/realsense_overhead/dish_1568666357/rgb.png,751.6799926757812,603.0,42.48400115966797,21.30000114440918,72.93700408935547
train,dish_1559172356,data/nutrition5k_dataset/imagery/realsense_overhead/dish_1559172356/rgb.png,313.1039123535156,176.0,15.885429382324219,6.928987979888916,32.684391021728516
train,dish_1562704528,data/nutrition5k_dataset/imagery/realsense_overhead/dish_1562704528/rgb.png,148.90399169921875,56.0,5.263999938964844,18.760000228881836,6.271999835968018
train,dish_1562617470,data/nutrition5k_dataset/imagery/realsense_overhead/dish_1562617470/rgb.png,440.8670654296875,321.0,19.671377182006836,37.176856994628906,29.481651306152344
train,dish_1565727921,data/nutrition5k_dataset/imagery/realsense_overhead/dish_1565727921/rgb.png,768.5540161132812,397.0,54.05500030517578,27.24799919128418,46.560001373291016
train,dish_1559242568,data/nutrition5k_dataset/imagery/realsense_overhead/dish_1559242568/rgb.png,116.11600494384766,203.0,0.2029999941587448,30.855998992919922,0.8119999766349792
train,dish_1559751552,data/nutrition5k_dataset/imagery/realsense_overhead/dish_1559751552/rgb.png,227.31300354003906,254.0,0.6389999985694885,54.50199890136719,2.884999990463257
train,dish_1563551397,data/nutrition5k_dataset/imagery/realsense_overhead/dish_1563551397/rgb.png,365.5306396484375,302.0,25.054744720458984,10.936723709106445,24.61240005493164
train,dish_1568061202,data/nutrition5k_dataset/imagery/realsense_overhead/dish_1568061202/rgb.png,256.5516052246094,334.0,7.6704840660095215,39.15171813964844,9.440391540527344
train,dish_1566590566,data/nutrition5k_dataset/imagery/realsense_overhead/dish_1566590566/rgb.png,186.95970153808594,142.0,8.816879272460938,8.613250732421875,17.352439880371094
train,dish_1562874282,data/nutrition5k_dataset/imagery/realsense_overhead/dish_1562874282/rgb.png,427.8799743652344,469.0,44.0816764831543,21.052488327026367,46.001808166503906
train,dish_1560443437,data/nutrition5k_dataset/imagery/realsense_overhead/dish_1560443437/rgb.png,116.27999877929688,204.0,0.6119999885559082,28.559999465942383,1.4279999732971191
train,dish_1561062171,data/nutrition5k_dataset/imagery/realsense_overhead/dish_1561062171/rgb.png,101.14297485351562,58.0,4.8213419914245605,5.76097297668457,7.957408905029297
train,dish_1566931116,data/nutrition5k_dataset/imagery/realsense_overhead/dish_1566931116/rgb.png,35.5,142.0,0.4259999990463257,7.099999904632568,2.555999994277954
train,dish_1567538263,data/nutrition5k_dataset/imagery/realsense_overhead/dish_1567538263/rgb.png,70.70092010498047,56.0,4.997893810272217,5.491087913513184,1.8734040260314941
train,dish_1562787848,data/nutrition5k_dataset/imagery/realsense_overhead/dish_1562787848/rgb.png,416.8020324707031,248.0,22.151569366455078,30.17654037475586,26.496395111083984
train,dish_1565208562,data/nutrition5k_dataset/imagery/realsense_overhead/dish_1565208562/rgb.png,40.47999954223633,92.0,1.9320000410079956,3.9560000896453857,2.944000005722046
train,dish_1564515049,data/nutrition5k_dataset/imagery/realsense_overhead/dish_1564515049/rgb.png,431.63580322265625,611.0,26.765792846679688,49.73202133178711,34.224403381347656
train,dish_1566931519,data/nutrition5k_dataset/imagery/realsense_overhead/dish_1566931519/rgb.png,130.1300048828125,182.0,10.101000785827637,10.555999755859375,2.7300000190734863
train,dish_1558720335,data/nutrition5k_dataset/imagery/realsense_overhead/dish_1558720335/rgb.png,15.640000343322754,46.0,0.09200000017881393,3.680000066757202,0.36800000071525574
train,dish_1562861103,data/nutrition5k_dataset/imagery/realsense_overhead/dish_1562861103/rgb.png,94.60787200927734,50.0,9.753939628601074,1.8993940353393555,0.49272701144218445
train,dish_1562689601,data/nutrition5k_dataset/imagery/realsense_overhead/dish_1562689601/rgb.png,20.611705780029297,37.0,1.0468289852142334,2.5268290042877197,0.8663409948348999
train,dish_1560799615,data/nutrition5k_dataset/imagery/realsense_overhead/dish_1560799615/rgb.png,332.7498474121094,283.0,17.999835968017578,32.516448974609375,11.012908935546875
train,dish_1562777037,data/nutrition5k_dataset/imagery/realsense_overhead/dish_1562777037/rgb.png,215.2735137939453,171.0,15.018989562988281,5.570335865020752,14.505756378173828
train,dish_1563466280,data/nutrition5k_dataset/imagery/realsense_overhead/dish_1563466280/rgb.png,357.05999755859375,66.0,27.719999313354492,0.9240000247955322,24.420000076293945
train,dish_1565725009,data/nutrition5k_dataset/imagery/realsense_overhead/dish_1565725009/rgb.png,50.599998474121094,44.0,4.708000183105469,2.7720000743865967,0.35199999809265137
train,dish_1566933498,data/nutrition5k_dataset/imagery/realsense_overhead/dish_1566933498/rgb.png,318.482666015625,284.0,17.55908203125,12.097745895385742,28.37812042236328
train,dish_1565711183,data/nutrition5k_dataset/imagery/realsense_overhead/dish_1565711183/rgb.png,460.4233703613281,461.0,20.747547149658203,20.976871490478516,44.71855163574219
train,dish_1562184705,data/nutrition5k_dataset/imagery/realsense_overhead/dish_1562184705/rgb.png,635.1904296875,376.0,51.203067779541016,13.052526473999023,58.2293815612793
train,dish_1563568148,data/nutrition5k_dataset/imagery/realsense_overhead/dish_1563568148/rgb.png,170.99578857421875,225.0,18.531177520751953,6.509641170501709,19.747220993041992
train,dish_1563464429,data/nutrition5k_dataset/imagery/realsense_overhead/dish_1563464429/rgb.png,140.99000549316406,103.0,7.3979997634887695,12.277999877929688,6.892000198364258
train,dish_1559678104,data/nutrition5k_dataset/imagery/realsense_overhead/dish_1559678104/rgb.png,99.96200561523438,135.0,7.348567962646484,7.806038856506348,2.654628038406372
train,dish_1564589072,data/nutrition5k_dataset/imagery/realsense_overhead/dish_1564589072/rgb.png,419.31072998046875,241.0,24.043901443481445,31.7560977935791,17.407560348510742
train,dish_1566933226,data/nutrition5k_dataset/imagery/realsense_overhead/dish_1566933226/rgb.png,245.4495086669922,171.0,7.784025192260742,19.44706153869629,22.552276611328125
train,dish_1563996656,data/nutrition5k_dataset/imagery/realsense_overhead/dish_1563996656/rgb.png,376.6203918457031,284.0,23.858444213867188,15.655680656433105,26.99168586730957
train,dish_1563389042,data/nutrition5k_dataset/imagery/realsense_overhead/dish_1563389042/rgb.png,30.478174209594727,62.0,0.7335330247879028,6.115691184997559,0.5508559942245483
train,dish_1559846450,data/nutrition5k_dataset/imagery/realsense_overhead/dish_1559846450/rgb.png,114.97200775146484,201.0,0.20100000500679016,30.551998138427734,0.8040000200271606
train,dish_1565118096,data/nutrition5k_dataset/imagery/realsense_overhead/dish_1565118096/rgb.png,656.429931640625,588.0,13.031999588012695,49.99700164794922,82.44300079345703
train,dish_1565119493,data/nutrition5k_dataset/imagery/realsense_overhead/dish_1565119493/rgb.png,529.1448974609375,280.0,24.306737899780273,46.864986419677734,29.865882873535156
train,dish_1564686791,data/nutrition5k_dataset/imagery/realsense_overhead/dish_1564686791/rgb.png,601.3485717773438,343.0,25.62047004699707,40.11434555053711,51.141510009765625
train,dish_1562702044,data/nutrition5k_dataset/imagery/realsense_overhead/dish_1562702044/rgb.png,44.0340690612793,177.0,1.1020679473876953,7.411407947540283,2.278430938720703
train,dish_1561578373,data/nutrition5k_dataset/imagery/realsense_overhead/dish_1561578373/rgb.png,164.495849609375,132.0,7.536766052246094,17.891658782958984,7.000701904296875
train,dish_1558721904,data/nutrition5k_dataset/imagery/realsense_overhead/dish_1558721904/rgb.png,74.36000061035156,143.0,0.28600001335144043,20.020000457763672,0.42899999022483826
train,dish_1560357297,data/nutrition5k_dataset/imagery/realsense_overhead/dish_1560357297/rgb.png,942.4540405273438,492.0,71.88700103759766,10.706000328063965,59.336997985839844
train,dish_1561406762,data/nutrition5k_dataset/imagery/realsense_overhead/dish_1561406762/rgb.png,17.205421447753906,35.0,0.41409099102020264,3.4524059295654297,0.31096699833869934
train,dish_1567537212,data/nutrition5k_dataset/imagery/realsense_overhead/dish_1567537212/rgb.png,432.50665283203125,238.0,24.445209503173828,10.818126678466797,39.385643005371094
train,dish_1566419603,data/nutrition5k_dataset/imagery/realsense_overhead/dish_1566419603/rgb.png,382.9242248535156,252.0,14.949173927307129,47.49925231933594,15.365150451660156
train,dish_1564685229,data/nutrition5k_dataset/imagery/realsense_overhead/dish_1564685229/rgb.png,591.4352416992188,347.0,41.45850372314453,14.729662895202637,41.90480041503906
train,dish_1563464480,data/nutrition5k_dataset/imagery/realsense_overhead/dish_1563464480/rgb.png,229.49000549316406,213.0,10.918000221252441,25.838001251220703,8.302000045776367
train,dish_1565896039,data/nutrition5k_dataset/imagery/realsense_overhead/dish_1565896039/rgb.png,352.5292053222656,384.0,14.54641342163086,36.57745361328125,20.68731689453125
train,dish_1567789256,data/nutrition5k_dataset/imagery/realsense_overhead/dish_1567789256/rgb.png,792.2183837890625,319.0,64.68820190429688,9.403199195861816,41.40340042114258
train,dish_1561492204,data/nutrition5k_dataset/imagery/realsense_overhead/dish_1561492204/rgb.png,488.6363220214844,334.0,15.68628215789795,49.12071228027344,37.19340133666992
train,dish_1563295292,data/nutrition5k_dataset/imagery/realsense_overhead/dish_1563295292/rgb.png,119.0199966430664,22.0,9.239999771118164,0.30799999833106995,8.140000343322754
train,dish_1565724235,data/nutrition5k_dataset/imagery/realsense_overhead/dish_1565724235/rgb.png,256.2287902832031,209.0,8.48477840423584,8.118171691894531,36.216827392578125
train,dish_1560874548,data/nutrition5k_dataset/imagery/realsense_overhead/dish_1560874548/rgb.png,41.040000915527344,72.0,0.2160000056028366,10.079999923706055,0.5040000081062317
train,dish_1563913709,data/nutrition5k_dataset/imagery/realsense_overhead/dish_1563913709/rgb.png,337.88818359375,263.0,13.284250259399414,42.313907623291016,13.815399169921875
train,dish_1558379324,data/nutrition5k_dataset/imagery/realsense_overhead/dish_1558379324/rgb.png,16.31999969482422,48.0,0.09600000083446503,3.8399999141693115,0.3840000033378601
train,dish_1564518586,data/nutrition5k_dataset/imagery/realsense_overhead/dish_1564518586/rgb.png,361.4132385253906,315.0,17.1607666015625,32.758914947509766,19.96329116821289
train,dish_1560441464,data/nutrition5k_dataset/imagery/realsense_overhead/dish_1560441464/rgb.png,28.5,50.0,0.15000000596046448,7.0,0.3499999940395355
train,dish_1565382995,data/nutrition5k_dataset/imagery/realsense_overhead/dish_1565382995/rgb.png,23.21000099182129,158.0,0.2280000001192093,4.072000026702881,2.6630001068115234
train,dish_1563823359,data/nutrition5k_dataset/imagery/realsense_overhead/dish_1563823359/rgb.png,641.7003173828125,333.0,33.413414001464844,11.550248146057129,72.45230102539062
train,dish_1558109945,data/nutrition5k_dataset/imagery/realsense_overhead/dish_1558109945/rgb.png,74.36000061035156,143.0,0.28600001335144043,0.42899999022483826,20.020000457763672
train,dish_1558723719,data/nutrition5k_dataset/imagery/realsense_overhead/dish_1558723719/rgb.png,231.24000549316406,40.0,19.799999237060547,9.079999923706055,8.960000038146973
train,dish_1558636763,data/nutrition5k_dataset/imagery/realsense_overhead/dish_1558636763/rgb.png,60.839996337890625,117.0,0.23399999737739563,16.3799991607666,0.35100001096725464
train,dish_1565379377,data/nutrition5k_dataset/imagery/realsense_overhead/dish_1565379377/rgb.png,470.01104736328125,397.0,20.932283401489258,32.93063735961914,38.23175048828125
train,dish_1558381860,data/nutrition5k_dataset/imagery/realsense_overhead/dish_1558381860/rgb.png,94.4000015258789,59.0,8.850000381469727,5.309999942779541,1.1799999475479126
train,dish_1561739623,data/nutrition5k_dataset/imagery/realsense_overhead/dish_1561739623/rgb.png,156.24000549316406,348.0,1.055999994277954,33.599998474121094,7.176000118255615
train,dish_1560543704,data/nutrition5k_dataset/imagery/realsense_overhead/dish_1560543704/rgb.png,140.00999450683594,161.0,6.072999954223633,19.229999542236328,3.1559998989105225
train,dish_1564171996,data/nutrition5k_dataset/imagery/realsense_overhead/dish_1564171996/rgb.png,519.5011596679688,484.0,21.996631622314453,37.14138412475586,43.83063888549805
train,dish_1565021220,data/nutrition5k_dataset/imagery/realsense_overhead/dish_1565021220/rgb.png,543.713134765625,361.0,29.981040954589844,41.56197738647461,27.55595588684082
train,dish_1565195493,data/nutrition5k_dataset/imagery/realsense_overhead/dish_1565195493/rgb.png,406.99853515625,291.0,21.026193618774414,20.198806762695312,30.984878540039062
train,dish_1563389719,data/nutrition5k_dataset/imagery/realsense_overhead/dish_1563389719/rgb.png,529.8179931640625,457.0,29.357999801635742,21.48400115966797,46.3589973449707
train,dish_1563303386,data/nutrition5k_dataset/imagery/realsense_overhead/dish_1563303386/rgb.png,274.1314392089844,218.0,9.2249755859375,17.535268783569336,29.455162048339844
train,dish_1565987201,data/nutrition5k_dataset/imagery/realsense_overhead/dish_1565987201/rgb.png,560.6589965820312,522.0,27.593000411987305,16.017000198364258,63.875999450683594
train,dish_1567022212,data/nutrition5k_dataset/imagery/realsense_overhead/dish_1567022212/rgb.png,89.11000061035156,197.0,4.068999767303467,13.35099983215332,2.3320000171661377
train,dish_1558115448,data/nutrition5k_dataset/imagery/realsense_overhead/dish_1558115448/rgb.png,64.86000061035156,94.0,0.18799999356269836,16.920000076293945,0.6579999923706055
train,dish_1562702892,data/nutrition5k_dataset/imagery/realsense_overhead/dish_1562702892/rgb.png,457.71112060546875,338.0,36.44519805908203,13.115524291992188,47.45709228515625
train,dish_1561060531,data/nutrition5k_dataset/imagery/realsense_overhead/dish_1561060531/rgb.png,162.07899475097656,177.0,4.10099983215332,26.291000366210938,6.732999801635742
train,dish_1563389446,data/nutrition5k_dataset/imagery/realsense_overhead/dish_1563389446/rgb.png,117.78759765625,173.0,8.123614311218262,10.055328369140625,3.8714559078216553
train,dish_1567801468,data/nutrition5k_dataset/imagery/realsense_overhead/dish_1567801468/rgb.png,86.23999786376953,196.0,4.116000175476074,8.428000450134277,6.271999835968018
train,dish_1558721434,data/nutrition5k_dataset/imagery/realsense_overhead/dish_1558721434/rgb.png,99.9000015258789,350.0,0.777999997138977,22.713001251220703,3.759000062942505
train,dish_1561061687,data/nutrition5k_dataset/imagery/realsense_overhead/dish_1561061687/rgb.png,508.3477478027344,408.0,24.082794189453125,32.99167251586914,41.73387908935547
train,dish_1562785184,data/nutrition5k_dataset/imagery/realsense_overhead/dish_1562785184/rgb.png,290.39794921875,390.0,28.066150665283203,20.020034790039062,33.62685012817383
train,dish_1562686577,data/nutrition5k_dataset/imagery/realsense_overhead/dish_1562686577/rgb.png,556.56396484375,531.0,24.720998764038086,56.03199768066406,29.22100067138672
train,dish_1558725253,data/nutrition5k_dataset/imagery/realsense_overhead/dish_1558725253/rgb.png,33.95000076293945,97.0,0.3880000114440918,6.789999961853027,2.328000068664551
train,dish_1558639630,data/nutrition5k_dataset/imagery/realsense_overhead/dish_1558639630/rgb.png,116.70999908447266,110.0,2.640000104904175,24.200000762939453,3.4100000858306885
train,dish_1561049320,data/nutrition5k_dataset/imagery/realsense_overhead/dish_1561049320/rgb.png,102.78999328613281,19.0,7.980000019073486,0.26600000262260437,7.03000020980835
train,dish_1563219009,data/nutrition5k_dataset/imagery/realsense_overhead/dish_1563219009/rgb.png,388.3597106933594,202.0,19.842056274414062,18.989845275878906,31.875080108642578
train,dish_1563824279,data/nutrition5k_dataset/imagery/realsense_overhead/dish_1563824279/rgb.png,58.599998474121094,79.0,3.8949999809265137,6.138000011444092,0.7609999775886536
train,dish_1562613340,data/nutrition5k_dataset/imagery/realsense_overhead/dish_1562613340/rgb.png,349.3890686035156,189.0,23.076173782348633,14.061036109924316,22.69607925415039
train,dish_1558463113,data/nutrition5k_dataset/imagery/realsense_overhead/dish_1558463113/rgb.png,63.57999801635742,139.0,0.32100000977516174,14.696001052856445,1.7430000305175781
train,dish_1558723123,data/nutrition5k_dataset/imagery/realsense_overhead/dish_1558723123/rgb.png,51.98899841308594,49.0,1.1759999990463257,10.779999732971191,1.5190000534057617
train,dish_1560442303,data/nutrition5k_dataset/imagery/realsense_overhead/dish_1560442303/rgb.png,444.7699890136719,297.0,25.354000091552734,30.082000732421875,24.21700096130371
train,dish_1560802562,data/nutrition5k_dataset/imagery/realsense_overhead/dish_1560802562/rgb.png,8.853206634521484,5.0,0.49063000082969666,0.9661369919776917,0.24794499576091766
train,dish_1563565683,data/nutrition5k_dataset/imagery/realsense_overhead/dish_1563565683/rgb.png,65.7427749633789,63.0,7.585436820983887,2.142220973968506,8.658039093017578
train,dish_1558027243,data/nutrition5k_dataset/imagery/realsense_overhead/dish_1558027243/rgb.png,263.364990234375,163.0,12.797999382019043,24.697999954223633,12.54800033569336
train,dish_1563568003,data/nutrition5k_dataset/imagery/realsense_overhead/dish_1563568003/rgb.png,126.15434265136719,135.0,14.279200553894043,4.327132225036621,15.974245071411133
train,dish_1558640513,data/nutrition5k_dataset/imagery/realsense_overhead/dish_1558640513/rgb.png,153.8459930419922,245.0,1.722000002861023,37.37999725341797,2.513000011444092
train,dish_1562959103,data/nutrition5k_dataset/imagery/realsense_overhead/dish_1562959103/rgb.png,395.01361083984375,255.0,22.101428985595703,43.19499588012695,23.418004989624023
train,dish_1564690167,data/nutrition5k_dataset/imagery/realsense_overhead/dish_1564690167/rgb.png,251.7813720703125,207.0,10.885318756103516,25.878612518310547,15.26602554321289
train,dish_1563393217,data/nutrition5k_dataset/imagery/realsense_overhead/dish_1563393217/rgb.png,49.230003356933594,228.0,0.46766701340675354,9.802667617797852,2.8656671047210693
train,dish_1558638844,data/nutrition5k_dataset/imagery/realsense_overhead/dish_1558638844/rgb.png,80.07999420166016,154.0,0.30799999833106995,21.559999465942383,0.4620000123977661
train,dish_1558458438,data/nutrition5k_dataset/imagery/realsense_overhead/dish_1558458438/rgb.png,3.2200000286102295,14.0,0.0560000017285347,0.5040000081062317,0.4059999883174896
train,dish_1563565805,data/nutrition5k_dataset/imagery/realsense_overhead/dish_1563565805/rgb.png,157.49302673339844,360.0,13.1480712890625,10.194366455078125,14.37550163269043
train,dish_1560441288,data/nutrition5k_dataset/imagery/realsense_overhead/dish_1560441288/rgb.png,165.20001220703125,72.0,10.982999801635742,5.668000221252441,10.454999923706055
train,dish_1560455343,data/nutrition5k_dataset/imagery/realsense_overhead/dish_1560455343/rgb.png,53.94167709350586,41.0,4.908588886260986,2.205773115158081,1.0811259746551514
train,dish_1558639138,data/nutrition5k_dataset/imagery/realsense_overhead/dish_1558639138/rgb.png,22.139999389648438,54.0,0.1080000028014183,5.400000095367432,0.4860000014305115
train,dish_1563913675,data/nutrition5k_dataset/imagery/realsense_overhead/dish_1563913675/rgb.png,282.6931457519531,228.0,12.514250755310059,31.848915100097656,12.170397758483887
train,dish_1565725095,data/nutrition5k_dataset/imagery/realsense_overhead/dish_1565725095/rgb.png,121.72000122070312,257.0,5.133999824523926,19.185001373291016,3.1489999294281006
train,dish_1562180089,data/nutrition5k_dataset/imagery/realsense_overhead/dish_1562180089/rgb.png,851.2987670898438,437.0,57.79667663574219,19.001039505004883,60.673370361328125
train,dish_1558029278,data/nutrition5k_dataset/imagery/realsense_overhead/dish_1558029278/rgb.png,146.0699920654297,27.0,11.339999198913574,0.3779999911785126,9.989999771118164
train,dish_1566328961,data/nutrition5k_dataset/imagery/realsense_overhead/dish_1566328961/rgb.png,605.8178100585938,308.0,24.900571823120117,39.994911193847656,52.08354949951172
train,dish_1558373284,data/nutrition5k_dataset/imagery/realsense_overhead/dish_1558373284/rgb.png,389.39801025390625,113.0,30.849000930786133,4.745999813079834,21.80900001525879
train,dish_1562183175,data/nutrition5k_dataset/imagery/realsense_overhead/dish_1562183175/rgb.png,290.2824401855469,324.0,15.717024803161621,32.91703796386719,7.6152520179748535
train,dish_1565811390,data/nutrition5k_dataset/imagery/realsense_overhead/dish_1565811390/rgb.png,205.09228515625,266.0,7.622344970703125,21.70454978942871,14.384672164916992
train,dish_1562010266,data/nutrition5k_dataset/imagery/realsense_overhead/dish_1562010266/rgb.png,581.0330810546875,284.0,34.78310012817383,8.110198974609375,55.645042419433594
train,dish_1562873155,data/nutrition5k_dataset/imagery/realsense_overhead/dish_1562873155/rgb.png,41.33675003051758,79.0,2.052025079727173,5.391749858856201,1.3864500522613525
train,dish_1567537422,data/nutrition5k_dataset/imagery/realsense_overhead/dish_1567537422/rgb.png,109.31929779052734,203.0,6.2883381843566895,12.188529968261719,3.2673020362854004
train,dish_1565724050,data/nutrition5k_dataset/imagery/realsense_overhead/dish_1565724050/rgb.png,84.72284698486328,72.0,7.98118782043457,3.010693073272705,1.382375955581665
train,dish_1566844850,data/nutrition5k_dataset/imagery/realsense_overhead/dish_1566844850/rgb.png,491.23516845703125,345.0,25.456134796142578,30.581729888916016,35.928123474121094
train,dish_1558116486,data/nutrition5k_dataset/imagery/realsense_overhead/dish_1558116486/rgb.png,39.32999801635742,57.0,0.11400000005960464,10.260000228881836,0.39899998903274536
train,dish_1563294465,data/nutrition5k_dataset/imagery/realsense_overhead/dish_1563294465/rgb.png,116.94999694824219,237.0,0.39100000262260437,30.29399871826172,1.4140000343322754
train,dish_1566835701,data/nutrition5k_dataset/imagery/realsense_overhead/dish_1566835701/rgb.png,370.18682861328125,744.0,2.9657559394836426,28.01824378967285,51.6139030456543
train,dish_1565194752,data/nutrition5k_dataset/imagery/realsense_overhead/dish_1565194752/rgb.png,322.8936462402344,510.0,3.9755120277404785,25.826488494873047,39.08780288696289
train,dish_1561749664,data/nutrition5k_dataset/imagery/realsense_overhead/dish_1561749664/rgb.png,288.19793701171875,162.0,14.621814727783203,6.377819061279297,30.084497451782227
train,dish_1563555100,data/nutrition5k_dataset/imagery/realsense_overhead/dish_1563555100/rgb.png,190.92001342773438,186.0,12.467999458312988,7.711999893188477,11.791999816894531
train,dish_1558381143,data/nutrition5k_dataset/imagery/realsense_overhead/dish_1558381143/rgb.png,182.63800048828125,53.0,14.468999862670898,2.2260000705718994,10.229000091552734
train,dish_1558640979,data/nutrition5k_dataset/imagery/realsense_overhead/dish_1558640979/rgb.png,59.279998779296875,169.0,0.35899999737739563,13.949999809265137,1.6150000095367432
train,dish_1558721980,data/nutrition5k_dataset/imagery/realsense_overhead/dish_1558721980/rgb.png,26.860000610351562,79.0,0.15800000727176666,6.320000171661377,0.6320000290870667
train,dish_1561664013,data/nutrition5k_dataset/imagery/realsense_overhead/dish_1561664013/rgb.png,280.4430236816406,163.0,9.741618156433105,8.592841148376465,37.37092208862305
train,dish_1560456814,data/nutrition5k_dataset/imagery/realsense_overhead/dish_1560456814/rgb.png,318.3333740234375,283.0,23.540922164916992,31.46323013305664,28.81584358215332
train,dish_1562871448,data/nutrition5k_dataset/imagery/realsense_overhead/dish_1562871448/rgb.png,295.8509216308594,276.0,6.43962287902832,48.99283218383789,10.163342475891113
train,dish_1563222800,data/nutrition5k_dataset/imagery/realsense_overhead/dish_1563222800/rgb.png,302.3180847167969,146.0,11.604418754577637,17.92829132080078,30.328044891357422
train,dish_1558637393,data/nutrition5k_dataset/imagery/realsense_overhead/dish_1558637393/rgb.png,739.968017578125,128.0,63.36000061035156,29.055999755859375,28.672000885009766
train,dish_1559240256,data/nutrition5k_dataset/imagery/realsense_overhead/dish_1559240256/rgb.png,18.899999618530273,54.0,0.2160000056028366,3.7799999713897705,1.2960000038146973
train,dish_1559332822,data/nutrition5k_dataset/imagery/realsense_overhead/dish_1559332822/rgb.png,540.5873413085938,408.0,28.622438430786133,15.932929039001465,51.690757751464844
train,dish_1561577177,data/nutrition5k_dataset/imagery/realsense_overhead/dish_1561577177/rgb.png,234.6064453125,156.0,11.785346031188965,24.279521942138672,9.124968528747559
train,dish_1562183065,data/nutrition5k_dataset/imagery/realsense_overhead/dish_1562183065/rgb.png,16.5,75.0,0.22499999403953552,2.4749999046325684,2.325000047683716
train,dish_1562184628,data/nutrition5k_dataset/imagery/realsense_overhead/dish_1562184628/rgb.png,444.010009765625,121.0,32.87999725341797,0.6019999980926514,35.40999984741211
train,dish_1565118029,data/nutrition5k_dataset/imagery/realsense_overhead/dish_1565118029/rgb.png,595.1400146484375,453.0,12.827999114990234,34.51700210571289,81.49200439453125
train,dish_1564588567,data/nutrition5k_dataset/imagery/realsense_overhead/dish_1564588567/rgb.png,450.666015625,312.0,30.10500144958496,5.27400016784668,35.94300079345703
train,dish_1565641943,data/nutrition5k_dataset/imagery/realsense_overhead/dish_1565641943/rgb.png,510.88958740234375,307.0,15.70439338684082,45.6361083984375,44.91828536987305
train,dish_1564590226,data/nutrition5k_dataset/imagery/realsense_overhead/dish_1564590226/rgb.png,220.53585815429688,376.0,3.5542190074920654,46.89277648925781,2.9594879150390625
train,dish_1558381084,data/nutrition5k_dataset/imagery/realsense_overhead/dish_1558381084/rgb.png,36.56999969482422,53.0,0.10599999874830246,9.539999961853027,0.3709999918937683
train,dish_1558379712,data/nutrition5k_dataset/imagery/realsense_overhead/dish_1558379712/rgb.png,687.9390258789062,119.0,58.904998779296875,27.01300048828125,26.6560001373291
train,dish_1559238566,data/nutrition5k_dataset/imagery/realsense_overhead/dish_1559238566/rgb.png,62.130001068115234,109.0,0.3269999921321869,15.260000228881836,0.7630000114440918
train,dish_1567106794,data/nutrition5k_dataset/imagery/realsense_overhead/dish_1567106794/rgb.png,102.3382568359375,48.0,10.138825416564941,1.6957279443740845,2.020698070526123
train,dish_1562959024,data/nutrition5k_dataset/imagery/realsense_overhead/dish_1562959024/rgb.png,319.23358154296875,183.0,19.740428924560547,30.234994888305664,22.257003784179688
train,dish_1559060106,data/nutrition5k_dataset/imagery/realsense_overhead/dish_1559060106/rgb.png,206.3699951171875,195.0,8.642999649047852,23.68000030517578,8.907000541687012
train,dish_1560360112,data/nutrition5k_dataset/imagery/realsense_overhead/dish_1560360112/rgb.png,401.4940185546875,248.0,27.99100112915039,13.674001693725586,23.033000946044922
train,dish_1562963583,data/nutrition5k_dataset/imagery/realsense_overhead/dish_1562963583/rgb.png,138.32000732421875,52.0,5.044000148773193,17.15999984741211,5.71999979019165
train,dish_1560369080,data/nutrition5k_dataset/imagery/realsense_overhead/dish_1560369080/rgb.png,55.05057144165039,49.0,5.116933822631836,2.069474935531616,0.9902340173721313
train,dish_1563812570,data/nutrition5k_dataset/imagery/realsense_overhead/dish_1563812570/rgb.png,369.08428955078125,320.0,17.965579986572266,11.348773956298828,37.6870002746582
train,dish_1561662562,data/nutrition5k_dataset/imagery/realsense_overhead/dish_1561662562/rgb.png,368.4851989746094,289.0,16.33972930908203,34.56824493408203,25.22801971435547
train,dish_1563217736,data/nutrition5k_dataset/imagery/realsense_overhead/dish_1563217736/rgb.png,23.44999885559082,67.0,0.2680000066757202,4.690000057220459,1.6080000400543213
train,dish_1562950018,data/nutrition5k_dataset/imagery/realsense_overhead/dish_1562950018/rgb.png,200.22000122070312,142.0,9.656000137329102,25.560001373291016,2.9820001125335693
train,dish_1563567663,data/nutrition5k_dataset/imagery/realsense_overhead/dish_1563567663/rgb.png,514.112060546875,461.0,46.38005447387695,33.964942932128906,35.66815185546875
train,dish_1560369294,data/nutrition5k_dataset/imagery/realsense_overhead/dish_1560369294/rgb.png,333.63568115234375,342.0,28.54522705078125,15.358673095703125,39.33030700683594
train,dish_1558638924,data/nutrition5k_dataset/imagery/realsense_overhead/dish_1558638924/rgb.png,6.25,25.0,0.07500000298023224,1.25,0.44999998807907104
train,dish_1562774531,data/nutrition5k_dataset/imagery/realsense_overhead/dish_1562774531/rgb.png,379.8240051269531,254.0,23.179000854492188,28.08599853515625,15.39000129699707
train,dish_1565210009,data/nutrition5k_dataset/imagery/realsense_overhead/dish_1565210009/rgb.png,263.81622314453125,290.0,8.292126655578613,35.541316986083984,13.797192573547363
train,dish_1565021640,data/nutrition5k_dataset/imagery/realsense_overhead/dish_1565021640/rgb.png,304.5814514160156,500.0,3.2838048934936523,20.698196411132812,40.79512023925781
train,dish_1560802149,data/nutrition5k_dataset/imagery/realsense_overhead/dish_1560802149/rgb.png,365.5174560546875,249.0,17.394941329956055,10.470455169677734,39.85508346557617
train,dish_1558458847,data/nutrition5k_dataset/imagery/realsense_overhead/dish_1558458847/rgb.png,74.36000061035156,143.0,0.28600001335144043,20.020000457763672,0.42899999022483826
train,dish_1560802730,data/nutrition5k_dataset/imagery/realsense_overhead/dish_1560802730/rgb.png,101.70248413085938,64.0,2.8018059730529785,2.269710063934326,16.082962036132812
train,dish_1562009120,data/nutrition5k_dataset/imagery/realsense_overhead/dish_1562009120/rgb.png,95.61013793945312,146.0,5.2477288246154785,6.257763862609863,9.354046821594238
train,dish_1563910106,data/nutrition5k_dataset/imagery/realsense_overhead/dish_1563910106/rgb.png,101.45796203613281,84.0,7.423244953155518,8.096603393554688,1.5292079448699951
train,dish_1565987081,data/nutrition5k_dataset/imagery/realsense_overhead/dish_1565987081/rgb.png,268.0699768066406,288.0,5.619999885559082,3.803999900817871,48.795997619628906
train,dish_1558550218,data/nutrition5k_dataset/imagery/realsense_overhead/dish_1558550218/rgb.png,230.0019989013672,206.0,11.258000373840332,32.433998107910156,5.6479997634887695
train,dish_1563220058,data/nutrition5k_dataset/imagery/realsense_overhead/dish_1563220058/rgb.png,146.63999938964844,52.0,6.239999771118164,16.639999389648438,6.239999771118164
train,dish_1563305883,data/nutrition5k_dataset/imagery/realsense_overhead/dish_1563305883/rgb.png,83.05250549316406,77.0,7.017996788024902,4.055908203125,2.1474499702453613
train,dish_1558114441,data/nutrition5k_dataset/imagery/realsense_overhead/dish_1558114441/rgb.png,258.45001220703125,75.0,20.475000381469727,3.1500000953674316,14.475000381469727
train,dish_1562789207,data/nutrition5k_dataset/imagery/realsense_overhead/dish_1562789207/rgb.png,146.2449951171875,55.0,5.170000076293945,18.42500114440918,6.159999847412109
train,dish_1566936352,data/nutrition5k_dataset/imagery/realsense_overhead/dish_1566936352/rgb.png,424.2922058105469,368.0,24.17857551574707,23.495166778564453,47.75910568237305
train,dish_1565813386,data/nutrition5k_dataset/imagery/realsense_overhead/dish_1565813386/rgb.png,113.8800048828125,156.0,7.48799991607666,2.9639999866485596,12.479999542236328
train,dish_1558457415,data/nutrition5k_dataset/imagery/realsense_overhead/dish_1558457415/rgb.png,60.79999923706055,80.0,0.0,14.40000057220459,0.800000011920929
train,dish_1560360102,data/nutrition5k_dataset/imagery/realsense_overhead/dish_1560360102/rgb.png,401.4940185546875,248.0,27.99100112915039,13.674001693725586,23.033000946044922
train,dish_1564518454,data/nutrition5k_dataset/imagery/realsense_overhead/dish_1564518454/rgb.png,164.85800170898438,62.0,5.828000068664551,20.770000457763672,6.943999767303467
train,dish_1558633158,data/nutrition5k_dataset/imagery/realsense_overhead/dish_1558633158/rgb.png,34.849998474121094,85.0,0.17000000178813934,8.5,0.7649999856948853
train,dish_1564685482,data/nutrition5k_dataset/imagery/realsense_overhead/dish_1564685482/rgb.png,851.3965454101562,337.0,49.48463821411133,63.40096664428711,40.42977523803711
train,dish_1559934645,data/nutrition5k_dataset/imagery/realsense_overhead/dish_1559934645/rgb.png,24.639999389648438,56.0,1.1759999990463257,2.4079999923706055,1.7920000553131104
train,dish_1558722931,data/nutrition5k_dataset/imagery/realsense_overhead/dish_1558722931/rgb.png,439.35601806640625,76.0,37.619998931884766,17.251998901367188,17.02400016784668
train,dish_1558549086,data/nutrition5k_dataset/imagery/realsense_overhead/dish_1558549086/rgb.png,73.1500015258789,95.0,0.0949999988079071,16.149999618530273,1.899999976158142
train,dish_1558723047,data/nutrition5k_dataset/imagery/realsense_overhead/dish_1558723047/rgb.png,31.6200008392334,93.0,0.1860000044107437,7.440000057220459,0.7440000176429749
train,dish_1558724658,data/nutrition5k_dataset/imagery/realsense_overhead/dish_1558724658/rgb.png,138.36000061035156,364.0,0.8820000290870667,30.880001068115234,7.0279998779296875
train,dish_1559843715,data/nutrition5k_dataset/imagery/realsense_overhead/dish_1559843715/rgb.png,176.1400146484375,334.0,0.5419999957084656,44.45000076293945,2.5510001182556152
train,dish_1565033189,data/nutrition5k_dataset/imagery/realsense_overhead/dish_1565033189/rgb.png,578.0999755859375,507.0,22.564998626708984,17.355998992919922,76.66400146484375
train,dish_1558723960,data/nutrition5k_dataset/imagery/realsense_overhead/dish_1558723960/rgb.png,13.0,52.0,0.15600000321865082,2.5999999046325684,0.9359999895095825
train,dish_1562010440,data/nutrition5k_dataset/imagery/realsense_overhead/dish_1562010440/rgb.png,247.6251678466797,191.0,13.52827262878418,15.163751602172852,16.82430076599121
train,dish_1561060558,data/nutrition5k_dataset/imagery/realsense_overhead/dish_1561060558/rgb.png,194.19900512695312,221.0,6.2129998207092285,27.12700080871582,10.253000259399414
train,dish_1558122583,data/nutrition5k_dataset/imagery/realsense_overhead/dish_1558122583/rgb.png,46.96999740600586,61.0,0.061000000685453415,10.369999885559082,1.2200000286102295
train,dish_1560357267,data/nutrition5k_dataset/imagery/realsense_overhead/dish_1560357267/rgb.png,566.8400268554688,383.0,42.130001068115234,6.127999782562256,38.29999923706055
train,dish_1565383062,data/nutrition5k_dataset/imagery/realsense_overhead/dish_1565383062/rgb.png,362.96002197265625,403.0,18.207000732421875,12.198999404907227,39.654998779296875
train,dish_1559059954,data/nutrition5k_dataset/imagery/realsense_overhead/dish_1559059954/rgb.png,108.19999694824219,20.0,8.399999618530273,0.2800000011920929,7.400000095367432
train,dish_1563811662,data/nutrition5k_dataset/imagery/realsense_overhead/dish_1563811662/rgb.png,245.7337646484375,254.0,15.43449592590332,12.357815742492676,15.536932945251465
train,dish_1558549150,data/nutrition5k_dataset/imagery/realsense_overhead/dish_1558549150/rgb.png,45.540000915527344,66.0,0.13199999928474426,11.880000114440918,0.4620000123977661
train,dish_1563476463,data/nutrition5k_dataset/imagery/realsense_overhead/dish_1563476463/rgb.png,1067.5111083984375,542.0,50.651023864746094,65.623291015625,82.44782257080078
train,dish_1565383128,data/nutrition5k_dataset/imagery/realsense_overhead/dish_1565383128/rgb.png,600.2789306640625,456.0,39.39699935913086,14.008999824523926,50.02299880981445
train,dish_1568318480,data/nutrition5k_dataset/imagery/realsense_overhead/dish_1568318480/rgb.png,1119.280029296875,587.0,67.20800018310547,9.174999237060547,117.90599822998047
train,dish_1562873814,data/nutrition5k_dataset/imagery/realsense_overhead/dish_1562873814/rgb.png,106.58021545410156,134.0,8.689230918884277,6.799563884735107,2.0570240020751953
train,dish_1566488981,data/nutrition5k_dataset/imagery/realsense_overhead/dish_1566488981/rgb.png,279.32830810546875,486.0,2.8975610733032227,22.35544204711914,35.227027893066406
train,dish_1559245654,data/nutrition5k_dataset/imagery/realsense_overhead/dish_1559245654/rgb.png,115.54400634765625,202.0,0.20200000703334808,30.703998565673828,0.8080000281333923
train,dish_1561580406,data/nutrition5k_dataset/imagery/realsense_overhead/dish_1561580406/rgb.png,203.281494140625,171.0,7.524765968322754,17.318660736083984,17.090221405029297
train,dish_1563302420,data/nutrition5k_dataset/imagery/realsense_overhead/dish_1563302420/rgb.png,435.62628173828125,381.0,14.923500061035156,29.277687072753906,45.639102935791016
train,dish_1559843690,data/nutrition5k_dataset/imagery/realsense_overhead/dish_1559843690/rgb.png,61.7400016784668,134.0,0.34200000762939453,14.050000190734863,1.7510000467300415
train,dish_1560367676,data/nutrition5k_dataset/imagery/realsense_overhead/dish_1560367676/rgb.png,430.6212158203125,198.0,25.719104766845703,6.423659801483154,40.699317932128906
train,dish_1567789154,data/nutrition5k_dataset/imagery/realsense_overhead/dish_1567789154/rgb.png,382.5060119628906,111.0,30.30299949645996,4.6620001792907715,21.42300033569336
train,dish_1562788794,data/nutrition5k_dataset/imagery/realsense_overhead/dish_1562788794/rgb.png,465.2244567871094,281.0,23.33841896057129,35.742496490478516,36.52269744873047
train,dish_1563307488,data/nutrition5k_dataset/imagery/realsense_overhead/dish_1563307488/rgb.png,538.03515625,247.0,30.6356143951416,9.611122131347656,50.92829513549805
train,dish_1563823390,data/nutrition5k_dataset/imagery/realsense_overhead/dish_1563823390/rgb.png,670.1702880859375,372.0,35.28541564941406,12.291248321533203,75.57230377197266
train,dish_1560454513,data/nutrition5k_dataset/imagery/realsense_overhead/dish_1560454513/rgb.png,54.44400405883789,62.0,4.520726203918457,3.2938430309295654,0.9954900145530701
train,dish_1558724005,data/nutrition5k_dataset/imagery/realsense_overhead/dish_1558724005/rgb.png,31.6200008392334,93.0,0.1860000044107437,7.440000057220459,0.7440000176429749
train,dish_1558640563,data/nutrition5k_dataset/imagery/realsense_overhead/dish_1558640563/rgb.png,4.139999866485596,23.0,0.04600000008940697,0.8970000147819519,0.2070000022649765
train,dish_1559243974,data/nutrition5k_dataset/imagery/realsense_overhead/dish_1559243974/rgb.png,431.2199401855469,306.0,25.58005142211914,47.433929443359375,12.482894897460938
train,dish_1559841870,data/nutrition5k_dataset/imagery/realsense_overhead/dish_1559841870/rgb.png,114.97200775146484,201.0,0.20100000500679016,30.551998138427734,0.8040000200271606
train,dish_1563391413,data/nutrition5k_dataset/imagery/realsense_overhead/dish_1563391413/rgb.png,227.05677795410156,237.0,14.303797721862793,6.997268199920654,26.228391647338867
train,dish_1565637608,data/nutrition5k_dataset/imagery/realsense_overhead/dish_1565637608/rgb.png,422.2889099121094,278.0,17.309324264526367,22.18926239013672,42.41649627685547
train,dish_1558109907,data/nutrition5k_dataset/imagery/realsense_overhead/dish_1558109907/rgb.png,43.470001220703125,63.0,0.12600000202655792,11.34000015258789,0.4410000145435333
train,dish_1559674689,data/nutrition5k_dataset/imagery/realsense_overhead/dish_1559674689/rgb.png,63.720001220703125,177.0,0.1770000010728836,15.930000305175781,0.8849999904632568
train,dish_1562008813,data/nutrition5k_dataset/imagery/realsense_overhead/dish_1562008813/rgb.png,214.59326171875,225.0,15.571491241455078,15.597977638244629,6.029664039611816
train,dish_1565728684,data/nutrition5k_dataset/imagery/realsense_overhead/dish_1565728684/rgb.png,493.299072265625,464.0,21.302762985229492,44.04003143310547,32.24819564819336
train,dish_1561392543,data/nutrition5k_dataset/imagery/realsense_overhead/dish_1561392543/rgb.png,126.00492858886719,119.0,8.808465957641602,12.171465873718262,0.9585999846458435
train,dish_1564428404,data/nutrition5k_dataset/imagery/realsense_overhead/dish_1564428404/rgb.png,113.75103759765625,104.0,9.808389663696289,6.298834800720215,1.5980340242385864
train,dish_1563827060,data/nutrition5k_dataset/imagery/realsense_overhead/dish_1563827060/rgb.png,146.2449951171875,55.0,5.170000076293945,18.42500114440918,6.159999847412109
train,dish_1568649354,data/nutrition5k_dataset/imagery/realsense_overhead/dish_1568649354/rgb.png,72.8707275390625,129.0,1.6769269704818726,14.40292739868164,1.7401460409164429
train,dish_1561392512,data/nutrition5k_dataset/imagery/realsense_overhead/dish_1561392512/rgb.png,42.75,75.0,0.22499999403953552,10.5,0.5249999761581421
train,dish_1561576978,data/nutrition5k_dataset/imagery/realsense_overhead/dish_1561576978/rgb.png,511.6142272949219,341.0,25.017786026000977,11.015146255493164,58.580055236816406
train,dish_1564428444,data/nutrition5k_dataset/imagery/realsense_overhead/dish_1564428444/rgb.png,157.00103759765625,277.0,10.32738971710205,14.948835372924805,4.712034225463867
train,dish_1561392593,data/nutrition5k_dataset/imagery/realsense_overhead/dish_1561392593/rgb.png,354.044921875,325.0,24.260465621948242,19.139467239379883,16.390600204467773
train,dish_1560356337,data/nutrition5k_dataset/imagery/realsense_overhead/dish_1560356337/rgb.png,144.71693420410156,119.0,3.0976181030273438,27.996530532836914,2.047823905944824
train,dish_1562963517,data/nutrition5k_dataset/imagery/realsense_overhead/dish_1562963517/rgb.png,552.6483764648438,511.0,58.62260055541992,22.39716339111328,58.309627532958984
train,dish_1565378731,data/nutrition5k_dataset/imagery/realsense_overhead/dish_1565378731/rgb.png,154.358154296875,207.0,4.243155002593994,27.44904899597168,4.4223952293396
train,dish_1558373405,data/nutrition5k_dataset/imagery/realsense_overhead/dish_1558373405/rgb.png,13.600000381469727,40.0,0.07999999821186066,3.200000047683716,0.3199999928474426
train,dish_1562611580,data/nutrition5k_dataset/imagery/realsense_overhead/dish_1562611580/rgb.png,141.0,50.0,6.0,16.0,6.0
train,dish_1563205982,data/nutrition5k_dataset/imagery/realsense_overhead/dish_1563205982/rgb.png,316.239501953125,469.0,4.36299991607666,54.79199981689453,16.148998260498047
train,dish_1562096633,data/nutrition5k_dataset/imagery/realsense_overhead/dish_1562096633/rgb.png,288.7032165527344,237.0,18.21854019165039,16.646711349487305,27.162324905395508
train,dish_1563913627,data/nutrition5k_dataset/imagery/realsense_overhead/dish_1563913627/rgb.png,230.33314514160156,109.0,10.015250205993652,26.731916427612305,8.362399101257324
train,dish_1558116090,data/nutrition5k_dataset/imagery/realsense_overhead/dish_1558116090/rgb.png,30.940000534057617,91.0,0.18199999630451202,7.28000020980835,0.7279999852180481
train,dish_1563550976,data/nutrition5k_dataset/imagery/realsense_overhead/dish_1563550976/rgb.png,284.69000244140625,165.0,18.79599952697754,14.418001174926758,13.842000007629395
train,dish_1558725576,data/nutrition5k_dataset/imagery/realsense_overhead/dish_1558725576/rgb.png,19.75,79.0,0.2370000034570694,3.950000047683716,1.4220000505447388
train,dish_1561578188,data/nutrition5k_dataset/imagery/realsense_overhead/dish_1561578188/rgb.png,57.9909782409668,201.0,1.4531760215759277,10.810784339904785,2.8229799270629883
train,dish_1564159520,data/nutrition5k_dataset/imagery/realsense_overhead/dish_1564159520/rgb.png,227.22000122070312,42.0,17.639999389648438,0.5879999995231628,15.539999961853027
train,dish_1566415520,data/nutrition5k_dataset/imagery/realsense_overhead/dish_1566415520/rgb.png,74.82475280761719,143.0,3.7144250869750977,9.759750366210938,2.5096499919891357
train,dish_1566402123,data/nutrition5k_dataset/imagery/realsense_overhead/dish_1566402123/rgb.png,445.1161193847656,657.0,8.590679168701172,38.49162292480469,46.68660354614258
train,dish_1562687299,data/nutrition5k_dataset/imagery/realsense_overhead/dish_1562687299/rgb.png,180.8216094970703,196.0,12.194806098937988,18.467260360717773,1.436126947402954
train,dish_1561148303,data/nutrition5k_dataset/imagery/realsense_overhead/dish_1561148303/rgb.png,119.65499877929688,45.0,4.230000019073486,15.075000762939453,5.039999961853027
train,dish_1568060722,data/nutrition5k_dataset/imagery/realsense_overhead/dish_1568060722/rgb.png,460.5799865722656,359.0,17.00800132751465,12.232999801635742,64.39800262451172
train,dish_1568318408,data/nutrition5k_dataset/imagery/realsense_overhead/dish_1568318408/rgb.png,907.1199951171875,563.0,43.2079963684082,9.174999237060547,117.90599822998047
train,dish_1564086624,data/nutrition5k_dataset/imagery/realsense_overhead/dish_1564086624/rgb.png,217.29299926757812,131.0,6.573999881744385,34.45500183105469,8.030000686645508
train,dish_1561575996,data/nutrition5k_dataset/imagery/realsense_overhead/dish_1561575996/rgb.png,290.9761962890625,128.0,15.850189208984375,17.013612747192383,19.330734252929688
train,dish_1567785130,data/nutrition5k_dataset/imagery/realsense_overhead/dish_1567785130/rgb.png,76.69048309326172,59.0,4.110968112945557,9.080289840698242,1.8880000114440918
train,dish_1561663786,data/nutrition5k_dataset/imagery/realsense_overhead/dish_1561663786/rgb.png,46.683998107910156,44.0,1.055999994277954,9.680000305175781,1.3639999628067017
train,dish_1564516483,data/nutrition5k_dataset/imagery/realsense_overhead/dish_1564516483/rgb.png,364.2340087890625,374.0,21.98766326904297,19.922529220581055,44.5135612487793
train,dish_1558635865,data/nutrition5k_dataset/imagery/realsense_overhead/dish_1558635865/rgb.png,20.159000396728516,19.0,0.4560000002384186,4.179999828338623,0.5889999866485596
train,dish_1558028690,data/nutrition5k_dataset/imagery/realsense_overhead/dish_1558028690/rgb.png,23.760000228881836,66.0,0.06599999964237213,5.940000057220459,0.33000001311302185
train,dish_1562876709,data/nutrition5k_dataset/imagery/realsense_overhead/dish_1562876709/rgb.png,304.3668518066406,186.0,10.964588165283203,32.045166015625,24.279403686523438
train,dish_1563216689,data/nutrition5k_dataset/imagery/realsense_overhead/dish_1563216689/rgb.png,235.2080078125,302.0,5.606514930725098,13.584779739379883,32.91870880126953
train,dish_1564685183,data/nutrition5k_dataset/imagery/realsense_overhead/dish_1564685183/rgb.png,127.10711669921875,150.0,10.841025352478027,7.109584808349609,2.2395989894866943
train,dish_1563479568,data/nutrition5k_dataset/imagery/realsense_overhead/dish_1563479568/rgb.png,83.6735610961914,82.0,5.10973596572876,8.616774559020996,2.3290069103240967
train,dish_1558468589,data/nutrition5k_dataset/imagery/realsense_overhead/dish_1558468589/rgb.png,12.100000381469727,55.0,0.16500000655651093,1.815000057220459,1.7050000429153442
train,dish_1556575700,data/nutrition5k_dataset/imagery/realsense_overhead/dish_1556575700/rgb.png,0.0,86.0,0.0,0.0,0.0
train,dish_1558460138,data/nutrition5k_dataset/imagery/realsense_overhead/dish_1558460138/rgb.png,10.079999923706055,56.0,0.1120000034570694,2.184000015258789,0.5040000081062317
train,dish_1562872981,data/nutrition5k_dataset/imagery/realsense_overhead/dish_1562872981/rgb.png,268.31964111328125,288.0,15.604351997375488,32.49345397949219,20.539215087890625
train,dish_1563984729,data/nutrition5k_dataset/imagery/realsense_overhead/dish_1563984729/rgb.png,495.72003173828125,321.0,33.59000015258789,7.544000148773193,38.97999954223633
train,dish_1563824130,data/nutrition5k_dataset/imagery/realsense_overhead/dish_1563824130/rgb.png,111.3196029663086,202.0,1.123033046722412,21.762622833251953,3.990973949432373
train,dish_1563827425,data/nutrition5k_dataset/imagery/realsense_overhead/dish_1563827425/rgb.png,60.720001220703125,138.0,2.8980000019073486,5.934000015258789,4.415999889373779
train,dish_1562947020,data/nutrition5k_dataset/imagery/realsense_overhead/dish_1562947020/rgb.png,533.1171264648438,333.0,40.11857223510742,5.280428886413574,35.67856979370117
train,dish_1562168399,data/nutrition5k_dataset/imagery/realsense_overhead/dish_1562168399/rgb.png,128.70999145507812,243.0,0.4490000009536743,32.619998931884766,1.4210000038146973
train,dish_1563811412,data/nutrition5k_dataset/imagery/realsense_overhead/dish_1563811412/rgb.png,112.83999633789062,217.0,0.4339999854564667,1.5190000534057617,21.700000762939453
train,dish_1565638323,data/nutrition5k_dataset/imagery/realsense_overhead/dish_1565638323/rgb.png,467.8246765136719,274.0,20.744895935058594,29.24880027770996,38.30215835571289
train,dish_1558462106,data/nutrition5k_dataset/imagery/realsense_overhead/dish_1558462106/rgb.png,25.530000686645508,37.0,0.07400000095367432,6.659999847412109,0.2590000033378601
train,dish_1562790259,data/nutrition5k_dataset/imagery/realsense_overhead/dish_1562790259/rgb.png,518.5917358398438,207.0,43.956382751464844,7.921092987060547,27.413875579833984
train,dish_1568316041,data/nutrition5k_dataset/imagery/realsense_overhead/dish_1568316041/rgb.png,149.1259307861328,149.0,12.696174621582031,4.532040119171143,7.439878940582275
train,dish_1558629677,data/nutrition5k_dataset/imagery/realsense_overhead/dish_1558629677/rgb.png,73.83999633789062,142.0,0.2840000092983246,19.8799991607666,0.4259999990463257
train,dish_1566851222,data/nutrition5k_dataset/imagery/realsense_overhead/dish_1566851222/rgb.png,550.8275146484375,375.0,24.320634841918945,53.7936897277832,29.527210235595703
train,dish_1564082212,data/nutrition5k_dataset/imagery/realsense_overhead/dish_1564082212/rgb.png,707.9412841796875,425.0,23.036888122558594,18.46773910522461,100.63674926757812
train,dish_1560444815,data/nutrition5k_dataset/imagery/realsense_overhead/dish_1560444815/rgb.png,495.1199951171875,571.0,26.717998504638672,40.62799835205078,25.65999984741211
train,dish_1564685450,data/nutrition5k_dataset/imagery/realsense_overhead/dish_1564685450/rgb.png,623.0075073242188,288.0,35.372642517089844,38.99896240234375,37.39177703857422
train,dish_1560444756,data/nutrition5k_dataset/imagery/realsense_overhead/dish_1560444756/rgb.png,150.77999877929688,418.0,0.5879999995231628,38.23999786376953,2.259999990463257
train,dish_1562613376,data/nutrition5k_dataset/imagery/realsense_overhead/dish_1562613376/rgb.png,371.9638977050781,267.0,24.076419830322266,16.677064895629883,23.388559341430664
train,dish_1568405273,data/nutrition5k_dataset/imagery/realsense_overhead/dish_1568405273/rgb.png,386.19976806640625,288.0,21.990467071533203,14.979708671569824,32.07667922973633
train,dish_1562789240,data/nutrition5k_dataset/imagery/realsense_overhead/dish_1562789240/rgb.png,361.55560302734375,154.0,18.029550552368164,21.63683319091797,26.509658813476562
train,dish_1563811515,data/nutrition5k_dataset/imagery/realsense_overhead/dish_1563811515/rgb.png,298.119384765625,491.0,6.7239508628845215,29.811050415039062,27.341779708862305
train,dish_1562873790,data/nutrition5k_dataset/imagery/realsense_overhead/dish_1562873790/rgb.png,75.70845031738281,75.0,7.156704902648926,2.772813081741333,1.0215740203857422
train,dish_1565809080,data/nutrition5k_dataset/imagery/realsense_overhead/dish_1565809080/rgb.png,362.7400207519531,485.0,1.7339999675750732,21.946001052856445,63.159996032714844
train,dish_1558549008,data/nutrition5k_dataset/imagery/realsense_overhead/dish_1558549008/rgb.png,20.700000762939453,115.0,0.23000000417232513,4.485000133514404,1.034999966621399
train,dish_1560541680,data/nutrition5k_dataset/imagery/realsense_overhead/dish_1560541680/rgb.png,95.05257415771484,77.0,9.032268524169922,3.1002509593963623,1.8478840589523315
train,dish_1561480460,data/nutrition5k_dataset/imagery/realsense_overhead/dish_1561480460/rgb.png,285.4020080566406,277.0,14.574999809265137,25.52400016784668,14.547000885009766
train,dish_1564588688,data/nutrition5k_dataset/imagery/realsense_overhead/dish_1564588688/rgb.png,148.17800903320312,43.0,11.73900032043457,1.805999994277954,8.298999786376953
train,dish_1566501352,data/nutrition5k_dataset/imagery/realsense_overhead/dish_1566501352/rgb.png,75.52999877929688,170.0,3.0399999618530273,12.261000633239746,1.5640000104904175
train,dish_1561749016,data/nutrition5k_dataset/imagery/realsense_overhead/dish_1561749016/rgb.png,280.11810302734375,272.0,15.774298667907715,17.08640480041504,17.9009952545166
train,dish_1566846997,data/nutrition5k_dataset/imagery/realsense_overhead/dish_1566846997/rgb.png,343.70965576171875,168.0,20.575923919677734,4.797582149505615,32.91678237915039
train,dish_1562605352,data/nutrition5k_dataset/imagery/realsense_overhead/dish_1562605352/rgb.png,242.06893920898438,195.0,16.78413963317871,6.608414173126221,16.307085037231445
train,dish_1562784307,data/nutrition5k_dataset/imagery/realsense_overhead/dish_1562784307/rgb.png,158.51812744140625,157.0,5.112942218780518,24.925294876098633,5.678116798400879
train,dish_1564429702,data/nutrition5k_dataset/imagery/realsense_overhead/dish_1564429702/rgb.png,39.5,158.0,0.4740000069141388,7.900000095367432,2.8440001010894775
train,dish_1560798960,data/nutrition5k_dataset/imagery/realsense_overhead/dish_1560798960/rgb.png,493.72088623046875,429.0,22.374950408935547,53.315128326416016,24.172990798950195
train,dish_1560367085,data/nutrition5k_dataset/imagery/realsense_overhead/dish_1560367085/rgb.png,77.55999755859375,183.0,2.6689999103546143,10.63599967956543,4.982999801635742
train,dish_1563997386,data/nutrition5k_dataset/imagery/realsense_overhead/dish_1563997386/rgb.png,215.88491821289062,238.0,15.762681007385254,18.095462799072266,4.212677001953125
train,dish_1562787817,data/nutrition5k_dataset/imagery/realsense_overhead/dish_1562787817/rgb.png,348.8980712890625,184.0,20.615570068359375,16.096538543701172,24.512393951416016
train,dish_1563305653,data/nutrition5k_dataset/imagery/realsense_overhead/dish_1563305653/rgb.png,25.739999771118164,117.0,0.35100001096725464,3.8610000610351562,3.627000093460083
train,dish_1564685406,data/nutrition5k_dataset/imagery/realsense_overhead/dish_1564685406/rgb.png,367.64739990234375,192.0,26.06064224243164,7.318961143493652,26.831777572631836
train,dish_1558379391,data/nutrition5k_dataset/imagery/realsense_overhead/dish_1558379391/rgb.png,604.0620727539062,223.0,45.939998626708984,28.863998413085938,26.03700065612793
train,dish_1560368972,data/nutrition5k_dataset/imagery/realsense_overhead/dish_1560368972/rgb.png,196.84042358398438,107.0,8.696032524108887,13.621220588684082,14.673439979553223
train,dish_1560455442,data/nutrition5k_dataset/imagery/realsense_overhead/dish_1560455442/rgb.png,457.57891845703125,293.0,24.77753448486328,49.607749938964844,23.515823364257812
train,dish_1564170173,data/nutrition5k_dataset/imagery/realsense_overhead/dish_1564170173/rgb.png,79.8800048828125,176.0,3.677000045776367,11.610000610351562,2.0950000286102295
train,dish_1560360148,data/nutrition5k_dataset/imagery/realsense_overhead/dish_1560360148/rgb.png,587.7940063476562,317.0,33.5109977722168,41.48100280761719,29.46379852294922
train,dish_1559593722,data/nutrition5k_dataset/imagery/realsense_overhead/dish_1559593722/rgb.png,140.56292724609375,106.0,12.200333595275879,6.836886882781982,2.779167890548706
train,dish_1559934679,data/nutrition5k_dataset/imagery/realsense_overhead/dish_1559934679/rgb.png,160.845458984375,146.0,7.257576942443848,4.518153190612793,18.9010009765625
train,dish_1566835603,data/nutrition5k_dataset/imagery/realsense_overhead/dish_1566835603/rgb.png,63.16682815551758,66.0,1.6097559928894043,11.59024429321289,0.6439020037651062
train,dish_1558721533,data/nutrition5k_dataset/imagery/realsense_overhead/dish_1558721533/rgb.png,18.700000762939453,55.0,0.10999999940395355,4.400000095367432,0.4399999976158142
train,dish_1559841091,data/nutrition5k_dataset/imagery/realsense_overhead/dish_1559841091/rgb.png,163.42349243164062,166.0,4.932000160217285,22.135000228881836,8.053000450134277
train,dish_1558630450,data/nutrition5k_dataset/imagery/realsense_overhead/dish_1558630450/rgb.png,86.25,125.0,0.25,22.5,0.875
train,dish_1561392570,data/nutrition5k_dataset/imagery/realsense_overhead/dish_1561392570/rgb.png,149.80491638183594,187.0,9.080466270446777,16.93146514892578,2.59060001373291
train,dish_1561663068,data/nutrition5k_dataset/imagery/realsense_overhead/dish_1561663068/rgb.png,332.8927917480469,168.0,15.890169143676758,35.71599197387695,12.027848243713379
train,dish_1562700685,data/nutrition5k_dataset/imagery/realsense_overhead/dish_1562700685/rgb.png,24.200000762939453,110.0,0.33000001311302185,3.630000114440918,3.4100000858306885
train,dish_1565726915,data/nutrition5k_dataset/imagery/realsense_overhead/dish_1565726915/rgb.png,196.87950134277344,251.0,12.527685165405273,18.61024284362793,4.3694891929626465
train,dish_1565640549,data/nutrition5k_dataset/imagery/realsense_overhead/dish_1565640549/rgb.png,45.48290252685547,139.0,1.5684709548950195,7.043886184692383,2.6414780616760254
train,dish_1558723414,data/nutrition5k_dataset/imagery/realsense_overhead/dish_1558723414/rgb.png,51.98899841308594,49.0,1.1759999990463257,10.779999732971191,1.5190000534057617
train,dish_1565725188,data/nutrition5k_dataset/imagery/realsense_overhead/dish_1565725188/rgb.png,543.1170043945312,521.0,17.928001403808594,25.10700035095215,69.79899597167969
train,dish_1561407249,data/nutrition5k_dataset/imagery/realsense_overhead/dish_1561407249/rgb.png,73.87916564941406,56.0,3.4862899780273438,2.5281078815460205,7.99298095703125
train,dish_1563216659,data/nutrition5k_dataset/imagery/realsense_overhead/dish_1563216659/rgb.png,190.05799865722656,173.0,5.090516090393066,4.554781913757324,29.822711944580078
train,dish_1565984345,data/nutrition5k_dataset/imagery/realsense_overhead/dish_1565984345/rgb.png,210.35792541503906,353.0,9.083898544311523,20.6630859375,14.688021659851074
train,dish_1568056258,data/nutrition5k_dataset/imagery/realsense_overhead/dish_1568056258/rgb.png,506.35797119140625,485.0,13.479999542236328,16.415000915527344,77.39300537109375
train,dish_1563391681,data/nutrition5k_dataset/imagery/realsense_overhead/dish_1563391681/rgb.png,154.31716918945312,143.0,16.66427230834961,5.759965896606445,16.28444480895996
train,dish_1561752970,data/nutrition5k_dataset/imagery/realsense_overhead/dish_1561752970/rgb.png,642.2918701171875,299.0,32.43062973022461,31.76981544494629,55.24609375
train,dish_1568319769,data/nutrition5k_dataset/imagery/realsense_overhead/dish_1568319769/rgb.png,356.3572998046875,151.0,20.43364906311035,32.60128402709961,10.701417922973633
train,dish_1558029230,data/nutrition5k_dataset/imagery/realsense_overhead/dish_1558029230/rgb.png,88.54999542236328,115.0,0.11500000208616257,19.55000114440918,2.299999952316284
train,dish_1562096907,data/nutrition5k_dataset/imagery/realsense_overhead/dish_1562096907/rgb.png,297.77960205078125,266.0,31.159481048583984,13.237984657287598,38.05685806274414
train,dish_1558637214,data/nutrition5k_dataset/imagery/realsense_overhead/dish_1558637214/rgb.png,11.039999961853027,16.0,0.03200000151991844,2.880000114440918,0.1120000034570694
train,dish_1558718974,data/nutrition5k_dataset/imagery/realsense_overhead/dish_1558718974/rgb.png,422.01300048828125,73.0,36.13500213623047,16.570999145507812,16.352001190185547
train,dish_1559751801,data/nutrition5k_dataset/imagery/realsense_overhead/dish_1559751801/rgb.png,451.635986328125,343.0,22.040000915527344,32.77799987792969,29.22800064086914
train,dish_1558722685,data/nutrition5k_dataset/imagery/realsense_overhead/dish_1558722685/rgb.png,25.84000015258789,76.0,0.15199999511241913,6.079999923706055,0.6079999804496765
train,dish_1563898813,data/nutrition5k_dataset/imagery/realsense_overhead/dish_1563898813/rgb.png,626.5084838867188,382.0,47.43022918701172,11.959503173828125,37.69603729248047
train,dish_1565987015,data/nutrition5k_dataset/imagery/realsense_overhead/dish_1565987015/rgb.png,14.720000267028809,64.0,0.25600001215934753,2.303999900817871,1.8559999465942383
train,dish_1568060746,data/nutrition5k_dataset/imagery/realsense_overhead/dish_1568060746/rgb.png,778.8199462890625,395.0,53.007999420166016,12.232999801635742,64.39800262451172
train,dish_1568315088,data/nutrition5k_dataset/imagery/realsense_overhead/dish_1568315088/rgb.png,582.370361328125,423.0,34.555084228515625,28.770143508911133,41.30220031738281
train,dish_1558723449,data/nutrition5k_dataset/imagery/realsense_overhead/dish_1558723449/rgb.png,74.36000061035156,143.0,0.28600001335144043,20.020000457763672,0.42899999022483826
train,dish_1559678405,data/nutrition5k_dataset/imagery/realsense_overhead/dish_1559678405/rgb.png,552.3460693359375,386.0,37.10822296142578,14.894657135009766,39.69242477416992
train,dish_1559700851,data/nutrition5k_dataset/imagery/realsense_overhead/dish_1559700851/rgb.png,61.08988571166992,54.0,5.827236175537109,1.8970589637756348,1.1516469717025757
train,dish_1559149688,data/nutrition5k_dataset/imagery/realsense_overhead/dish_1559149688/rgb.png,281.4549865722656,181.0,19.0049991607666,2.171999931335449,22.625
train,dish_1563813308,data/nutrition5k_dataset/imagery/realsense_overhead/dish_1563813308/rgb.png,224.98289489746094,76.0,16.44619369506836,3.901660919189453,15.332276344299316
train,dish_1563824065,data/nutrition5k_dataset/imagery/realsense_overhead/dish_1563824065/rgb.png,15.510000228881836,66.0,0.24199999868869781,2.881999969482422,0.9679999947547913
train,dish_1566590536,data/nutrition5k_dataset/imagery/realsense_overhead/dish_1566590536/rgb.png,25.070756912231445,51.0,0.6033899784088135,5.030649185180664,0.4531239867210388
train,dish_1558642021,data/nutrition5k_dataset/imagery/realsense_overhead/dish_1558642021/rgb.png,228.89999389648438,421.0,3.316999912261963,52.48800277709961,5.78000020980835
train,dish_1559843492,data/nutrition5k_dataset/imagery/realsense_overhead/dish_1559843492/rgb.png,31.71000099182129,95.0,0.30300000309944153,7.420000076293945,0.9710000157356262
train,dish_1558638983,data/nutrition5k_dataset/imagery/realsense_overhead/dish_1558638983/rgb.png,59.41600036621094,56.0,1.343999981880188,12.319999694824219,1.7359999418258667
train,dish_1560874726,data/nutrition5k_dataset/imagery/realsense_overhead/dish_1560874726/rgb.png,177.49200439453125,145.0,4.960000038146973,28.46200180053711,5.565999984741211
train,dish_1562170331,data/nutrition5k_dataset/imagery/realsense_overhead/dish_1562170331/rgb.png,263.83001708984375,400.0,5.293000221252441,54.53799819946289,3.4760000705718994
train,dish_1565036788,data/nutrition5k_dataset/imagery/realsense_overhead/dish_1565036788/rgb.png,186.12998962402344,70.0,6.579999923706055,23.450000762939453,7.840000152587891
train,dish_1559240089,data/nutrition5k_dataset/imagery/realsense_overhead/dish_1559240089/rgb.png,202.82150268554688,385.0,0.9698839783668518,51.54256820678711,2.4437780380249023
train,dish_1560543525,data/nutrition5k_dataset/imagery/realsense_overhead/dish_1560543525/rgb.png,83.43000030517578,187.0,3.88700008392334,10.7160005569458,3.249000072479248
train,dish_1562777000,data/nutrition5k_dataset/imagery/realsense_overhead/dish_1562777000/rgb.png,195.36000061035156,132.0,14.520000457763672,2.111999988555908,13.199999809265137
train,dish_1560799590,data/nutrition5k_dataset/imagery/realsense_overhead/dish_1560799590/rgb.png,298.0193786621094,163.0,16.460996627807617,28.491785049438477,9.947558403015137
train,dish_1561060503,data/nutrition5k_dataset/imagery/realsense_overhead/dish_1561060503/rgb.png,145.30899047851562,138.0,3.9839999675750732,22.7810001373291,5.4070000648498535
train,dish_1562691466,data/nutrition5k_dataset/imagery/realsense_overhead/dish_1562691466/rgb.png,319.8709716796875,267.0,15.903902053833008,27.77790069580078,17.012195587158203
train,dish_1562689645,data/nutrition5k_dataset/imagery/realsense_overhead/dish_1562689645/rgb.png,302.43170166015625,169.0,22.386829376220703,4.59483003616333,20.00634002685547
train,dish_1565797699,data/nutrition5k_dataset/imagery/realsense_overhead/dish_1565797699/rgb.png,128.92886352539062,171.0,5.0437421798706055,20.419321060180664,2.8519999980926514
train,dish_1558380464,data/nutrition5k_dataset/imagery/realsense_overhead/dish_1558380464/rgb.png,277.4880065917969,48.0,23.760000228881836,10.895999908447266,10.75200080871582
train,dish_1558638137,data/nutrition5k_dataset/imagery/realsense_overhead/dish_1558638137/rgb.png,60.839996337890625,117.0,0.23399999737739563,16.3799991607666,0.35100001096725464
train,dish_1561663035,data/nutrition5k_dataset/imagery/realsense_overhead/dish_1561663035/rgb.png,263.2409973144531,99.0,9.305999755859375,33.165000915527344,11.088000297546387
train,dish_1563218987,data/nutrition5k_dataset/imagery/realsense_overhead/dish_1563218987/rgb.png,383.5596618652344,172.0,19.78205680847168,17.969844818115234,31.66507911682129
train,dish_1563221602,data/nutrition5k_dataset/imagery/realsense_overhead/dish_1563221602/rgb.png,447.89361572265625,306.0,19.033884048461914,36.09897994995117,33.67607498168945
train,dish_1565023157,data/nutrition5k_dataset/imagery/realsense_overhead/dish_1565023157/rgb.png,379.03485107421875,260.0,27.309677124023438,8.572903633117676,23.82400131225586
train,dish_1562790295,data/nutrition5k_dataset/imagery/realsense_overhead/dish_1562790295/rgb.png,538.7097778320312,268.0,44.67403030395508,11.44952392578125,28.01191520690918
train,dish_1560366963,data/nutrition5k_dataset/imagery/realsense_overhead/dish_1560366963/rgb.png,7.559999942779541,42.0,0.08399999886751175,1.6380000114440918,0.3779999911785126
train,dish_1559332487,data/nutrition5k_dataset/imagery/realsense_overhead/dish_1559332487/rgb.png,19.110000610351562,98.0,0.4410000145435333,3.822000026702881,0.8330000042915344
train,dish_1565382969,data/nutrition5k_dataset/imagery/realsense_overhead/dish_1565382969/rgb.png,13.110000610351562,57.0,0.2280000001192093,2.052000045776367,1.652999997138977
train,dish_1565987142,data/nutrition5k_dataset/imagery/realsense_overhead/dish_1565987142/rgb.png,518.322998046875,426.0,25.57699966430664,11.888999938964844,60.80400085449219
train,dish_1558028007,data/nutrition5k_dataset/imagery/realsense_overhead/dish_1558028007/rgb.png,54.66999816894531,71.0,0.07100000232458115,12.069999694824219,1.4199999570846558
train,dish_1558633221,data/nutrition5k_dataset/imagery/realsense_overhead/dish_1558633221/rgb.png,176.87899780273438,449.0,1.4170000553131104,42.9010009765625,4.438000202178955
train,dish_1564590115,data/nutrition5k_dataset/imagery/realsense_overhead/dish_1564590115/rgb.png,115.80584716796875,121.0,2.951219081878662,21.248781204223633,1.1804879903793335
train,dish_1563393403,data/nutrition5k_dataset/imagery/realsense_overhead/dish_1563393403/rgb.png,103.15463256835938,216.0,7.4399518966674805,10.21916675567627,10.35400104522705
train,dish_1565726887,data/nutrition5k_dataset/imagery/realsense_overhead/dish_1565726887/rgb.png,174.0153045654297,172.0,11.51461410522461,15.960674285888672,3.668133020401001
train,dish_1558641358,data/nutrition5k_dataset/imagery/realsense_overhead/dish_1558641358/rgb.png,24.25,97.0,0.29100000858306885,4.849999904632568,1.746000051498413
train,dish_1567022180,data/nutrition5k_dataset/imagery/realsense_overhead/dish_1567022180/rgb.png,48.86000061035156,162.0,0.3240000009536743,11.145999908447266,2.052000045776367
train,dish_1560887435,data/nutrition5k_dataset/imagery/realsense_overhead/dish_1560887435/rgb.png,364.529052734375,171.0,13.398107528686523,44.36771774291992,16.457801818847656
train,dish_1563205953,data/nutrition5k_dataset/imagery/realsense_overhead/dish_1563205953/rgb.png,218.76950073242188,298.0,3.8499999046325684,30.851999282836914,14.95199966430664
train,dish_1565711270,data/nutrition5k_dataset/imagery/realsense_overhead/dish_1565711270/rgb.png,31.6200008392334,93.0,0.1860000044107437,7.440000057220459,0.7440000176429749
train,dish_1565984434,data/nutrition5k_dataset/imagery/realsense_overhead/dish_1565984434/rgb.png,319.8923034667969,430.0,12.747005462646484,36.36211395263672,17.97734260559082
train,dish_1563823423,data/nutrition5k_dataset/imagery/realsense_overhead/dish_1563823423/rgb.png,700.5303955078125,441.0,36.73441696166992,15.258248329162598,77.7802963256836
train,dish_1558549214,data/nutrition5k_dataset/imagery/realsense_overhead/dish_1558549214/rgb.png,239.19000244140625,361.0,0.722000002861023,53.875003814697266,5.711999893188477
