catalog_id,recipe_name,style,meal_type,dish_type,image_path,total_calories,total_mass,total_fat,total_carb,total_protein
catalog_0,Steak Frites with Rosemary Duck Fat Fries,french,"[""lunch/dinner""]",['main course'],data/catalog/images/catalog_0/rgb.png,257.09800000029276,47.36853893826162,25.3036400000038,8.56202000007466,1.6333000000121327
catalog_1,Basil Noodles Recipe 5,asian,"[""lunch/dinner""]",['main course'],data/catalog/images/catalog_1/rgb.png,204.49125,77.11672798824999,3.1418625,35.9811,6.978
catalog_2,Slow Cooker Breakfast Casserole recipes,italian,"[""breakfast""]",['main course'],data/catalog/images/catalog_2/rgb.png,1040.5811789722222,633.804434861111,75.4417985325139,38.74049519543055,50.64688466368055
catalog_3,Recipe: Carla Hall’s Salmon Patties,nordic,"[""lunch/dinner""]",['main course'],data/catalog/images/catalog_3/rgb.png,212.36129916434166,88.54520423289769,15.175622403461796,2.146626225039203,15.818564216568225
catalog_4,Classic Slaw recipes,american,"[""lunch/dinner""]",['salad'],data/catalog/images/catalog_4/rgb.png,474.358941419993,292.82037635204927,44.1867784567361,18.33419818051791,3.9599150749999423
catalog_5,Cucumber Dill Salsa Cruda,mexican,"[""lunch/dinner""]",['salad'],data/catalog/images/catalog_5/rgb.png,45.5056875,195.35096246842784,0.45472,11.60379875,1.90884625
catalog_6,Quick Lemon Balsamic Basil Chicken Pasta recipes,italian,"[""lunch/dinner""]",['main course'],data/catalog/images/catalog_6/rgb.png,226.2220000001815,143.0154513890597,3.648066666666667,29.913816666715864,17.941528750000185
catalog_7,Lime and Cilantro Cauliflower with Avocado,american,"[""lunch/dinner""]",['main course'],data/catalog/images/catalog_7/rgb.png,207.96400000000003,215.35416666666666,13.632690000000002,11.617393749999998,12.6945
catalog_8,Chicken Ham & Swiss Waffles (low carb) recipes,french,"[""breakfast""]",['main course'],data/catalog/images/catalog_8/rgb.png,123.98596073125,49.57956828125,9.055342633750003,0.833053953609375,9.4893177096875
catalog_9,Cloud Eggs on Toast,american,"[""breakfast""]",['starter'],data/catalog/images/catalog_9/rgb.png,181.86978515781774,86.669921875389,8.622783984504546,14.393476367200606,11.159412109464085
catalog_10,Kicked-Up Western Mac,american,"[""lunch/dinner""]",['main course'],data/catalog/images/catalog_10/rgb.png,597.9324913820313,228.184221484375,29.20486637509375,55.46715221590625,29.0217732176797
catalog_11,Chipped Beef Log Recipe,american,"[""snack""]",['main course'],data/catalog/images/catalog_11/rgb.png,168.10155908203126,56.6915616015625,15.945435661972663,2.884243497671875,4.421469733125002
catalog_12,Tony's Stuffed Mushrooms,french,"[""lunch/dinner""]",['main course'],data/catalog/images/catalog_12/rgb.png,500.794326003125,297.6699928125,45.5831982326875,9.3014785373125,17.49732567275
catalog_13,Arugula Salad with Bacon and Butternut Squash,american,"[""lunch/dinner""]",['salad'],data/catalog/images/catalog_13/rgb.png,243.2306160509601,171.8870231251426,19.10953437947257,7.561037500018687,12.17277427814454
catalog_14,Green Bean and Butternut Casserole,south east asian,"[""lunch/dinner""]",['main course'],data/catalog/images/catalog_14/rgb.png,156.74889745001053,136.06296444444772,10.665777653722412,13.76428240650228,4.56555242294479
catalog_15,Green Beans With Sesame,chinese,"[""lunch/dinner""]",['main course'],data/catalog/images/catalog_15/rgb.png,85.068408675,128.14809250000002,4.7815758035,9.35124704725,3.52288509275
catalog_16,Grilled Peppers and Zucchini Recipe 3,mediterranean,"[""lunch/dinner""]",['main course'],data/catalog/images/catalog_16/rgb.png,57.203,163.70000000000002,3.34758,6.3549,1.98206
catalog_17,White Asparagus Soup,central europe,"[""lunch/dinner""]",['soup'],data/catalog/images/catalog_17/rgb.png,428.8510789990383,174.6236167347805,37.62031014066407,20.866845659131766,4.676063689972792
catalog_18,Stir Fried Broccoli Recipe,chinese,"[""lunch/dinner""]",['main course'],data/catalog/images/catalog_18/rgb.png,169.3035,313.55,8.1248,21.2356,8.5728
catalog_19,South African “Slap” Chips (French Fries),french,"[""lunch/dinner""]",['main course'],data/catalog/images/catalog_19/rgb.png,787.3990336809975,487.192508680939,63.74281340282778,44.40835555555555,5.242048888888887
catalog_20,Black Eyed Pea and Leek Salad,south american,"[""lunch/dinner""]",['salad'],data/catalog/images/catalog_20/rgb.png,400.1957167484375,448.146825052114,17.581257173203124,44.83754737375,18.811472319968754
catalog_21,Easy Avocado Taco Salad,mexican,"[""lunch/dinner""]",['salad'],data/catalog/images/catalog_21/rgb.png,871.294033021875,715.9247615625,59.53430680853125,41.470685419375,50.44153812221875
catalog_22,Sticks' Egg White and Salsa Eggs,mexican,"[""breakfast""]",['main course'],data/catalog/images/catalog_22/rgb.png,177.47,447.5,0.7831000000000001,13.30395,29.1186
catalog_23,Tracie's Couscous Salad,middle eastern,"[""lunch/dinner""]",['salad'],data/catalog/images/catalog_23/rgb.png,383.2764325000001,278.5672789841323,14.16181995,53.84629666666668,12.664585500000001
catalog_24,Maple Kale Crisps Recipe,american,"[""snack""]",['main course'],data/catalog/images/catalog_24/rgb.png,48.94833333333333,42.62295303264605,2.7531499999999998,5.9473666666666665,0.9808666666666667
catalog_25,Shrimp Scampi Sweet Potato Noodles with Kale and Walnuts,asian,"[""lunch/dinner""]",['main course'],data/catalog/images/catalog_25/rgb.png,240.2867119583333,226.675177489876,7.217063605083333,19.46295,26.102883259166674
catalog_26,Fusilli with Blue Cheese and Toasted Walnuts,american,"[""lunch/dinner""]",['main course'],data/catalog/images/catalog_26/rgb.png,794.3058513227105,281.6901718693215,31.0138251161158,99.88483004341725,30.3473705316037
catalog_27,Lentil patties,nordic,"[""lunch/dinner""]",['main course'],data/catalog/images/catalog_27/rgb.png,44.93929166666667,33.75,0.29548,8.6980475,2.0272245833333336
catalog_28,Apple Carrot Pineapple Salad,american,"[""lunch/dinner""]",['salad'],data/catalog/images/catalog_28/rgb.png,90.1919999998643,178.22499999994506,0.7770712499993185,21.728187499955716,1.280827499997808
catalog_29,Fresh summer salad,south american,"[""lunch/dinner""]",['salad'],data/catalog/images/catalog_29/rgb.png,203.5395,610.35,3.24694,42.59978,6.36697
catalog_30,Avocado Tomato Salad with Cucumbers,american,"[""lunch/dinner""]",['salad'],data/catalog/images/catalog_30/rgb.png,339.877875,330.233680555576,30.045439166666668,20.01480833333333,4.3995500000000005
catalog_31,Yummy Mustard Chicken,american,"[""lunch/dinner""]",['main course'],data/catalog/images/catalog_31/rgb.png,258.7697176218106,127.852686901901,17.009864810624986,8.746634577328315,16.97369210468745
catalog_32,Schuster's German Potato Salad,central europe,"[""lunch/dinner""]",['salad'],data/catalog/images/catalog_32/rgb.png,381.1682198832475,326.04618499997747,14.489861244583325,53.1642853124794,10.275314384583275
catalog_33,Clean Eating Coconut Cauliflower Chicken With Green Onions recipes,mediterranean,"[""lunch/dinner""]",['main course'],data/catalog/images/catalog_33/rgb.png,249.7167927161458,364.85070932291677,10.601765257541668,11.254151144270832,25.6227744609375
catalog_34,1. Pesto Marinara Crockpot Chicken recipes,italian,"[""lunch/dinner""]",['main course'],data/catalog/images/catalog_34/rgb.png,830.4556746576545,864.4661778125,34.27695300916748,39.21457342284655,85.83691544121878
catalog_35,Chicken Packets,south american,"[""lunch/dinner""]",['main course'],data/catalog/images/catalog_35/rgb.png,485.454449,628.2198899975565,12.25030874,17.775286,64.3668796
catalog_36,Oven Roasted Vegetables,mediterranean,"[""lunch/dinner""]",['main course'],data/catalog/images/catalog_36/rgb.png,265.1195903240742,423.31613310187254,5.343172995486111,51.095085403587966,6.231441942476859
catalog_37,Spaghetti Salad,italian,"[""lunch/dinner""]",['salad'],data/catalog/images/catalog_37/rgb.png,272.2364552900914,106.8988555000298,10.04096413270224,39.636240363019525,6.481157360302854
catalog_38,Lettuce Wrap w. Cottage Cheese and Kidney Beans,american,"[""lunch/dinner""]",['salad'],data/catalog/images/catalog_38/rgb.png,916.528,475.4,15.24205,138.7803,62.46652
catalog_39,Orange Romaine Salad,eastern europe,"[""lunch/dinner""]",['salad'],data/catalog/images/catalog_39/rgb.png,235.93634375313863,181.603125000355,21.36066812535505,11.473321875,1.74039375
catalog_40,Jack-o'-lantern Quesadillas,american,"[""lunch/dinner""]",['main course'],data/catalog/images/catalog_40/rgb.png,578.4933333361232,168.66666666698225,32.09306666698226,48.762799999999984,24.0198
catalog_41,Warm Roasted Root Vegetable and Chicken Salad #RSC,american,"[""lunch/dinner""]",['main course'],data/catalog/images/catalog_41/rgb.png,593.3178091025045,587.5919432277492,25.22152778231185,67.64139762103157,28.157249568149776
catalog_42,Easy Layered Creamed Spinach,american,"[""lunch/dinner""]",['main course'],data/catalog/images/catalog_42/rgb.png,283.939419558289,183.24985289921875,17.07103309365516,7.824774936046875,23.916562459487498
catalog_43,Buttermilk Baked Tomatoes,american,"[""lunch/dinner""]",['main course'],data/catalog/images/catalog_43/rgb.png,48.03320825260419,109.31447187298654,1.9421040988020835,4.575809052083334,3.6494804104166665
catalog_44,Stuffed Cabbage With Sauerkraut and Pork Chops,central europe,"[""lunch/dinner""]",['main course'],data/catalog/images/catalog_44/rgb.png,681.0499319563834,594.5788520856864,37.324054017393,28.8103249612,57.341531954720004
catalog_45,Summer Orzo Salad,italian,"[""lunch/dinner""]",['salad'],data/catalog/images/catalog_45/rgb.png,469.504824918586,263.0915474007812,17.827369507607187,65.46981087100353,13.975423376038675
catalog_46,Glazed Salmon With Mint and Cucumber Slaw,nordic,"[""lunch/dinner""]",['main course'],data/catalog/images/catalog_46/rgb.png,484.4320173491265,316.5966179164675,26.734687634166676,23.291660416441204,36.00796213833305
catalog_47,Balsamic Roasted Brussels Sprouts with Pomegranate // Cavolini di Bruxelles arrostiti all'aceto balsamico con melagrana,italian,"[""lunch/dinner""]",['main course'],data/catalog/images/catalog_47/rgb.png,113.6076895,153.4369717972835,5.12388027,15.670128,4.619455799999999
catalog_48,Strawberry Balsamic Salad,american,"[""lunch/dinner""]",['salad'],data/catalog/images/catalog_48/rgb.png,78.07457875,184.426625,0.473982975,17.44539,1.2319565
catalog_49,Balsamic Pork Chops,american,"[""lunch/dinner""]",['main course'],data/catalog/images/catalog_49/rgb.png,148.34963554275004,116.173569375,8.462692148175002,3.012375,13.464638170162502
catalog_50,Sage Breakfast Patties Recipe,american,"[""breakfast""]",['main course'],data/catalog/images/catalog_50/rgb.png,71.93406523061867,38.55580073761294,4.64852477381738,0.3027268518640148,7.148283221576199
catalog_51,Twice-Baked Potatoes for the Freezer,american,"[""lunch/dinner""]",['starter'],data/catalog/images/catalog_51/rgb.png,225.03615073337969,241.3688933333518,5.053043906333936,41.479214485011816,5.178990859001921
catalog_52,Peanut Butter Breakfast Quinoa recipes,american,"[""breakfast""]",['main course'],data/catalog/images/catalog_52/rgb.png,107.65,91.125,4.2416875,13.526874999999997,4.65775
catalog_53,Midwest Macaroni & Cheese,american,"[""lunch/dinner""]",['main course'],data/catalog/images/catalog_53/rgb.png,245.8741804109375,96.16142703125,11.854508097828125,22.26296581678125,12.325237588124999
catalog_54,Emoji Pizza,italian,"[""lunch/dinner""]",['main course'],data/catalog/images/catalog_54/rgb.png,221.15999999999997,88.25,11.967125,17.64995,11.48085
catalog_55,Muffuletta,italian,"[""lunch/dinner""]",['main course'],data/catalog/images/catalog_55/rgb.png,263.781419028125,80.69904625,17.1472048503125,12.48720421184375,14.2621782890625
catalog_56,Serious Salsa: Watermelon Pico de Gallo Recipe,mexican,"[""lunch/dinner""]",['salad'],data/catalog/images/catalog_56/rgb.png,108.321274,227.2330009900825,2.7954032400000006,16.966436,6.1057696
catalog_57,Goat Cheese and Mango Quesadillas,mexican,"[""lunch/dinner""]",['main course'],data/catalog/images/catalog_57/rgb.png,180.47970385833338,110.21642822916668,5.9903413563541665,26.539591666666663,6.0747558890625015
catalog_58,Festive Goat Cheese,mediterranean,"[""snack""]",['starter'],data/catalog/images/catalog_58/rgb.png,439.2672454496095,143.9980924998732,30.98592064249862,17.951323124895005,23.280522737499783
catalog_59,Portobello Mushroom with Goat Cheese (BC),mediterranean,"[""lunch/dinner""]",['main course'],data/catalog/images/catalog_59/rgb.png,169.14,207.5,12.473,6.5016,10.0198
catalog_60,Creepy Halloween Pumpkin Treats In Just 3 Steps!,american,"[""snack""]","['main course', 'special occasions']",data/catalog/images/catalog_60/rgb.png,95.21624999973392,52.6749999997559,7.583558749998805,2.583,4.48103749994044
catalog_61,Crustless Quiche Lorraine,french,"[""lunch/dinner""]",['starter'],data/catalog/images/catalog_61/rgb.png,590.4280946070312,184.93261876953125,56.91767517720702,3.9335969158886726,17.15235927572265
catalog_62,"Shrimp, Egg, and Dill Smorrebrod",nordic,"[""lunch/dinner""]",['main course'],data/catalog/images/catalog_62/rgb.png,88.08361128124997,59.355659375,4.113554495625,4.8393279375,7.47002045
catalog_63,Tahini Dijon Noodles,asian,"[""lunch/dinner""]",['main course'],data/catalog/images/catalog_63/rgb.png,1187.0136472396664,469.23750609775,35.66652374060057,180.53424665865273,41.16287311431387
catalog_64,Crock Pot Refried Beans recipes,mexican,"[""lunch/dinner""]",['main course'],data/catalog/images/catalog_64/rgb.png,200.674140415625,72.1744291237087,0.78393262509375,36.313379484375,12.281216680750003
catalog_65,"Sticky Rice Cake with Coconut, Ginger & Condensed Coconut Milk",south east asian,"[""lunch/dinner""]","['main course', 'desserts']",data/catalog/images/catalog_65/rgb.png,475.34264232999993,175.0836139364583,32.45166534156249,43.45041573305209,5.691375550687502
catalog_66,Apple Iceberg Salad,american,"[""lunch/dinner""]",['salad'],data/catalog/images/catalog_66/rgb.png,262.90849999991076,153.91249999993337,22.700649999994976,14.906454999993338,0.9770687499954664
catalog_67,Cabbage Slaw,american,"[""lunch/dinner""]",['salad'],data/catalog/images/catalog_67/rgb.png,37.47876666666666,114.50720953986249,0.1967376666666667,8.632958833333332,1.434715333333333
catalog_68,Mom's Carrot and Raisin Salad,american,"[""lunch/dinner""]",['salad'],data/catalog/images/catalog_68/rgb.png,87.85363459157823,137.1064258331368,0.32561375533294024,21.65462059481289,1.5347272602486246
catalog_69,Mediterranean Turkey Pinwheels recipes,american,"[""lunch/dinner""]",['main course'],data/catalog/images/catalog_69/rgb.png,1163.072,559.2,43.1508,142.17068,53.02578
catalog_70,Stuffed Mushroom Eyeballs recipes,french,"[""lunch/dinner""]",['main course'],data/catalog/images/catalog_70/rgb.png,232.98870315,139.02725916666665,20.259126533,5.6822976123333335,9.050936601750001
catalog_71,Low Carb Hand Pies Stuffed with Chili [Recipe] recipes,american,"[""lunch/dinner""]",['main course'],data/catalog/images/catalog_71/rgb.png,330.707625,128.46875,25.485929166666665,7.892478125000001,19.06655
catalog_72,Baked Pesto Chicken,italian,"[""lunch/dinner""]",['main course'],data/catalog/images/catalog_72/rgb.png,386.5539641853932,241.234375,22.328485463483148,4.9838963658707875,39.657625
catalog_73,Lasagna Quesadillas,italian,"[""lunch/dinner""]",['main course'],data/catalog/images/catalog_73/rgb.png,212.651765525,141.3826975,12.196692814166667,14.109843073333332,12.361858845
catalog_74,"Pizza with Swiss Chard, Sausage, and Mozzarella",italian,"[""lunch/dinner""]",['main course'],data/catalog/images/catalog_74/rgb.png,614.4551414492925,406.5599135206325,33.6765418091478,48.01790548183015,31.250522603645774
catalog_75,Teriyaki Cocktail Meatballs (grain and soy,japanese,"[""lunch/dinner""]",['main course'],data/catalog/images/catalog_75/rgb.png,128.75818481732,77.5362956788692,13.6626268005425,1.8605493229475,0.3103192376575
catalog_76,Beef and Mushroom Carbonara,italian,"[""lunch/dinner""]",['main course'],data/catalog/images/catalog_76/rgb.png,621.1875059750002,670.32987,41.00713963175,32.61639457525,31.003336536
catalog_77,Jump On The Spring Bandwagon With This Super Easy Lamb Recipe,mediterranean,"[""lunch/dinner""]",['main course'],data/catalog/images/catalog_77/rgb.png,272.06778447220006,166.787711,18.49403699952,1.1575469999999999,19.7310996973
catalog_78,Easy Deviled Eggs,american,"[""snack""]",['starter'],data/catalog/images/catalog_78/rgb.png,177.26608333333334,100.8875,14.057637499999998,1.8130291666666667,10.481537499999998
catalog_79,Grilled Summer Veggies,south american,"[""lunch/dinner""]",['salad'],data/catalog/images/catalog_79/rgb.png,330.74229543868836,233.0013464228704,33.49785789119142,8.791900327238425,2.1511
catalog_80,Greek-Style Vegetable Kebabs with Orzo and Feta,greek,"[""lunch/dinner""]",['main course'],data/catalog/images/catalog_80/rgb.png,246.97349999999997,403.65000000000003,14.283261666666666,27.053389999999997,6.647093333333333
catalog_81,"""Apres-Ski"" Soup Recipe 5",american,"[""lunch/dinner""]",['soup'],data/catalog/images/catalog_81/rgb.png,92.7611121526042,290.86945932291667,2.2282912500000003,14.212141028760419,4.772335480125002
catalog_82,Hasselback Potatoes,american,"[""lunch/dinner""]",['starter'],data/catalog/images/catalog_82/rgb.png,193.8505941888289,180.23547733590297,6.91117669079413,30.579437287642026,3.706217551662985
catalog_83,Creamed Mushrooms (Eastern European),american,"[""lunch/dinner""]",['main course'],data/catalog/images/catalog_83/rgb.png,253.05197710766876,225.2501110425962,22.685532137406373,9.721594543362503,5.911336609505
catalog_84,Grilled Grits from Platter Talk recipes,mediterranean,"[""lunch/dinner""]",['main course'],data/catalog/images/catalog_84/rgb.png,715.362796,495.2850628768247,24.958134959999995,100.750564,21.727778399999995
catalog_85,Blueberries with Walnuts & Cheese,american,"[""snack""]",['salad'],data/catalog/images/catalog_85/rgb.png,287.22857819375,122.349523125,22.724591200625,14.4253789293125,10.079640795625
catalog_86,RITZ Horseradish Roast Beef Topper,american,"[""lunch/dinner""]",['main course'],data/catalog/images/catalog_86/rgb.png,85.25088011092593,35.21172468518519,4.996592172018519,6.164733640409259,3.8584157677222217
catalog_87,Crunchy Napa Cabbage Slaw,middle eastern,"[""lunch/dinner""]",['salad'],data/catalog/images/catalog_87/rgb.png,172.7621511625,293.7799952083333,9.508626657083333,16.73831207097917,8.884864663333332
catalog_88,Apple-Cinnamon Quinoa Bowl,south american,"[""breakfast""]",['main course'],data/catalog/images/catalog_88/rgb.png,163.88858333473135,155.38229166695066,4.156055000097021,25.767175000115785,7.00519770837482
catalog_89,Bacon Wrapped Dates With Almonds,american,"[""snack""]",['main course'],data/catalog/images/catalog_89/rgb.png,183.478113665,49.8951607,12.3876076247,14.587530619199999,5.01854598168
catalog_90,Chicken Salad with Bacon and Dates,american,"[""lunch/dinner""]",['salad'],data/catalog/images/catalog_90/rgb.png,333.30226,75.55933333333333,27.815763433333334,8.061431666666666,13.166495666666668
catalog_91,Egg salad with Mustard Sprouts,american,"[""lunch/dinner""]",['salad'],data/catalog/images/catalog_91/rgb.png,113.20972222222225,31.381944444444446,11.747069444444445,1.3647222222222224,0.9270833333333335
catalog_92,Grilled Salmon Sandwiches With Heirloom Tomatoes & Chive-Cashew Pesto,nordic,"[""lunch/dinner""]",['sandwiches'],data/catalog/images/catalog_92/rgb.png,621.4274301,437.79618500000004,27.9590762705,33.24199375,56.85841346
catalog_93,Salt and Vinegar Potato Chip Crusted Cod,american,"[""lunch/dinner""]",['main course'],data/catalog/images/catalog_93/rgb.png,241.6750701636321,140.6330919010711,11.04828847443972,13.3605713444464,21.77215088506272
catalog_94,Fried Fish Tacos,mexican,"[""lunch/dinner""]",['main course'],data/catalog/images/catalog_94/rgb.png,801.328206505,333.430404534585,47.11723109475,63.41645,28.464850465
catalog_95,Golden Persian Rice,middle eastern,"[""lunch/dinner""]",['main course'],data/catalog/images/catalog_95/rgb.png,313.8805665008369,85.55926335218533,6.322154468344679,57.81934367625,6.001806957125002
catalog_96,Le Bernardin's Crispy-Skinned Fish,french,"[""lunch/dinner""]",['main course'],data/catalog/images/catalog_96/rgb.png,205.05877077245,177.72743890384325,6.44376521980275,2.3829679236212495,34.53099046067125
catalog_97,Cajun Fried Okra,american,"[""lunch/dinner""]",['main course'],data/catalog/images/catalog_97/rgb.png,205.51311307015592,215.62263543543637,1.6483730715996918,41.993382965692525,7.74521674519465
catalog_98,KIDNEY BEAN BURGERS recipes,mexican,"[""lunch/dinner""]",['main course'],data/catalog/images/catalog_98/rgb.png,129.79057327480768,112.55606937494717,4.232199916249482,17.74562755933469,6.08722932136956
catalog_99,Ground Pork Cutlets with Tomato Gravy,american,"[""lunch/dinner""]",['main course'],data/catalog/images/catalog_99/rgb.png,12.151499999990556,40.762499999947515,0.09507166666656171,3.0342020833312913,0.3493841666662048
catalog_100,Chicken Pesto Panini recipes,italian,"[""lunch/dinner""]",['main course'],data/catalog/images/catalog_100/rgb.png,2130.010475842697,957.865,43.54731360674158,294.7032786516854,137.20716
catalog_101,Teriyaki Chicken Skewers,japanese,"[""lunch/dinner""]",['main course'],data/catalog/images/catalog_101/rgb.png,168.11771100000004,149.39809250000002,2.9782300235,5.616,27.6493708125
catalog_102,Easy Dairy-Free Paleo Curry Chicken Salad,indian,"[""lunch/dinner""]",['salad'],data/catalog/images/catalog_102/rgb.png,368.87464061308776,250.91208229524375,22.431706380227755,13.97683583760009,30.839307886110024
catalog_103,Summer Succotash,american,"[""lunch/dinner""]",['main course'],data/catalog/images/catalog_103/rgb.png,222.32866329166666,403.0747110761682,5.055497816944445,40.61855275,9.291182261111112
catalog_104,Tofu Stir Fry,asian,"[""lunch/dinner""]",['main course'],data/catalog/images/catalog_104/rgb.png,194.655,175.425925925926,5.543025925925927,25.95635555555555,13.065981481481481
catalog_105,Marinated Tofu,asian,"[""lunch/dinner""]",['main course'],data/catalog/images/catalog_105/rgb.png,140.93488804848002,102.36386437200002,8.049924316,6.222257147666666,13.97514166833333
catalog_106,Bacon-Wrapped Ginger Soy Scallops Recipe,mediterranean,"[""lunch/dinner""]",['main course'],data/catalog/images/catalog_106/rgb.png,35.981806358683,17.40453663043145,2.8340207111086957,0.9833286577141239,1.5886202484347784
catalog_107,Grilled Jalapenos Recipe 3,south american,"[""lunch/dinner""]",['main course'],data/catalog/images/catalog_107/rgb.png,203.7366266,85.349523125,17.893281735,2.0836505650625,8.59362656125
catalog_108,Bacon Wrapped Zucchini-Halibut,american,"[""lunch/dinner""]","['starter', 'main course']",data/catalog/images/catalog_108/rgb.png,166.02234081015627,149.980594296875,11.54204190414844,3.8451,12.23129053921875
catalog_109,Sugar Snap Pea Salad with Lemon and Dill,american,"[""lunch/dinner""]",['salad'],data/catalog/images/catalog_109/rgb.png,79.6414490342032,86.86994468743518,5.24512781904856,6.730036663747485,2.6744243106157923
catalog_110,Indian Fried Cabbage,indian,"[""lunch/dinner""]",['main course'],data/catalog/images/catalog_110/rgb.png,51.25570833333333,93.3456475399485,2.596275,6.542716666666666,1.6400991666666667
catalog_111,"Baked Sweet Potato ""Fries"" with La Boite Spice Mix",american,"[""snack"",""lunch/dinner""]",['starter'],data/catalog/images/catalog_111/rgb.png,149.6999999998732,82.9741839558775,7.880970000000255,19.39535624996625,2.1536956250010952
catalog_112,Slow Cooker Mashed Sweet Potatoes with Parmesan,italian,"[""lunch/dinner""]",['main course'],data/catalog/images/catalog_112/rgb.png,385.557914325,239.781904375,23.915383100625,36.258489966875,7.699117422125
catalog_113,Grilled Tilapia with Smoked Paprika and Parmesan Polenta,mediterranean,"[""lunch/dinner""]",['main course'],data/catalog/images/catalog_113/rgb.png,280.252375,299.0171875,4.229521875,43.5430284375,15.625078125
catalog_114,Bacon Jalapeno Popcorn,american,"[""lunch/dinner""]",['starter'],data/catalog/images/catalog_114/rgb.png,309.540188675,77.74545791666667,23.210487543333333,15.454514218749999,9.634414453333333
catalog_115,Easy Lettuce and Herb Salad,french,"[""lunch/dinner""]",['salad'],data/catalog/images/catalog_115/rgb.png,126.16305346875002,60.757582546121306,12.368463451354167,3.479284647020833,1.4967868478333335
catalog_116,Coconut Rice and Beans,mediterranean,"[""lunch/dinner""]",['main course'],data/catalog/images/catalog_116/rgb.png,223.9742791927606,134.9971188878829,12.12287399635444,25.32567583335033,5.167332187500859
catalog_117,Tilapia with Sundried Tomato Pesto- The Su,italian,"[""lunch/dinner""]",['main course'],data/catalog/images/catalog_117/rgb.png,146.41784375083046,127.11562500014978,3.6483368750744525,4.779446875037897,24.74427187502069
catalog_118,Roasted Parsnips With Shallots,british,"[""lunch/dinner""]",['starter'],data/catalog/images/catalog_118/rgb.png,206.75074322656286,212.45394505212963,4.454229181614587,41.90337650000008,3.5830857020833475
catalog_119,Stuffed Artichokes with Capers and Pecorino Cheese,mediterranean,"[""lunch/dinner""]",['main course'],data/catalog/images/catalog_119/rgb.png,566.3225,384.925,24.816950000000002,62.84667,19.40989
catalog_120,Roasted Grape Chutney,indian,"[""lunch/dinner""]",['main course'],data/catalog/images/catalog_120/rgb.png,83.7826875,83.52361665270618,3.52028375,13.951307500000002,0.586715
catalog_121,Fennel Salad with Citrus,mediterranean,"[""lunch/dinner""]",['salad'],data/catalog/images/catalog_121/rgb.png,249.12848605555556,298.7929973011815,18.54334315222222,21.592927555555555,3.1332960888888874
catalog_122,Homemade Turkey Sausage,american,"[""breakfast""]",['main course'],data/catalog/images/catalog_122/rgb.png,934.991519097226,736.3664496527789,40.630430933159786,9.969743446181411,125.34124019097237
catalog_123,Israeli Couscous and Tomato Salad with Arugula Pesto,middle eastern,"[""lunch/dinner""]",['main course'],data/catalog/images/catalog_123/rgb.png,344.131203125,146.2408203125,18.054442578125,37.2781044140625,8.742119921875
catalog_124,Buttery Oven Roasted Cauliflower recipes,british,"[""lunch/dinner""]",['main course'],data/catalog/images/catalog_124/rgb.png,196.62004271006944,165.41076954168722,16.256754015381947,7.514330782118055,7.2542397046875
catalog_125,Broccoli Cauliflower Greek Salad,mediterranean,"[""lunch/dinner""]",['salad'],data/catalog/images/catalog_125/rgb.png,314.5643055555556,298.03472222222223,28.776297222222226,15.31092569444445,4.552266666666667
catalog_126,Basil Pesto Tortellini Salad,italian,"[""lunch/dinner""]","['salad', 'main course']",data/catalog/images/catalog_126/rgb.png,239.46588834269662,130.953125,8.837653669241574,30.915166151685387,9.616846875
catalog_127,PM's Tuna Salad,american,"[""lunch/dinner""]",['salad'],data/catalog/images/catalog_127/rgb.png,658.4337424875,465.2602316653129,3.67674713875,113.4614518486875,42.29743991049999
catalog_128,Cucumber Raita,indian,"[""breakfast""]",['starter'],data/catalog/images/catalog_128/rgb.png,27.730375,76.16875,1.1798812500000002,3.35215,1.4656562500000003
catalog_129,Barley+ Sweet Potato Toast,american,"[""lunch/dinner"",""breakfast""]",['main course'],data/catalog/images/catalog_129/rgb.png,411.7200000000001,279.75,7.946675,71.76775,15.386375
catalog_130,Sweet Potato Casserole Recipe,south american,"[""lunch/dinner""]",['main course'],data/catalog/images/catalog_130/rgb.png,276.9643733770834,114.77501576389399,24.288913941250005,14.456366534208334,3.1082911749791666
catalog_131,Grilled Chocolate Peanut Butter Sandwich,american,"[""lunch/dinner""]",['sandwiches'],data/catalog/images/catalog_131/rgb.png,181.8535,93.95,7.262705,26.969059999999995,3.7939149999999997
catalog_132,Shepherd Pies recipes,british,"[""lunch/dinner""]",['main course'],data/catalog/images/catalog_132/rgb.png,563.0652075,478.651625,32.388089625,40.9000075,27.978616625
catalog_133,Celery Black Grape and Blue Cheese Potato Salad,american,"[""lunch/dinner""]",['salad'],data/catalog/images/catalog_133/rgb.png,207.1058449410495,246.0105554751552,7.1392362024070035,28.540843788837627,9.336514911425217
catalog_134,Dill Pickle Potato Salad Recipe,mediterranean,"[""lunch/dinner""]",['salad'],data/catalog/images/catalog_134/rgb.png,284.59327600002933,265.01817500002863,13.503826305417435,34.90660395833787,7.009084514585943
catalog_135,Cole Slaw Dressing,american,"[""lunch/dinner""]",['salad'],data/catalog/images/catalog_135/rgb.png,281.44545,48.635000000000005,26.711805,10.544412,0.09826000000000001
catalog_136,Oyster Po’boy,american,"[""lunch/dinner""]",['sandwiches'],data/catalog/images/catalog_136/rgb.png,2128.060724999837,921.018905182681,140.00096374998154,142.597175,74.886244375
catalog_137,South African Yellow Rice,chinese,"[""lunch/dinner""]",['main course'],data/catalog/images/catalog_137/rgb.png,318.9721812402193,216.31249999994898,5.201082534599167,62.9040525868274,4.950989054534105
catalog_138,Crockpot Caramel Apple Cider,american,"[""lunch/dinner""]","['desserts', 'main course']",data/catalog/images/catalog_138/rgb.png,354.0549818641407,653.8340185452331,0.9063725574421366,88.06947742894471,0.9931540185452331
catalog_139,Brown Sugar and Dijon Glazed Corned Beef and Cabbage with Red Potatoes,american,"[""lunch/dinner""]",['main course'],data/catalog/images/catalog_139/rgb.png,938.9360562183334,840.6315771666666,55.05925053470001,51.240800948,59.561802115549995
catalog_140,Reuben Burgers Recipe,american,"[""lunch/dinner""]",['sandwiches'],data/catalog/images/catalog_140/rgb.png,508.8038276859375,196.67273484375,32.4152347365625,23.24086234975,29.4173560653125
catalog_141,Pulled Pork Potato Skins,american,"[""lunch/dinner""]",['main course'],data/catalog/images/catalog_141/rgb.png,489.77588888888874,378.19555555555564,20.193222444444437,61.78997155555557,16.628608888888888
catalog_142,Stuffed Baked Potatoes Deconstructed,italian,"[""lunch/dinner""]",['main course'],data/catalog/images/catalog_142/rgb.png,490.1205,459.05,17.476039999999998,71.50855,14.659875000000003
catalog_143,Taco Hand Pies,mexican,"[""lunch/dinner""]",['main course'],data/catalog/images/catalog_143/rgb.png,220.00605165000002,66.66603083333334,15.589482833333333,10.309458333333334,9.259845636666666
catalog_144,Meatballs,middle eastern,"[""lunch/dinner""]",['main course'],data/catalog/images/catalog_144/rgb.png,194.62066080836325,74.82196291675913,12.407715708333466,8.01626145834022,11.909684913334248
catalog_145,Baked Zucchini Fries,mediterranean,"[""lunch/dinner""]",['starter'],data/catalog/images/catalog_145/rgb.png,163.0335,138.6125,7.8531850000000025,17.226949999999995,8.235175000000002
catalog_146,Wild Mushroom Stuffing,french,"[""lunch/dinner""]",['main course'],data/catalog/images/catalog_146/rgb.png,122.82341738756844,132.12683406590963,3.4254538893570086,18.0318260779089,6.0388241438355825
catalog_147,Tomato-Basil Pita Pizzas Recipe,italian,"[""lunch/dinner""]",['main course'],data/catalog/images/catalog_147/rgb.png,244.78606250000004,133.08828125,10.0704703125,28.777342656250006,11.7712046875
catalog_148,Citrus Scallops With Bulgur recipes,mediterranean,"[""lunch/dinner""]",['main course'],data/catalog/images/catalog_148/rgb.png,249.339138961525,278.9825367775,7.8941035366965,31.2059036791,17.77985139736
catalog_149,Chicken Fried Rice Recipe,chinese,"[""lunch/dinner""]",['main course'],data/catalog/images/catalog_149/rgb.png,599.3029375023425,388.74375000093323,18.871513750030424,77.8319787505973,37.792993750097075
catalog_150,Fiesta Egg Casserole With Peppers and Cheese,italian,"[""breakfast""]",['main course'],data/catalog/images/catalog_150/rgb.png,281.4877155,166.83137923538783,20.73733102675,4.6087429873125,19.0194360824375
catalog_151,Spaghetti Skillet Supper,italian,"[""lunch/dinner""]",['main course'],data/catalog/images/catalog_151/rgb.png,215.248033856875,150.13593054999998,10.61751400091875,17.898101740425,11.2960433658875
catalog_152,House Roasted Nuts,british,"[""snack""]",['starter'],data/catalog/images/catalog_152/rgb.png,292.50375,50.89149353118125,26.74925,9.442125,8.7137875
catalog_153,"Flank Steak Pinwheels with Spinach, Gorgonzola and Asiago",british,"[""lunch/dinner""]",['main course'],data/catalog/images/catalog_153/rgb.png,541.9514028944445,307.71751451190676,30.32848541912325,2.97343532583507,61.10500057832292
catalog_154,Cheesy Spinach Quesadillas,mexican,"[""lunch/dinner""]",['main course'],data/catalog/images/catalog_154/rgb.png,98.643375,34.4,3.81004375,12.337936249999997,3.807675
catalog_155,Vegetable Tortilla Cups recipes,mexican,"[""lunch/dinner""]",['main course'],data/catalog/images/catalog_155/rgb.png,319.29175000000004,135.84166666666667,7.5285525,50.42699166666667,14.14088333333333
catalog_156,Smoked Salmon Black Bean Egg Rolls,nordic,"[""lunch/dinner""]",['main course'],data/catalog/images/catalog_156/rgb.png,260.67625,92.375,7.499025,37.3925,11.1018
catalog_157,Bake or Bust,mexican,"[""lunch/dinner""]",['main course'],data/catalog/images/catalog_157/rgb.png,297.3463263069819,316.783855529696,1.020457527607788,56.469755306965,16.25655776404275
catalog_158,Wasabi Shrimp Sushi Cups,japanese,"[""lunch/dinner""]",['main course'],data/catalog/images/catalog_158/rgb.png,109.29870000005462,53.1165000000097,0.820223750004728,21.68865825000225,3.458205300001686
catalog_159,"Kale, Peach, and Avocado Salad",mediterranean,"[""lunch/dinner""]",['salad'],data/catalog/images/catalog_159/rgb.png,254.15,234.95833333333334,20.153033333333333,19.9866125,4.508908333333332
catalog_160,The Only Guacamole Recipe You'll Ever Need,mexican,"[""lunch/dinner""]",['main course'],data/catalog/images/catalog_160/rgb.png,277.1525,273.71354166672825,22.323425,21.765549999999998,4.053075
catalog_161,Organic Lime Fruit Salad,south american,"[""lunch/dinner""]",['salad'],data/catalog/images/catalog_161/rgb.png,245.88332,299.87591666666674,8.648144191666667,44.350775425,4.1899509916666675
catalog_162,Yakitori Sauce recipes,japanese,"[""lunch/dinner""]","['main course', 'condiments and sauces']",data/catalog/images/catalog_162/rgb.png,122.33374999974235,164.34068637493237,0.36537499999996625,11.925874999938255,5.251274999999825
catalog_163,Crockpot Fondue,mediterranean,"[""lunch/dinner""]",['main course'],data/catalog/images/catalog_163/rgb.png,297.71580710492157,103.14553419436366,21.69441474244495,4.605703563556353,19.284628926027466
catalog_164,Beet Wild Rice Salad with Pistachios recipes,mediterranean,"[""lunch/dinner""]",['salad'],data/catalog/images/catalog_164/rgb.png,471.11235955,330.03995834534487,23.5162285145,57.605840286,12.8866060785
catalog_165,Beet-Cured Salmon,nordic,"[""lunch/dinner""]",['main course'],data/catalog/images/catalog_165/rgb.png,301.9629206,195.2670795658,8.8482911605,41.691618694000006,14.783871316499999
catalog_166,Baked Salmon Topped With Crab,nordic,"[""lunch/dinner""]",['main course'],data/catalog/images/catalog_166/rgb.png,532.1839447427084,256.2541209375,34.47235625514583,1.1781444070625002,50.98920305802083
catalog_167,Salmon Salad With Bright Spring Vegetables,nordic,"[""lunch/dinner""]",['salad'],data/catalog/images/catalog_167/rgb.png,382.9003722,384.03785166666665,21.646289334000002,10.47213065933333,36.871853183333336
catalog_168,"Steak, Chicken, Salmon, or Shrimp Caesar S",nordic,"[""lunch/dinner""]",['main course'],data/catalog/images/catalog_168/rgb.png,159.78214626250002,89.617736640625,10.584535937031253,1.308757991734375,14.089569073281252
catalog_169,Greek Yogurt Carbonara,mediterranean,"[""lunch/dinner""]",['main course'],data/catalog/images/catalog_169/rgb.png,237.3305488899636,94.9403222917802,9.527192754188595,22.822339579231265,14.211739006057504
catalog_170,Cheesy Pepperoni Strata recipes,italian,"[""breakfast""]",['main course'],data/catalog/images/catalog_170/rgb.png,836.587977803125,426.390411875,50.70621697971875,51.61617390228125,42.723050297125
catalog_171,Pepperoni Pizza Bake Recipe 4,italian,"[""lunch/dinner""]",['main course'],data/catalog/images/catalog_171/rgb.png,419.8330515476562,185.04978912109374,16.9478731885586,48.17762013465625,18.43854725338281
catalog_172,Cheesy Italian Potatoes and Gnocchi,italian,"[""lunch/dinner""]",['main course'],data/catalog/images/catalog_172/rgb.png,333.30715059069183,208.83479770833333,11.530208623633612,42.67053234481614,15.394396401931928
catalog_173,Spaghetti Squash Caprese,italian,"[""lunch/dinner""]",['main course'],data/catalog/images/catalog_173/rgb.png,195.725957890625,194.84574835696438,12.6725113953125,10.271982343749997,11.6345964375
catalog_174,Eggplant and Tomato Napoleons,italian,"[""lunch/dinner""]",['main course'],data/catalog/images/catalog_174/rgb.png,350.8584065555555,416.0752371333025,23.33924834888889,22.370735944444444,15.971291022222223
catalog_175,Quick braised lettuce & peas,french,"[""lunch/dinner""]",['main course'],data/catalog/images/catalog_175/rgb.png,146.7175,182.49999999999994,7.19965,16.712725,5.125125
catalog_176,Pineapple Beef Stir Fry recipes,caribbean,"[""lunch/dinner""]",['main course'],data/catalog/images/catalog_176/rgb.png,470.9950613826142,453.71690934300585,24.328874461359764,31.43558496726712,32.67415706926703
catalog_177,Roasted Curry Chickpeas recipes,indian,"[""lunch/dinner""]",['main course'],data/catalog/images/catalog_177/rgb.png,825.2257011569,180.69918129905614,43.98545082607313,84.0667733828125,33.21537090234375
catalog_178,Sweet + Spicy Roasted Nuts,south american,"[""lunch/dinner"",""snack""]",['starter'],data/catalog/images/catalog_178/rgb.png,319.4828949174224,52.80111702370238,27.962408351785715,12.723545451312635,9.500307730357141
catalog_179,Pan-Fried Sage Pork Chops,british,"[""lunch/dinner""]",['main course'],data/catalog/images/catalog_179/rgb.png,268.6217500000568,105.61708333337599,20.84670833333564,2.292796666677614,17.21320666666858
catalog_180,Easy Coconut Jasmine Rice,south east asian,"[""lunch/dinner""]",['main course'],data/catalog/images/catalog_180/rgb.png,336.199829376987,136.24344263027726,20.646857186483732,35.063597899289,4.818150614039905
catalog_181,Tropical Quinoa Salad recipes,caribbean,"[""lunch/dinner""]",['salad'],data/catalog/images/catalog_181/rgb.png,408.82060986562504,328.763010625,21.06092168528125,53.92653832510417,7.252380392052083
catalog_182,Cinnamon-Quinoa Breakfast Bowl,south american,"[""breakfast""]",['main course'],data/catalog/images/catalog_182/rgb.png,390.419624999709,221.6687499999234,17.1082925,51.41760624992485,12.439754999999908
catalog_183,Sauerkraut for Hot Dogs,central europe,"[""lunch/dinner""]",['main course'],data/catalog/images/catalog_183/rgb.png,41.25275838313925,91.59664499994894,0.2659986363333333,10.020728697616565,0.8610005111666057
catalog_184,Honey-Mustard Chicken (Crock Pot),french,"[""lunch/dinner""]",['main course'],data/catalog/images/catalog_184/rgb.png,839.35075,405.954449378866,51.016175,38.2401975,56.951775
catalog_185,Potato-Celery Root Mash,caribbean,"[""lunch/dinner""]",['starter'],data/catalog/images/catalog_185/rgb.png,173.39519693333332,221.17150291666667,5.3895501811666655,28.894841612500002,4.0065645524999995
catalog_186,To Die For Fettuccini Alfredo,italian,"[""lunch/dinner""]",['main course'],data/catalog/images/catalog_186/rgb.png,935.0823177965109,259.89462724294026,75.63151445541926,48.54180969672827,17.838055185764713
catalog_187,Cracker Crumb Peas,british,"[""snack""]",['starter'],data/catalog/images/catalog_187/rgb.png,98.4560937512899,124.7968750001799,3.5197156251459,13.330128125000108,3.72814843750153
catalog_188,Silken Turnip And Potato Soup,french,"[""lunch/dinner""]",['soup'],data/catalog/images/catalog_188/rgb.png,215.34956060821,494.4295047612193,9.024172645877497,31.7840937973425,4.125736346347502
catalog_189,Sausage & lentil traybake,indian,"[""lunch/dinner""]",['main course'],data/catalog/images/catalog_189/rgb.png,305.061625,120.5875,5.343250000000001,47.29121125,18.556485
catalog_190,Lightning Quick Pickled Purple Cabbage,mediterranean,"[""lunch/dinner""]",['salad'],data/catalog/images/catalog_190/rgb.png,39.580722222222214,130.35555555555555,0.1835755555555555,7.794692777777779,1.0514244444444443
catalog_191,"Autumn Salad with Lamb's Lattuce, Pears and Blue Cheese",french,"[""lunch/dinner""]",['salad'],data/catalog/images/catalog_191/rgb.png,421.93002078125,261.438501616738,31.300106965625,27.9831759375,11.35766925
catalog_192,Salsa Tuna Salad,mexican,"[""lunch/dinner""]",['salad'],data/catalog/images/catalog_192/rgb.png,88.64905477500001,136.36154625,0.8241958440000001,8.22475,13.255439972500001
catalog_193,Lentil Veggie Burgers,nordic,"[""lunch/dinner""]",['main course'],data/catalog/images/catalog_193/rgb.png,101.8189,56.414762044329905,0.7207535,19.954475,4.481949500000001
catalog_194,Wild West Coast Seafood Shrimp Cocktail Sauce,japanese,"[""lunch/dinner""]",['main course'],data/catalog/images/catalog_194/rgb.png,22.321125000000002,24.1125,0.18741375,5.6959125,0.39460875
catalog_195,Red Lentils with Vegetables,italian,"[""lunch/dinner""]",['main course'],data/catalog/images/catalog_195/rgb.png,277.8283333333333,226.33333333333334,0.8894833333333333,53.892066666666665,16.461516666666665
catalog_196,Spicy fennel-carrot salad – Cafe Liz,south american,"[""lunch/dinner""]",['salad'],data/catalog/images/catalog_196/rgb.png,67.705,207.39478655927834,0.50745,16.863987499999993,2.5120125
catalog_197,"Beet, Fennel and Carrot Salad",french,"[""lunch/dinner""]",['salad'],data/catalog/images/catalog_197/rgb.png,73.27211069375001,95.62142803577892,4.703469269390623,7.800518734484373,1.1353859030677083
catalog_198,Roasted Baby Potatoes with Broccoli recipes,nordic,"[""lunch/dinner""]",['main course'],data/catalog/images/catalog_198/rgb.png,116.04743208333333,126.58695833333333,4.783514008333333,16.863878333333332,2.9438553333333335
catalog_199,July's Bounty Pasta,italian,"[""lunch/dinner""]",['salad'],data/catalog/images/catalog_199/rgb.png,335.9230279430557,280.27015576388885,1.686224763805555,69.19463081427084,12.950607689166667
catalog_200,"Soba Salad With Seaweed, Cucumbers, and Asparagus Recipe",japanese,"[""lunch/dinner""]",['salad'],data/catalog/images/catalog_200/rgb.png,416.465132358941,313.8362273350695,13.324444488538193,67.12202579018314,15.778554780028646
catalog_201,Sesame Pea Pods,chinese,"[""lunch/dinner""]",['starter'],data/catalog/images/catalog_201/rgb.png,50.72233333333333,67.43333333333334,3.1426,4.776533333333333,1.4901666666666664
catalog_202,bulgur and black bean salad,mexican,"[""lunch/dinner""]",['salad'],data/catalog/images/catalog_202/rgb.png,267.4011562500001,107.609375,11.82912125,35.040036875,8.631160625000001
catalog_203,Mediterranean Pasta with Tomatoes and Arugula,mediterranean,"[""lunch/dinner""]",['salad'],data/catalog/images/catalog_203/rgb.png,509.75988359361327,287.04986802224875,14.33845473773225,80.26744170831293,16.67112659740364
catalog_204,Watermelon and Feta Salad Recipe,greek,"[""lunch/dinner""]",['salad'],data/catalog/images/catalog_204/rgb.png,207.46701581640625,332.268213515625,10.629165905859375,24.30945668440625,7.26743631921875
catalog_205,Apricot Ricotta Stuffed Chicken with Honey Mustard Glaze,mediterranean,"[""lunch/dinner""]",['main course'],data/catalog/images/catalog_205/rgb.png,542.07139069375,341.987023125,22.090281200625,14.038797679312502,70.046447045625
catalog_206,Chicken With Pesto Potatoes,italian,"[""lunch/dinner""]",['main course'],data/catalog/images/catalog_206/rgb.png,760.4291608562265,427.5654664787667,45.26386459027483,43.67357325128745,45.411380896458326
catalog_207,Smoked Salmon Wrap,nordic,"[""lunch/dinner""]",['sandwiches'],data/catalog/images/catalog_207/rgb.png,236.4861493,170.14641500000002,11.54478471133333,3.7149,28.26965457
catalog_208,Mussels With White Wine And Herbs,italian,"[""lunch/dinner""]",['main course'],data/catalog/images/catalog_208/rgb.png,523.3554567461,671.19994711,10.612466101786005,27.7891078034,56.34595004944
catalog_209,Slow Cooker Risottto Recipe,french,"[""lunch/dinner""]",['main course'],data/catalog/images/catalog_209/rgb.png,274.3789263375,224.12144152777776,12.062113812652779,30.427957448666664,9.035424552756945
catalog_210,Yam Gratin with Gruyere Cheese,french,"[""lunch/dinner""]",['main course'],data/catalog/images/catalog_210/rgb.png,437.087123725,238.59713875,24.433415135875,49.17660171125,6.750786222875
catalog_211,Canadian Bacon and Cheddar Quiche,french,"[""breakfast""]",['starter'],data/catalog/images/catalog_211/rgb.png,778.8462813875,244.98654625,59.79785490125,33.727457858625,27.55685659125
catalog_212,5-Layer Mexican Dip,mexican,"[""lunch/dinner""]",['main course'],data/catalog/images/catalog_212/rgb.png,457.7781042583333,261.1326975,38.086804934166665,17.978544127972217,15.560732171944446
catalog_213,"Nan's English Muffin, Hummus, & Tomato Sandwich ( Ww )",mediterranean,"[""breakfast""]",['sandwiches'],data/catalog/images/catalog_213/rgb.png,186.26835,196.0578144479381,4.075071,32.9451,7.26924
catalog_214,Jalapeno Homemade Hot Sauce,mexican,"[""lunch/dinner""]",['main course'],data/catalog/images/catalog_214/rgb.png,4.255,32.8830423359375,0.0266140625,0.49358828125,0.09999453125
catalog_215,Souffle Omelet (Puffy Omelet),french,"[""breakfast""]","['egg', 'main course']",data/catalog/images/catalog_215/rgb.png,164.37133333333335,101.74982875137376,12.876093333333335,1.4013466666666665,10.0488
catalog_216,Chicken in Garlic Sauce (BC),chinese,"[""lunch/dinner""]",['main course'],data/catalog/images/catalog_216/rgb.png,671.3105,710.7669731149999,47.78792000000001,16.379975,46.70262
catalog_217,Sugar Spanish Peanuts Recipe,mediterranean,"[""snack""]",['main course'],data/catalog/images/catalog_217/rgb.png,320.364,104.68823547500001,14.366399999999999,44.7012,7.5336
catalog_218,Senegalese Peanut and Chicken Stew (Màfe Ginaar),south east asian,"[""lunch/dinner""]",['main course'],data/catalog/images/catalog_218/rgb.png,405.016252061525,157.76489934305374,29.3953215944465,6.1772643376,31.80529842736
catalog_219,Slow Cooker Chicken Curry,indian,"[""lunch/dinner""]",['main course'],data/catalog/images/catalog_219/rgb.png,793.869154525,654.78189671875,34.15948091754687,91.23556811539062,30.913769531328125
catalog_220,Kidney Beans and Rice Recipe 5,mexican,"[""lunch/dinner""]",['main course'],data/catalog/images/catalog_220/rgb.png,593.096694025,327.7559302556452,23.798474238880218,63.887659368390615,28.58969184132812
catalog_221,Marinara Meat Sauce Topped Baked Potato,italian,"[""lunch/dinner""]",['main course'],data/catalog/images/catalog_221/rgb.png,311.1144967672899,308.9236589574965,14.64168602281986,27.82847458004199,17.21864737567587
catalog_222,Spaghetti Hot Dogs,italian,"[""lunch/dinner""]",['main course'],data/catalog/images/catalog_222/rgb.png,432.6034615875,271.69904625,16.031155598375,55.75918754875,14.9223760125
catalog_223,Keto Carbonara,italian,"[""lunch/dinner""]",['main course'],data/catalog/images/catalog_223/rgb.png,1102.2096803333336,304.14303333333334,49.473639553333335,113.83373466666664,46.02420880000001
catalog_224,"Brussels Sprouts, Bacon & Sun-dried Tomato Pasta",italian,"[""lunch/dinner""]",['main course'],data/catalog/images/catalog_224/rgb.png,1015.33820123125,650.9008401296335,38.0698132830625,130.58844326187506,53.4347111288125
catalog_225,6 Ingredient Leek Bacon Potato Frittata,italian,"[""breakfast""]","['egg', 'main course']",data/catalog/images/catalog_225/rgb.png,209.987975,119.2725,15.747263499999999,4.8874999999999975,11.56567
catalog_226,Butternut Squash and Spinach Tortellini,italian,"[""lunch/dinner""]",['main course'],data/catalog/images/catalog_226/rgb.png,233.1448431375,277.84904625,12.359451905375,23.103857878875,9.334062097750003
catalog_227,Roasted Squash Medley Recipe 5,mediterranean,"[""lunch/dinner""]",['main course'],data/catalog/images/catalog_227/rgb.png,413.55341666666664,462.8833333333334,18.581525,59.77849999999998,6.597183333333334
catalog_228,Fig Salad with Cabrales Cheese and Marcona Almonds,mediterranean,"[""lunch/dinner""]",['salad'],data/catalog/images/catalog_228/rgb.png,247.49810691580967,184.71284185592432,18.508702486824415,15.32843428368333,8.267578933309998
catalog_229,Strawberry-Peanut Butter Quesadillas recipes,mexican,"[""breakfast""]",['main course'],data/catalog/images/catalog_229/rgb.png,472.6604166666668,155.70833333333331,30.8966375,39.8920375,14.829508333333333
catalog_230,Sweet Honeyed Date Nut Couscous With Tahini Note,mediterranean,"[""lunch/dinner""]",['main course'],data/catalog/images/catalog_230/rgb.png,426.724,122.45,6.865205,87.616075,8.9854675
catalog_231,Mango Chutney-Horseradish Sauce for BBQ,indian,"[""lunch/dinner""]","['main course', 'condiments and sauces']",data/catalog/images/catalog_231/rgb.png,40.27000000004058,18.7291666667512,0.03450000000058329,10.804500000009556,0.1001875000009975
catalog_232,Chicken Feta Salad with Blackberry Balsamic Viniagrette recipes,greek,"[""lunch/dinner""]",['salad'],data/catalog/images/catalog_232/rgb.png,638.8187725416667,287.46838141983125,49.30591661083332,17.572767666666667,33.0921886
catalog_233,Green Monster Salad,mediterranean,"[""lunch/dinner""]",['salad'],data/catalog/images/catalog_233/rgb.png,181.11847375000002,232.4197079313531,14.994230675,13.045032500000003,3.2761895
catalog_234,Skirt Steak With Arugula Salad,italian,"[""lunch/dinner""]",['main course'],data/catalog/images/catalog_234/rgb.png,585.1981705144062,346.2218838155415,32.029806446808124,33.528810281,34.71340233965
catalog_235,Zucchini Casserole with Red-Pepper Aioli,mediterranean,"[""lunch/dinner""]",['main course'],data/catalog/images/catalog_235/rgb.png,114.20151633125,81.97416546875,9.6699358309375,5.05040658640625,2.3980273223125
catalog_236,Smoky Stove-Top Beans,italian,"[""lunch/dinner""]",['main course'],data/catalog/images/catalog_236/rgb.png,141.49799225202895,158.9755236723712,1.3700169375877735,29.540902994870326,6.681079874437635
catalog_237,Chinese Cabbage Salad with Sesame Dressing,chinese,"[""lunch/dinner""]",['salad'],data/catalog/images/catalog_237/rgb.png,52.51288656293595,100.36779625007607,1.993479046287813,7.785697182517805,1.4232077920134665
catalog_238,Chicken Lollipop Recipe,indian,"[""lunch/dinner""]",['starter'],data/catalog/images/catalog_238/rgb.png,141.32129489940203,47.21567249986138,10.208732499977378,6.706049999907727,6.05307499998981
catalog_239,Grilled Beer Can Chicken,mexican,"[""lunch/dinner""]",['main course'],data/catalog/images/catalog_239/rgb.png,293.0884944,163.1367641144248,20.266035199999997,1.387502,22.630802
catalog_240,Pig-wich Recipe,mediterranean,"[""lunch/dinner""]",['main course'],data/catalog/images/catalog_240/rgb.png,268.8652,123.32000000000001,18.90138,0.199848,23.086288
catalog_241,Chopped Chef's Salad,south american,"[""lunch/dinner""]",['salad'],data/catalog/images/catalog_241/rgb.png,464.946997485317,395.61806224265626,21.47512493943872,42.16962149926875,27.609287485658125
catalog_242,Pea and ham soup,british,"[""lunch/dinner""]",['soup'],data/catalog/images/catalog_242/rgb.png,283.39125,134.0,4.388724999999999,44.85295,17.907075
catalog_243,Vegetable Lentil Curry,indian,"[""lunch/dinner""]",['main course'],data/catalog/images/catalog_243/rgb.png,314.094057936111,487.3784871006945,1.9038295510850696,61.987370169060775,17.82775227031771
catalog_244,Indian style pan fried Cauliflower,british,"[""lunch/dinner""]",['main course'],data/catalog/images/catalog_244/rgb.png,217.41694825,168.41244954095612,11.515822545,26.907463,6.3861868
catalog_245,Stuffed Breakfast Sweet Potato,mediterranean,"[""breakfast"",""lunch/dinner""]",['main course'],data/catalog/images/catalog_245/rgb.png,363.3685833330619,396.8996527783345,0.9296272222208596,91.61225555546699,4.647867499995615
catalog_246,Popeyes Sweet Potato Casserole,south american,"[""lunch/dinner""]",['main course'],data/catalog/images/catalog_246/rgb.png,169.58949191665667,105.2362831653225,4.692745731666621,30.371715999997686,2.6802075999998407
catalog_247,Beet Salad with Watercress and Fresh Pecorino,mediterranean,"[""lunch/dinner""]",['salad'],data/catalog/images/catalog_247/rgb.png,320.5556706453125,170.62898484375,26.17779304771875,13.773360910078125,8.680367429562502
catalog_248,Chicken Fried South of the Border Sirloin Steaks,french,"[""lunch/dinner""]",['main course'],data/catalog/images/catalog_248/rgb.png,1825.111250000016,711.0562500000398,133.9567625000002,27.0726281250035,120.49830937500074
catalog_249,Fried Mushrooms,south american,"[""lunch/dinner""]",['main course'],data/catalog/images/catalog_249/rgb.png,154.885290175,150.9309878395901,1.40957675725,29.07701390775,7.209700529125
catalog_250,Country Ham With Redeye Gravy,british,"[""breakfast""]",['main course'],data/catalog/images/catalog_250/rgb.png,184.254,155.8875,15.4224375,6.3164375,5.1979625
catalog_251,Vegan Korean Kimchi Fried Rice,korean,"[""lunch/dinner""]",['main course'],data/catalog/images/catalog_251/rgb.png,301.8236177498436,210.8055249997689,10.75783011499946,46.49785849996678,4.831674599992822
catalog_252,Heirloom Tomato Pico de Gallo,mexican,"[""lunch/dinner""]",['salad'],data/catalog/images/catalog_252/rgb.png,43.92,186.85677083336412,0.3852,10.964525,1.7410750000000002
catalog_253,Sauteed Tilapia Tacos With Grilled Peppers and Onions,mexican,"[""lunch/dinner""]",['main course'],data/catalog/images/catalog_253/rgb.png,175.774715107,185.13944125,2.655079412933333,18.229517360585,21.320527398721666
catalog_254,5-Minute Kale Taco Salad,mexican,"[""lunch/dinner""]",['salad'],data/catalog/images/catalog_254/rgb.png,192.69541699999996,114.68197950648455,9.38460192,21.7808105,6.8018593
catalog_255,Swordfish with Olive Tapenade Recipe,mediterranean,"[""lunch/dinner""]",['main course'],data/catalog/images/catalog_255/rgb.png,294.8886494995,279.1232351375,14.79170963833625,4.54234565132875,34.87107514645875
catalog_256,Corn and Roasted Jalapeno Hummus recipes,mediterranean,"[""lunch/dinner""]",['main course'],data/catalog/images/catalog_256/rgb.png,466.04227625,295.90970155576025,20.171776825000002,59.080805,16.908935500000002
catalog_257,Spinach & Mushroom Pizza with Goat Cheese,italian,"[""lunch/dinner""]",['main course'],data/catalog/images/catalog_257/rgb.png,359.2099516583333,271.57285406249997,21.688547122354166,27.114306097,16.1386343120625
catalog_258,Rosemary-Garlic Pumpkin Seeds,mediterranean,"[""snack""]",['starter'],data/catalog/images/catalog_258/rgb.png,265.9145833333333,47.24622982731958,23.424801666666667,5.793441666666666,13.19814833333333
catalog_259,"Fig, Brussels Sprouts and Manchego Panini recipes",italian,"[""lunch/dinner""]",['main course'],data/catalog/images/catalog_259/rgb.png,690.4000000037603,261.8750000013525,27.15590000000095,90.15880000093192,22.516900000005002
catalog_260,EZ Panini's,italian,"[""lunch/dinner""]",['main course'],data/catalog/images/catalog_260/rgb.png,331.8025,120.125,10.0672625,44.739375,15.387374999999997
catalog_261,My Best Ham And Cheese,french,"[""lunch/dinner""]",['main course'],data/catalog/images/catalog_261/rgb.png,244.7689531648601,107.17602792472383,12.926302964191983,17.639749640081966,14.089860942513775
catalog_262,Herbed Ricotta Cheese Omelette recipes,french,"[""breakfast""]","['main course', 'egg']",data/catalog/images/catalog_262/rgb.png,84.2559393456377,54.900112613568425,5.457132569723997,1.9729975390560648,6.495136382808205
catalog_263,Corn Tortilla Quiche recipes,french,"[""breakfast""]",['starter'],data/catalog/images/catalog_263/rgb.png,868.7818189,397.0543425,66.716348815,21.06761476025,47.181593745
catalog_264,Italian Sausage Stuffed Mushrooms,italian,"[""lunch/dinner""]",['main course'],data/catalog/images/catalog_264/rgb.png,188.26496940059585,80.19238281239107,15.432556809835596,3.6058345508363217,8.932689830696091
catalog_265,Madison Dog,french,"[""lunch/dinner""]",['main course'],data/catalog/images/catalog_265/rgb.png,745.00607819375,234.912023125,56.466078700625,29.9456726793125,28.535878295625
catalog_266,Microwave Diabetic Fish with Cool Cucumber Sauce,british,"[""lunch/dinner""]",['main course'],data/catalog/images/catalog_266/rgb.png,166.06435629991844,138.81475916653724,7.677035280831327,0.962912499990887,23.321428050826547
catalog_267,Greek Chicken Salad,mediterranean,"[""lunch/dinner""]",['salad'],data/catalog/images/catalog_267/rgb.png,256.18129227777484,99.39172777785551,21.35702476999985,1.982013000000255,13.67364135555512
catalog_268,Ginger Soy Bok Choy recipes,chinese,"[""lunch/dinner""]",['main course'],data/catalog/images/catalog_268/rgb.png,105.89470886669505,202.6388054167956,7.50439427750031,8.733912581633895,2.9742614983337843
catalog_269,Hibachi Style Teriyaki Vegetables,japanese,"[""lunch/dinner""]",['main course'],data/catalog/images/catalog_269/rgb.png,95.009125,178.0125,3.6108125,12.272575,5.4283625
catalog_270,"Avocado, labneh, roasted carrots & leaves",mediterranean,"[""lunch/dinner""]",['main course'],data/catalog/images/catalog_270/rgb.png,192.3729999998032,210.29999999996616,13.81748249998316,16.57072624999185,4.142023749993475
catalog_271,Sous Vide Mexican Corn on the Cob,mexican,"[""lunch/dinner""]",['main course'],data/catalog/images/catalog_271/rgb.png,262.749096,166.546545352701,15.00526456,32.658459,6.1277494
catalog_272,Healthy Baked Shrimp Boil Packets,mediterranean,"[""lunch/dinner""]",['main course'],data/catalog/images/catalog_272/rgb.png,298.9912179206896,59.89801275862069,31.953386279655174,2.191052840517241,2.435643102672414
catalog_273,Butter Garlic Mushrooms recipes,mediterranean,"[""lunch/dinner""]",['starter'],data/catalog/images/catalog_273/rgb.png,134.40042348300003,134.14481245465947,11.952011391807497,6.0867337535525,2.8579594664725
catalog_274,Polenta with Fresh Herbs and White Cheddar Cheese,italian,"[""lunch/dinner""]",['main course'],data/catalog/images/catalog_274/rgb.png,322.6326893050505,341.48285645839354,11.938423422854916,39.673923373793436,15.092373017853594
catalog_275,Cheese Ball Bites,french,"[""snack""]",['starter'],data/catalog/images/catalog_275/rgb.png,277.7037807276862,74.57720404987501,22.88035970142593,13.7612847213075,6.834920276187001
catalog_276,Chilled Vidalia Onion Soup,french,"[""lunch/dinner""]",['soup'],data/catalog/images/catalog_276/rgb.png,260.7680415096405,561.31244791673,14.043500616710013,32.85190106777007,4.04584770969006
catalog_277,Baked Sweet Potato Home Fries recipes,south american,"[""lunch/dinner""]",['starter'],data/catalog/images/catalog_277/rgb.png,244.057197752,255.12252086477775,10.5461178766,35.8322188932,3.23947907524
catalog_278,"Lorighittas with Shrimp, Mussels, and Orange",mediterranean,"[""lunch/dinner""]",['main course'],data/catalog/images/catalog_278/rgb.png,787.2000669792462,410.439445429964,25.566281307517826,85.73763878843805,50.6238448372177
catalog_279,Double mushroom sourdough puddings,british,"[""lunch/dinner""]",['main course'],data/catalog/images/catalog_279/rgb.png,354.11848467683564,362.5231466926717,5.479701670583089,57.374609954336115,19.932490352925182
catalog_280,Stuffed Capperino Peppers,italian,"[""lunch/dinner""]",['main course'],data/catalog/images/catalog_280/rgb.png,450.27386537782496,562.2060200000353,34.9581018488908,23.126204840175784,15.966555830001589
catalog_281,Grilled Corn and Shrimp Salad,south american,"[""lunch/dinner""]",['salad'],data/catalog/images/catalog_281/rgb.png,249.212375,212.4625,9.988256249999997,41.35114,6.16946875
catalog_282,Parsnip bubble & squeak hash,british,"[""lunch/dinner""]",['starter'],data/catalog/images/catalog_282/rgb.png,198.65625,164.125,11.127375,24.833624999999998,2.20115
catalog_283,Pommes Anna with Gruyère,french,"[""lunch/dinner""]",['main course'],data/catalog/images/catalog_283/rgb.png,320.6944218375,288.45963875,14.709439924875,36.32448428125,12.290801344375003
catalog_284,Lomi-Lomi Salmon,nordic,"[""lunch/dinner""]",['salad'],data/catalog/images/catalog_284/rgb.png,47.01772627222223,89.31555540578992,2.0309924938194452,3.9332072222222223,3.620699692083335
catalog_285,Cherry and Balsamic-Topped Alaska Cod,french,"[""lunch/dinner""]",['main course'],data/catalog/images/catalog_285/rgb.png,195.40773092065626,192.15628626035712,3.909167472745625,12.814961672,26.420747087325
catalog_286,“French Onion Soup” Pizza,italian,"[""lunch/dinner""]",['soup'],data/catalog/images/catalog_286/rgb.png,670.8120595771425,385.32309250338125,25.290632925252975,87.02281749299992,25.5971989783244
catalog_287,Zesty lentil & haddock pilaf,mediterranean,"[""lunch/dinner""]",['main course'],data/catalog/images/catalog_287/rgb.png,323.06125,170.75,5.7818125,51.4376625,17.1926875
catalog_288,Potato Soup With Apples And Brie Cheese recipes,french,"[""lunch/dinner""]",['soup'],data/catalog/images/catalog_288/rgb.png,634.3730831421875,684.843213515625,26.739287643828124,72.64571946082032,28.62138091125
catalog_289,• Ore-Ida® Shredded Hash Brown Potatoes recipes,french,"[""lunch/dinner""]",['starter'],data/catalog/images/catalog_289/rgb.png,281.4238437499805,229.86138187918786,16.279985312499512,28.43342421874605,6.222273437499182
catalog_290,IPA Corned Beef,south american,"[""lunch/dinner""]",['main course'],data/catalog/images/catalog_290/rgb.png,530.68992648,248.933198,40.333981206,2.608899375,32.69270449400001
catalog_291,Potato Curry,south east asian,"[""lunch/dinner""]",['main course'],data/catalog/images/catalog_291/rgb.png,51.26325,30.56507358575,2.3164900000000004,8.71135,2.1486025
catalog_292,Dad's Sliced Sausage,central europe,"[""lunch/dinner""]",['main course'],data/catalog/images/catalog_292/rgb.png,230.75343663333334,106.42579450376535,15.859292333333334,7.1890833333333335,14.44074794
catalog_293,Cherry Baked Brie,french,"[""lunch/dinner""]",['main course'],data/catalog/images/catalog_293/rgb.png,97.90086607018873,108.05657166386193,0.17626412333332217,25.114630009697233,0.8403965203332748
catalog_294,Ellen’s Fried Chicken,mediterranean,"[""lunch/dinner""]",['main course'],data/catalog/images/catalog_294/rgb.png,373.00240747769226,145.2290884375,29.32649347245385,11.880807692307696,14.576907548723081
catalog_295,FRIED PEPPER EGG,chinese,"[""breakfast""]",['main course'],data/catalog/images/catalog_295/rgb.png,113.42061979212143,28.8744791668061,1.482370520837385,20.869369791767554,3.789257291679965
catalog_296,Braised beef in red wine,french,"[""lunch/dinner""]",['main course'],data/catalog/images/catalog_296/rgb.png,830.2827499997596,343.63958333326735,59.07294791666602,2.98046874994961,67.08693041665987
catalog_297,"Pumpkin, fennel and gorgonzola bake",mediterranean,"[""lunch/dinner""]",['main course'],data/catalog/images/catalog_297/rgb.png,644.3289725187212,406.910359564332,55.2002023027355,27.945669836602775,14.121957336624568
catalog_298,Orange Pistachio-Stuffed Grilled Scallops Recipe,mediterranean,"[""lunch/dinner""]",['main course'],data/catalog/images/catalog_298/rgb.png,267.5021036760115,312.336708787379,12.003782475658577,23.73438163913543,17.972158947030593
catalog_299,Skinny Strawberry Honey Bruschetta,italian,"[""lunch/dinner""]",['starter'],data/catalog/images/catalog_299/rgb.png,69.63388135800012,44.70947856768918,0.42529415738281257,14.279757625606212,2.7241177791145605
catalog_300,Oat Frittata,italian,"[""breakfast""]","['main course', 'egg']",data/catalog/images/catalog_300/rgb.png,206.673500002178,81.17500000071645,2.80094,39.63562000059035,8.425910000002151
catalog_301,Summer Fruit Salad with Mint Dressing,mediterranean,"[""lunch/dinner""]",['salad'],data/catalog/images/catalog_301/rgb.png,113.47725,272.825,0.633295,28.699285,2.1547825
catalog_302,Seared Black Pepper-Crusted Ahi Tuna Steaks,japanese,"[""lunch/dinner""]",['main course'],data/catalog/images/catalog_302/rgb.png,273.2043812375,206.8779710741826,8.258065979875,6.839625,42.562139355
catalog_303,Grilled Lamb Chops,mediterranean,"[""lunch/dinner""]",['main course'],data/catalog/images/catalog_303/rgb.png,954.642173504185,264.4446337136045,88.4540452104734,0.9499,37.098990655
catalog_304,Zucchini Carrot Fritters recipes,south east asian,"[""lunch/dinner""]",['main course'],data/catalog/images/catalog_304/rgb.png,256.3081478404761,174.67693433588457,22.813063524047628,9.08687319047619,7.225418461904761
catalog_305,Potato Omelet Cups,french,"[""breakfast""]","['egg', 'main course']",data/catalog/images/catalog_305/rgb.png,377.03051980312495,188.46507708333334,20.435519891933335,30.4969378343125,17.345090059625
catalog_306,Chicken Bacon Ranch Quesadillas #SundaySupper recipes,mexican,"[""lunch/dinner""]",['main course'],data/catalog/images/catalog_306/rgb.png,490.055500002181,160.3500000005072,37.5185500002257,13.535375000029928,24.144950000006695
catalog_307,Yellow Squash Casserole,italian,"[""lunch/dinner""]",['main course'],data/catalog/images/catalog_307/rgb.png,356.8381017653812,320.7318748781475,26.093076095799123,18.34337914815,15.039653617714997
catalog_308,Healthy Gratin with Good-for-You Carbs,french,"[""lunch/dinner""]",['main course'],data/catalog/images/catalog_308/rgb.png,450.057845748417,431.76462130209376,23.654827882687165,41.87154107899505,19.37041486206137
catalog_309,Bangan ka Bhurta (Indian Eggplant),indian,"[""lunch/dinner""]",['main course'],data/catalog/images/catalog_309/rgb.png,62.46713194514192,199.5576388889678,1.5396934723011215,12.091230555555555,1.9975833333333333
catalog_310,Southwest Chicken Panini,italian,"[""lunch/dinner""]",['sandwiches'],data/catalog/images/catalog_310/rgb.png,783.5025,478.6875,33.058825,27.196175,89.30027499999998
catalog_311,Chicken Veggie Packets Recipe 5,french,"[""lunch/dinner""]",['main course'],data/catalog/images/catalog_311/rgb.png,69.730655425,153.604819375,1.078143013125,7.30547640775,8.68590573225
catalog_312,Crock Pot Chicken Parm,italian,"[""lunch/dinner""]",['main course'],data/catalog/images/catalog_312/rgb.png,254.38000000000102,160.33333333333755,3.032325000000027,29.415125000000117,25.5752916666668
catalog_313,Grilled Chicken and Plum Skewers recipes,mediterranean,"[""lunch/dinner""]",['main course'],data/catalog/images/catalog_313/rgb.png,186.025461,208.57309250000003,3.3021162735,12.222562499999997,26.4891708125
catalog_314,Chicken Parm Panini,italian,"[""lunch/dinner""]",['main course'],data/catalog/images/catalog_314/rgb.png,213.282461890577,130.42701484366123,6.945259505728145,9.34081095152877,26.793567862498065
catalog_315,Ladybug Caprese Bites,italian,"[""lunch/dinner""]",['starter'],data/catalog/images/catalog_315/rgb.png,69.07532235833334,35.08301541666667,4.787421792500001,2.042428814125,4.208029663333334
catalog_316,Breakfast Avocado Pita with Spiced Chickpeas recipes,mediterranean,"[""breakfast""]",['main course'],data/catalog/images/catalog_316/rgb.png,280.26904166667373,169.95747724726158,13.973546875000077,34.653778125002226,8.940186458333448
catalog_317,Quick Pan Sausage,british,"[""lunch/dinner""]",['main course'],data/catalog/images/catalog_317/rgb.png,171.78436440007104,118.97546566271225,8.780205239669556,0.8319302083470167,22.385895680835727
catalog_318,"Easy Chickpea ""Tofu",asian,"[""lunch/dinner""]",['main course'],data/catalog/images/catalog_318/rgb.png,150.24628667917298,149.38196441715485,8.353302289139858,13.580670707040117,5.19858398989402
catalog_319,Creamy Polenta with Crumbled Sausage,italian,"[""lunch/dinner""]",['main course'],data/catalog/images/catalog_319/rgb.png,545.94358994375,317.3768241875,38.489504307,27.5932572791875,22.72939055875
catalog_320,Hearty Lentil Stew,middle eastern,"[""lunch/dinner""]",['main course'],data/catalog/images/catalog_320/rgb.png,294.4247,618.3343153333334,0.8984271666666667,59.06818683333332,15.322404333333333
catalog_321,Simple Mason Jar Salad recipes,mediterranean,"[""lunch/dinner""]",['salad'],data/catalog/images/catalog_321/rgb.png,503.7770000048661,278.5875000007925,44.07874750043985,23.38037500014899,11.36873500016643
catalog_322,"Springtime Salad with Snow Peas, Cucumbers, and Radishes",mediterranean,"[""lunch/dinner""]",['salad'],data/catalog/images/catalog_322/rgb.png,63.310000000217975,171.25000000003803,2.844750000018905,8.0366250000089,2.289150000006733
catalog_323,Hummus Cucumber Bites,mediterranean,"[""lunch/dinner""]",['starter'],data/catalog/images/catalog_323/rgb.png,342.0775,310.75,16.8375,8.9685,38.21235
catalog_324,"Tomato, Hummus, and Spinach Sandwich recipes",mediterranean,"[""lunch/dinner""]",['sandwiches'],data/catalog/images/catalog_324/rgb.png,121.325,87.4601364742268,4.00437,16.65816,5.52274
catalog_325,Strawberry Spinach Salad with Poppy Seed Dressing recipes,mediterranean,"[""lunch/dinner""]",['salad'],data/catalog/images/catalog_325/rgb.png,117.16218750000003,81.646875,8.95335,6.282796875,4.8937875
catalog_326,Blue Cheese Coleslaw recipes,central europe,"[""lunch/dinner""]",['salad'],data/catalog/images/catalog_326/rgb.png,197.0887984590909,72.17465318181819,18.120431826818184,4.060106429909091,4.889107599090909
catalog_327,Spider Deviled Egg Recipe,french,"[""lunch/dinner""]",['starter'],data/catalog/images/catalog_327/rgb.png,162.0908125,91.48750000000001,14.422598125,3.18229375,5.462837499999998
catalog_328,Apricot-Mustard Sauce with Pork Chops,french,"[""lunch/dinner""]",['main course'],data/catalog/images/catalog_328/rgb.png,321.11944444444447,220.90277777777771,17.28770833333333,25.791631944444447,18.16131944444444
catalog_329,Swiss Salmon Recipe,nordic,"[""lunch/dinner""]",['main course'],data/catalog/images/catalog_329/rgb.png,293.3326838258259,125.2990462503201,19.0595587884618,6.945833333430966,23.769013017093418
catalog_330,Macaroni Taco Bake Recipe 4,mexican,"[""lunch/dinner""]",['main course'],data/catalog/images/catalog_330/rgb.png,749.160310128125,243.16389408203125,42.93592808108594,53.81177322883205,36.24303282740625
catalog_331,Spinach & Artichoke Stuffed Mushrooms recipes,mediterranean,"[""lunch/dinner""]",['main course'],data/catalog/images/catalog_331/rgb.png,17.9979009467879,43.69034343747837,0.543162792680303,2.443836348405521,1.628579366120051
catalog_332,Rice & bean enchiladas,mexican,"[""lunch/dinner""]",['main course'],data/catalog/images/catalog_332/rgb.png,240.105,159.625,3.54245625,43.750399999999985,8.322000000000001
catalog_333,Seafood Congee recipes,mediterranean,"[""lunch/dinner""]",['main course'],data/catalog/images/catalog_333/rgb.png,132.2777083333851,67.65279511174656,0.947575,20.799383333335026,9.30031041666671
catalog_334,"Broccoli & peas with sesame seeds, soy & honey",chinese,"[""lunch/dinner""]",['main course'],data/catalog/images/catalog_334/rgb.png,97.47125000027225,185.99687500008955,2.3759,15.868075000073794,6.4465468750002675
catalog_335,Marinated Steak,french,"[""lunch/dinner""]",['main course'],data/catalog/images/catalog_335/rgb.png,213.63518075011592,145.14653000004617,9.411298430751504,0.9591775000295535,24.273963110004804
catalog_336,My Mom's Pi Jiu Ya (Beer-Braised Duck),chinese,"[""lunch/dinner""]",['main course'],data/catalog/images/catalog_336/rgb.png,1432.7173811,420.2776108333333,133.83010105749997,9.221416666666666,40.60710857916667
catalog_337,Fresh and Simple Fruit Salad Recipe,south american,"[""lunch/dinner""]",['salad'],data/catalog/images/catalog_337/rgb.png,173.04270833333337,233.6208333333333,4.0392575,35.53936666666667,3.0882308333333324
catalog_338,Gazpacho Salsa,mexican,"[""lunch/dinner""]",['soup'],data/catalog/images/catalog_338/rgb.png,56.144677083347524,148.2864583333978,3.595154375000155,6.053385000004448,1.1139429166668926
catalog_339,Marinated Olives and Feta,greek,"[""lunch/dinner""]",['starter'],data/catalog/images/catalog_339/rgb.png,198.2037098,110.11497000000001,17.9781925,5.924045,5.544642499999998
catalog_340,Butterflied Leg of Lamb Masala,middle eastern,"[""lunch/dinner""]",['main course'],data/catalog/images/catalog_340/rgb.png,852.5747500000082,432.9531250000199,58.179392500000084,2.507005312501746,74.67891343750036
catalog_341,Summer Spaghetti,italian,"[""lunch/dinner""]",['main course'],data/catalog/images/catalog_341/rgb.png,1088.069382509375,522.00975796875,59.67573057467185,129.9415592265625,26.341629688593756
catalog_342,Red Chard with Olives and Lemon,italian,"[""lunch/dinner""]",['main course'],data/catalog/images/catalog_342/rgb.png,100.59502388888889,200.63313757908168,6.0459176925925915,11.290439999999998,3.5165521481481483
catalog_343,Dill Potato Wedges Recipe,french,"[""lunch/dinner""]",['main course'],data/catalog/images/catalog_343/rgb.png,148.2046538542025,150.87111462718795,4.7475509066676,22.92276061094335,4.38198496135705
catalog_344,Grilled Caprese Sandwich,italian,"[""lunch/dinner""]",['sandwiches'],data/catalog/images/catalog_344/rgb.png,558.318672834722,216.13745826388885,37.202220288472226,31.710234108006944,25.070843207222225
catalog_345,Simple Tuna Salad,mexican,"[""lunch/dinner""]",['salad'],data/catalog/images/catalog_345/rgb.png,498.3727628229451,334.18618260429565,13.33621190646906,48.892041220008906,45.48852316714628
catalog_346,Awesome Sockeye Salmon,nordic,"[""lunch/dinner""]",['main course'],data/catalog/images/catalog_346/rgb.png,220.1249389167018,106.60137910309193,14.49636128500045,0.8280427500101765,20.405383483334298
catalog_347,Honey-Ginger Salmon Skewers with Cucumber Salad recipes,nordic,"[""lunch/dinner""]",['salad'],data/catalog/images/catalog_347/rgb.png,482.26454860000024,289.84713875,30.6457915925,12.672575,38.967341305
catalog_348,Grilled Salmon Kebabs with Kale Tabbouleh,nordic,"[""lunch/dinner""]",['main course'],data/catalog/images/catalog_348/rgb.png,630.5274584508797,470.06708590799724,31.995756418591174,41.15543507826805,48.6432152284525
catalog_349,Pina Colada Pork Chops,mexican,"[""lunch/dinner""]",['main course'],data/catalog/images/catalog_349/rgb.png,310.9329863819445,236.1365045138889,17.96211527045139,7.162919444444445,31.411408794791676
catalog_350,Mango and Cucumber Salsa,mexican,"[""lunch/dinner""]",['salad'],data/catalog/images/catalog_350/rgb.png,19.938942727272728,49.931,0.12991292727272727,5.113917545454545,0.4021886363636363
catalog_351,The Supreme Shepherd's Pie,british,"[""lunch/dinner""]",['main course'],data/catalog/images/catalog_351/rgb.png,380.46447315,355.0230925,14.719417285,33.4884125,28.3280926475
catalog_352,Bok Choy & Quinoa Salad with Tahini Dr,chinese,"[""lunch/dinner""]",['salad'],data/catalog/images/catalog_352/rgb.png,195.54200000000006,185.1,6.46724,29.7878,7.3785
catalog_353,French Onion Soup Stuffed Mushrooms,french,"[""lunch/dinner""]",['soup'],data/catalog/images/catalog_353/rgb.png,81.61065161441122,68.82961246012968,5.593449922330711,3.15637858648058,3.3288022396483714
catalog_354,perfect butter-sauteed mushrooms,french,"[""lunch/dinner""]",['starter'],data/catalog/images/catalog_354/rgb.png,133.24938406902498,132.3925931075,12.438071150204,4.1141072888125,3.7592841168525
catalog_355,Crab Mashed Potatoes,british,"[""lunch/dinner""]",['main course'],data/catalog/images/catalog_355/rgb.png,328.27283517473444,267.4542780318566,16.064648658399687,27.921197705625,19.00167399426875
catalog_356,Spicy Rice Salad,south american,"[""lunch/dinner""]",['salad'],data/catalog/images/catalog_356/rgb.png,675.0251213947918,346.10736018064074,23.31260169729167,92.6469516684271,24.307510566822923
catalog_357,French Rice Salad Recipe,french,"[""lunch/dinner""]",['salad'],data/catalog/images/catalog_357/rgb.png,826.550666666667,628.374770185567,23.458983333333336,109.27622666666664,47.67131
catalog_358,Oriental (Asian) Coleslaw,chinese,"[""lunch/dinner""]",['salad'],data/catalog/images/catalog_358/rgb.png,378.4443788645833,156.82634715277774,31.292107790572917,20.017585394270835,8.124983726354166
catalog_359,Brown & Red Rice Salad,south american,"[""lunch/dinner""]",['salad'],data/catalog/images/catalog_359/rgb.png,277.0350000000197,279.68333333338967,7.4776550000001585,47.05304333333621,7.127126666669941
catalog_360,Turnip And Bacon Frittata Recipe,french,"[""breakfast""]","['main course', 'egg']",data/catalog/images/catalog_360/rgb.png,307.8199791666695,174.56041666667934,25.22422791666675,3.76823333333367,15.671675000000402
catalog_361,Caboches in Potage (Cabbage Soup),middle eastern,"[""lunch/dinner""]",['soup'],data/catalog/images/catalog_361/rgb.png,79.58728125,305.1953125,0.35577734375,16.368703125,4.726276875
catalog_362,"Irish Comfort Food You’ve Been Missing, Creamy Colcannon",british,"[""lunch/dinner""]",['main course'],data/catalog/images/catalog_362/rgb.png,500.08397375,585.2114405447553,13.925935675,85.94579500000002,12.4221895
catalog_363,Vegan Irish Skillet,british,"[""lunch/dinner""]",['main course'],data/catalog/images/catalog_363/rgb.png,229.242821912175,266.37001259271386,6.6167002844821665,33.169778534866666,12.300473060786667
catalog_364,Green Bean and Lentil Salad,indian,"[""lunch/dinner""]",['salad'],data/catalog/images/catalog_364/rgb.png,533.07775,237.975,22.72833,58.9215125,26.52669
catalog_365,"Chickpea, red pepper, egg & feta hash",greek,"[""lunch/dinner""]",['main course'],data/catalog/images/catalog_365/rgb.png,188.29075,175.61666666666667,7.9246275,21.624259166666665,9.249899166666665
catalog_366,Brussels Sprout Chestnut Rice recipes,central europe,"[""lunch/dinner""]",['main course'],data/catalog/images/catalog_366/rgb.png,179.3261195416867,157.0776447918356,3.2237802083356,34.41675,3.4894625
catalog_367,Portabella Pita,middle eastern,"[""lunch/dinner""]",['main course'],data/catalog/images/catalog_367/rgb.png,409.3288888880763,285.1444444442162,25.94094555549302,37.79990222221716,10.82944222216539
catalog_368,Veal Scaloppine with Spring Pea Coulis and Asparagus,french,"[""lunch/dinner""]",['main course'],data/catalog/images/catalog_368/rgb.png,179.83438024486802,262.67910034269534,7.997704916035018,11.479201985768603,16.630049422398148
catalog_369,Rice with Black Beans,mexican,"[""lunch/dinner""]",['main course'],data/catalog/images/catalog_369/rgb.png,166.86967303828126,146.5451165234375,2.1936986836523436,31.579465642699226,5.432047692566406
catalog_370,Rice and Veggie Stuffed Peppers,chinese,"[""lunch/dinner""]",['main course'],data/catalog/images/catalog_370/rgb.png,227.1195674913227,358.669249996543,2.4684850498872994,48.440294997787475,5.787834499640465
catalog_371,Garlic and hot pepper prawns (Gambas Al Ajillo),british,"[""lunch/dinner""]",['main course'],data/catalog/images/catalog_371/rgb.png,185.42874999999208,140.7968749999802,11.415156249999912,2.730242187498255,17.30811406249963
catalog_372,Spicy Chard with Ginger,south american,"[""lunch/dinner""]",['main course'],data/catalog/images/catalog_372/rgb.png,55.12092625,125.12510595060567,3.647088325,5.10783,2.1592830000000003
catalog_373,Chicken with Ginger-Pear-Cider Pan Sauce,french,"[""lunch/dinner""]",['main course'],data/catalog/images/catalog_373/rgb.png,316.747336,239.8105925,16.8549725235,13.485629999999997,28.2246958125
catalog_374,Light Nicoise Salad,french,"[""lunch/dinner""]",['salad'],data/catalog/images/catalog_374/rgb.png,300.715316967997,426.338548229933,10.697732493935437,33.3332659771125,20.1670315409175
catalog_375,Lucques Pork Burger,nordic,"[""lunch/dinner""]",['sandwiches'],data/catalog/images/catalog_375/rgb.png,838.9108419751218,283.271661875169,63.69823253437517,25.0159008368409,39.394420163129226
catalog_376,BLTA Wrap,british,"[""lunch/dinner""]",['sandwiches'],data/catalog/images/catalog_376/rgb.png,199.53791666666666,88.23958333333333,9.26871875,22.455894791666665,6.830895833333333
catalog_377,Watermelon Star Salads,indian,"[""lunch/dinner""]",['salad'],data/catalog/images/catalog_377/rgb.png,163.8575,275.25,5.1158,17.309375,13.513575
catalog_378,Bircher Müesli,central europe,"[""breakfast""]",['salad'],data/catalog/images/catalog_378/rgb.png,251.211878625,235.1730925,3.05113365625,49.025149265,9.80297971025
catalog_379,Banana Raita,indian,"[""lunch/dinner""]",['main course'],data/catalog/images/catalog_379/rgb.png,146.33694625,197.694875,5.00409585,21.7409981625,5.7009445875
catalog_380,Coconut Cauliflower Rice,south east asian,"[""lunch/dinner""]",['main course'],data/catalog/images/catalog_380/rgb.png,158.9477846875,206.7381095401942,13.2349219885,9.266002795875,3.8471650640000004
catalog_381,Vegetable Cashew Curry + Cauliflower Rice,south east asian,"[""lunch/dinner""]",['main course'],data/catalog/images/catalog_381/rgb.png,600.311211946875,481.353609849287,47.201186156354176,41.03016309934375,13.295815451604167
catalog_382,"Veggie Burger, Chickpea-Summer Squash",french,"[""lunch/dinner""]",['sandwiches'],data/catalog/images/catalog_382/rgb.png,351.160152109222,281.6309731462925,8.453179079686905,55.4035084374665,16.958619437497504
catalog_383,Simple South African Lamb Curry,indian,"[""lunch/dinner""]",['main course'],data/catalog/images/catalog_383/rgb.png,770.836592525116,182.70408208354615,78.75412729500152,7.846650000029553,8.388207899754802
catalog_384,Smoked Sausage Stir-Fry Recipe,chinese,"[""lunch/dinner""]",['main course'],data/catalog/images/catalog_384/rgb.png,473.382730875,396.3793425,16.624132124,52.44809603475,26.95325389
catalog_385,Miami Halibut,chinese,"[""lunch/dinner""]","['main course', 'starter']",data/catalog/images/catalog_385/rgb.png,260.39533730625,237.984161875,9.672660602937503,4.25925,37.42480410875
catalog_386,Roasted Tofu with Avocado Salsa,asian,"[""lunch/dinner""]",['main course'],data/catalog/images/catalog_386/rgb.png,176.70337500000002,108.7625,10.88757875,8.11785,15.25003
catalog_387,French in a Flash: Provençal Calamari Salad with Tarragon and Mint Recipe,french,"[""lunch/dinner""]","['salad', 'starter']",data/catalog/images/catalog_387/rgb.png,200.93629536400283,127.06313810000681,14.673238371463365,5.082171860710599,12.408728409656797
catalog_388,Salmon Cucumber Sandwiches Recipe,nordic,"[""lunch/dinner""]",['sandwiches'],data/catalog/images/catalog_388/rgb.png,257.5202161994792,158.03722182291668,10.08965798275,31.74305,10.901394926927082
catalog_389,Peanut Noodles with Chicken,asian,"[""lunch/dinner""]",['main course'],data/catalog/images/catalog_389/rgb.png,1271.672,543.1,62.65137499999997,102.607665,70.971375
catalog_390,Easy Salmon Teriyaki recipes,nordic,"[""lunch/dinner""]",['main course'],data/catalog/images/catalog_390/rgb.png,567.0689398,281.021185,33.98153254,10.408001249999998,47.64735924
catalog_391,Crispy Sesame Spinach,chinese,"[""snack""]",['starter'],data/catalog/images/catalog_391/rgb.png,115.01396560161236,37.51934000026269,8.37264000014788,10.61320000005341,2.3190000000403996
catalog_392,Spinach & Garlic Meatballs in the Instant Pot recipes,middle eastern,"[""lunch/dinner""]",['main course'],data/catalog/images/catalog_392/rgb.png,270.3427729165935,243.37150161919584,14.680977157080468,10.43057749507372,23.498987900057447
catalog_393,Steamed Vegetables,french,"[""lunch/dinner""]",['starter'],data/catalog/images/catalog_393/rgb.png,151.36833333333337,406.3833333333334,0.4885333333333333,36.65595,4.530106666666667
catalog_394,Fish Fajitas,french,"[""lunch/dinner""]",['main course'],data/catalog/images/catalog_394/rgb.png,191.7324188,194.85642583333333,8.9039325725,5.285433333333333,23.623583259166665
catalog_395,Citrus Mango Chicken Tacos,mexican,"[""lunch/dinner""]",['main course'],data/catalog/images/catalog_395/rgb.png,437.6414010625,269.514935,29.342636827,10.453100687500003,32.43800623675
catalog_396,Black Bean Mango Salad,mexican,"[""lunch/dinner""]",['salad'],data/catalog/images/catalog_396/rgb.png,311.74083333333334,152.08333333333334,6.7361,50.60000416666667,15.258429166666668
catalog_397,Swiss Chard and Herb Fritters,south east asian,"[""lunch/dinner""]",['main course'],data/catalog/images/catalog_397/rgb.png,339.9801325000326,190.3560127483993,29.24591300000369,13.505573000000002,7.936494000000001
catalog_398,Pork Chops Cordon Bleu,french,"[""lunch/dinner""]",['main course'],data/catalog/images/catalog_398/rgb.png,573.959875,293.4934570850515,29.474855,14.9880375,58.8243875
catalog_399,Kittencal's Easy Chicken Cordon Bleu,french,"[""lunch/dinner""]",['main course'],data/catalog/images/catalog_399/rgb.png,289.56357142857144,174.5,9.627128571428571,11.607600000000001,36.97671428571429
catalog_400,Reuben Casserole,kosher,"[""lunch/dinner""]",['main course'],data/catalog/images/catalog_400/rgb.png,273.05628690833345,122.43206166666666,23.21302437066667,4.2060652295,12.272980746416666
catalog_401,Simple Salmon and Spinach Sandwiches,nordic,"[""lunch/dinner""]",['sandwiches'],data/catalog/images/catalog_401/rgb.png,440.97100439409724,301.25515616319444,20.003992172725695,32.06772222222222,35.480857740364584
catalog_402,The 4-Ingredient Dinner I Make At Least Once a Week,nordic,"[""lunch/dinner""]",['main course'],data/catalog/images/catalog_402/rgb.png,598.9343487364465,437.81912697922826,33.35107992736658,37.2557132183729,37.7786951101875
catalog_403,Glenda's Mandarin Orange Salad,asian,"[""lunch/dinner""]",['salad'],data/catalog/images/catalog_403/rgb.png,358.07863972966635,265.9626973636627,22.799757018333334,36.41816776376688,5.217866699322917
catalog_404,Asian Spiral Cucumber Carrot Chickpea Salad recipes,indian,"[""lunch/dinner""]",['salad'],data/catalog/images/catalog_404/rgb.png,172.61483287500002,329.66687570306823,3.1991607975,30.686014,6.38623065
catalog_405,"Golden Beet, Halloumi, and Walnut Salad",eastern europe,"[""lunch/dinner""]",['salad'],data/catalog/images/catalog_405/rgb.png,476.9358895653813,174.08331588263994,41.7245811294033,21.274123914983335,8.916938634965
catalog_406,Smoky Mashed White & Sweet Potatoes,south american,"[""lunch/dinner""]",['starter'],data/catalog/images/catalog_406/rgb.png,157.35254670833334,193.7650678388432,4.489002338611113,25.9125921111111,4.198999933333335
catalog_407,"Red Snapper With Chick Peas, Fennel And White Wine",south american,"[""lunch/dinner""]","['starter', 'main course']",data/catalog/images/catalog_407/rgb.png,530.391465,594.2216784222164,15.7689509,32.48758,53.015596
catalog_408,Delights of Dijon — Vichyssoise Galette with White Wine Mustard,french,"[""lunch/dinner""]",['soup'],data/catalog/images/catalog_408/rgb.png,241.35644444446334,68.77728763203038,16.250208333333536,20.394068333339266,3.7251555555558564
catalog_409,Baked Pretzel Chicken Fingers recipes,eastern europe,"[""lunch/dinner""]",['main course'],data/catalog/images/catalog_409/rgb.png,283.1072247083333,141.34434583333334,4.230591090833335,34.430802166666666,25.653861966666668
catalog_410,Swedish Eggs,nordic,"[""lunch/dinner""]",['main course'],data/catalog/images/catalog_410/rgb.png,137.8050641,62.880773125,9.877669235,3.9105005650625,8.02995156125
catalog_411,Shepherd's Pie Skillet,british,"[""lunch/dinner""]",['main course'],data/catalog/images/catalog_411/rgb.png,480.95199813483333,608.16512183125,26.516280518363647,38.93989994127677,21.449313112980516
catalog_412,Mushroom and Kale Galette,french,"[""lunch/dinner""]",['main course'],data/catalog/images/catalog_412/rgb.png,570.8702503647218,400.789557676266,25.6941342068491,78.23361909696395,16.13462853079301
catalog_413,Salmon Patties,nordic,"[""lunch/dinner""]",['main course'],data/catalog/images/catalog_413/rgb.png,83.845,76.5625,4.42804375,1.22718125,10.08946875
catalog_414,"Aloo Gobi Recipe, How To Make Aloo Gobi Dr",indian,"[""lunch/dinner""]",['main course'],data/catalog/images/catalog_414/rgb.png,121.516125,153.34859080992268,3.831425,20.112931250000003,3.22370625
catalog_415,Calamari Tacos with Salsa Naranja recipes,mexican,"[""lunch/dinner""]","['starter', 'main course']",data/catalog/images/catalog_415/rgb.png,567.4443676499912,472.17526374997226,13.615171764749878,83.09888874849815,34.49918801999952
catalog_416,Pan Seared Pork Cutlet with Black Eyed Pea Salsa - Guest Post from Spatulas On Parade,mexican,"[""lunch/dinner""]",['main course'],data/catalog/images/catalog_416/rgb.png,425.172699488889,483.825552361111,16.547692214236108,30.64972722248612,38.85030241920833
catalog_417,Pineapple Fried Rice with a Thai Kick + Vegan Eats World Cookbook recipes,south east asian,"[""lunch/dinner""]",['main course'],data/catalog/images/catalog_417/rgb.png,519.7154166666668,387.48958333333326,7.899627083333335,96.32169166666665,17.542118750000007
catalog_418,Scalloped Potatoes with Ham recipes,french,"[""lunch/dinner""]",['main course'],data/catalog/images/catalog_418/rgb.png,536.2262065700829,276.1247837584374,39.77735179817779,31.667962228695313,15.3717147403275
catalog_419,Low Carb Fried Chicken,french,"[""lunch/dinner""]",['main course'],data/catalog/images/catalog_419/rgb.png,309.001375,102.58958333333332,26.80101958333334,2.6443841666666663,14.901816666666663
catalog_420,Instant Pot French Onion Risotto,french,"[""lunch/dinner""]",['main course'],data/catalog/images/catalog_420/rgb.png,256.6992043652965,184.6808237747001,9.481812937916667,30.684982605504647,9.8546994275
catalog_421,Kielbasa with Brussels Sprouts,central europe,"[""lunch/dinner""]",['main course'],data/catalog/images/catalog_421/rgb.png,414.5552455216095,248.1135377078125,31.9758398580247,13.32879351215625,21.237984714800003
catalog_422,STIR-FRIED SAUSAGES with red potatoes and Brussels sprouts recipes,central europe,"[""lunch/dinner""]",['main course'],data/catalog/images/catalog_422/rgb.png,423.236031225,426.1444829992475,18.613586061027778,53.33128285416667,11.588095340694444
catalog_423,Israeli Couscous and Apple Salad,middle eastern,"[""lunch/dinner""]",['main course'],data/catalog/images/catalog_423/rgb.png,319.61515954358765,142.93553946291667,17.267298931824417,34.280978054433334,7.6598190233100025
catalog_424,Feta Cheese Turkey Burgers,greek,"[""lunch/dinner""]",['main course'],data/catalog/images/catalog_424/rgb.png,231.42696682922002,134.962149422,14.894274927157198,2.50972827008,22.322417621888
catalog_425,Mediterranean Quesadillas,mexican,"[""lunch/dinner""]",['main course'],data/catalog/images/catalog_425/rgb.png,608.5066576291432,198.69904625,40.66175752217065,32.0947527043708,32.594915044375
catalog_426,Smoked Salmon Cucumber Bites recipes,nordic,"[""lunch/dinner""]",['main course'],data/catalog/images/catalog_426/rgb.png,16.85530294500001,23.596956166666658,0.9939949161166666,0.7300647829666667,1.33376241875
catalog_427,"Roasted Sweet Potatoes with Quinoa, Kale, Dried Cranberries, and Feta",greek,"[""lunch/dinner""]",['main course'],data/catalog/images/catalog_427/rgb.png,513.24380625,221.8837263584407,24.087227125,66.2018,10.921385
catalog_428,Green Tomatillo Gazpacho,south american,"[""lunch/dinner""]",['soup'],data/catalog/images/catalog_428/rgb.png,171.4513631953703,237.9714135185185,11.611589546518518,14.615984289870374,4.790307664833334
catalog_429,Grilled Swordfish with Charred Leeks and Citrus,south american,"[""lunch/dinner""]",['main course'],data/catalog/images/catalog_429/rgb.png,812.9505767308877,785.59542539901,44.66260053420575,32.0004486553,70.38466772048
catalog_430,Baked Salmon Asparagus Sheet Pan Dinner,nordic,"[""lunch/dinner""]",['main course'],data/catalog/images/catalog_430/rgb.png,464.014751725116,390.41771500004626,17.597550544001507,23.345889739029555,52.2020089950048
catalog_431,Super Easy Coleslaw with a Twist,central europe,"[""lunch/dinner""]",['salad'],data/catalog/images/catalog_431/rgb.png,314.84775,387.414431265464,16.599600000000002,43.0986875,5.0753225
catalog_432,Sesame Tofu With Broccoli,asian,"[""lunch/dinner""]",['main course'],data/catalog/images/catalog_432/rgb.png,472.93099674283724,374.65180315984725,30.690665122316027,38.148174792943976,17.876443283416993
catalog_433,POPIAH / FRESH THIN SPRING ROLLS,south east asian,"[""lunch/dinner""]",['starter'],data/catalog/images/catalog_433/rgb.png,353.9789217571429,129.63844289732143,5.372932992781251,56.0264001954241,21.664584278638394
catalog_434,Red Snapper on Couscous with Peas,mexican,"[""lunch/dinner""]","['main course', 'starter']",data/catalog/images/catalog_434/rgb.png,297.0562988625,279.919426359375,2.66342657759375,37.12173020312501,29.52244978265625
catalog_435,Mexican Chicken Salsa Salad,mexican,"[""lunch/dinner""]",['salad'],data/catalog/images/catalog_435/rgb.png,275.52279611875,157.53310833749998,9.735096795125,30.53127935312501,18.1518483609375
catalog_436,The Best Grilled Steak Ever!,south american,"[""lunch/dinner""]",['main course'],data/catalog/images/catalog_436/rgb.png,1077.5681598233334,439.95118020833337,85.1671766,3.0591666666666666,75.42531313866665
catalog_437,Easy Tomato Omelette,indian,"[""breakfast""]","['main course', 'egg']",data/catalog/images/catalog_437/rgb.png,415.3391655555556,317.2621939560481,35.71576304444444,12.23996222222222,14.022544
catalog_438,Boursin Scrambled Eggs,chinese,"[""breakfast""]",['main course'],data/catalog/images/catalog_438/rgb.png,278.1703742100393,145.1884888021892,22.076838343470744,2.2525756398407215,17.106377271032024
catalog_439,Mexican Street Corn Dip,mexican,"[""lunch/dinner""]",['main course'],data/catalog/images/catalog_439/rgb.png,198.97599089453124,233.018921320933,8.467524377109374,30.740801172265623,6.203353046992188
catalog_440,Strawberry Guava Crock Pot Chicken Recipe,caribbean,"[""lunch/dinner""]",['main course'],data/catalog/images/catalog_440/rgb.png,377.4833698332045,203.59431659371617,5.766647932333317,56.68391208330246,23.476491374999913
catalog_441,Quick Beef Stroganoff,eastern europe,"[""lunch/dinner""]",['main course'],data/catalog/images/catalog_441/rgb.png,422.2887712432625,261.30754636304874,18.43518939797325,45.02224265755,20.28609865868
catalog_442,Spinach Chicken Wreath,british,"[""lunch/dinner""]",['main course'],data/catalog/images/catalog_442/rgb.png,320.1355083359375,138.59028,14.626101597015625,31.645813661796875,15.8567797703125
catalog_443,Red Lentil Spinach Soup Ready in 30 minutes! recipes,british,"[""lunch/dinner""]",['soup'],data/catalog/images/catalog_443/rgb.png,246.6995726026133,339.98333333333335,0.9786955355033337,44.93180562512333,16.87542695063
catalog_444,Calico Beans Recipe 4,mexican,"[""lunch/dinner""]",['main course'],data/catalog/images/catalog_444/rgb.png,442.9641667601563,328.852017734375,14.289315237210934,53.283665346640625,26.521972342888017
catalog_445,Hot Ham & Swiss Croissants recipes,british,"[""lunch/dinner""]",['sandwiches'],data/catalog/images/catalog_445/rgb.png,548.9709966998545,212.6949674999617,33.47892589,24.748975757712422,36.54957085499995
catalog_446,Cannellini Bean and Tuna Salad,south american,"[""lunch/dinner""]",['salad'],data/catalog/images/catalog_446/rgb.png,275.822990053125,254.05728453661763,7.846779689046876,33.224773536875,19.52269677903125
catalog_447,Spicy Lamb Meatballs with Raisin Pesto,asian,"[""lunch/dinner""]",['main course'],data/catalog/images/catalog_447/rgb.png,739.4466833496623,262.62188360163475,64.07372273354157,16.816178281159775,25.742487625829824
catalog_448,Carne Asada Sirloin Recipe,mexican,"[""lunch/dinner""]",['main course'],data/catalog/images/catalog_448/rgb.png,253.280814399025,125.52632320210462,16.5358847271965,2.4670508376,23.00089226236
catalog_449,The Quickest Black Bean Salad recipes,mexican,"[""lunch/dinner""]",['salad'],data/catalog/images/catalog_449/rgb.png,341.89577835,482.983685,1.4352339365,69.47557296,17.479684955500005
catalog_450,Grilled Asparagus With Lemon Pepper and Balsamic Vinegar,british,"[""lunch/dinner""]",['starter'],data/catalog/images/catalog_450/rgb.png,64.54483374688571,137.85897663142856,4.025712136510285,5.965249255257143,2.912407867951429
catalog_451,"Stuffed, Fried Cubanella Sweet Peppers",chinese,"[""lunch/dinner""]",['main course'],data/catalog/images/catalog_451/rgb.png,255.60244895833333,77.25184895833333,17.536058333333333,14.789216770833333,9.708149791666667
catalog_452,Fried Green Tomatoes,south east asian,"[""lunch/dinner""]",['main course'],data/catalog/images/catalog_452/rgb.png,253.59164528188134,166.2760885680506,22.520523540350236,4.522444444444443,9.713322222222223
catalog_453,Japanese Stir Fry Zucchini,japanese,"[""lunch/dinner""]",['main course'],data/catalog/images/catalog_453/rgb.png,122.77077749999998,172.26525,8.572547150000002,9.44486,3.769836
catalog_454,New Potato Salad for a Crowd,central europe,"[""lunch/dinner""]",['salad'],data/catalog/images/catalog_454/rgb.png,644.0943941535714,285.40846017073085,56.314134038214284,27.54307255948214,7.731135173
catalog_455,Beet and Potato Salad,nordic,"[""lunch/dinner""]",['salad'],data/catalog/images/catalog_455/rgb.png,129.60331597222222,225.6134814429768,1.9224444444444444,25.686366597222225,3.7089614583333326
catalog_456,Teriyaki Potatoes,japanese,"[""lunch/dinner""]",['main course'],data/catalog/images/catalog_456/rgb.png,129.08493746978803,142.88687766660001,2.4041332732217997,24.6062127582956,3.049852075492
catalog_457,Spicy Oven Roasted Chickpeas,middle eastern,"[""lunch/dinner""]",['main course'],data/catalog/images/catalog_457/rgb.png,239.4320000002217,174.39110455515885,5.3410407291706425,43.645384375047826,11.485220833340586
catalog_458,Simple Avocado Tuna Salad,mexican,"[""lunch/dinner""]",['salad'],data/catalog/images/catalog_458/rgb.png,327.8224999999351,309.0750445673577,16.42680555555488,14.77288333331246,34.90463888888642
catalog_459,Avocado Salad,mexican,"[""lunch/dinner""]",['salad'],data/catalog/images/catalog_459/rgb.png,185.925,179.75,13.24325,16.694125000000003,4.2572
catalog_460,"Goat Cheese, Blackberry and Almond Topped Toast",british,"[""breakfast""]",['main course'],data/catalog/images/catalog_460/rgb.png,199.0194955259581,80.17476156255388,8.65888718968601,23.14380000026593,8.756468389059345
catalog_461,Spicy Honey-Chipotle Salmon Bowl,nordic,"[""lunch/dinner""]",['main course'],data/catalog/images/catalog_461/rgb.png,664.5748451619515,570.69855997877,29.28846126100213,68.21699483758336,34.570689458187545
catalog_462,Parsnip mash with apple,british,"[""lunch/dinner""]",['main course'],data/catalog/images/catalog_462/rgb.png,208.58345653946319,228.01796154010353,7.877965000053364,34.781987153924966,2.494888705179927
catalog_463,Smoked Meatballs with Fusilli Marinara,nordic,"[""lunch/dinner""]",['main course'],data/catalog/images/catalog_463/rgb.png,1450.817568195756,733.5529668483755,74.09786691442974,131.18418888925373,64.3322071179397
catalog_464,Cassy's Barbecue Chip Burgers,nordic,"[""lunch/dinner""]",['main course'],data/catalog/images/catalog_464/rgb.png,237.794552475,81.34654625,18.42407275,3.61911,13.886538454999998
catalog_465,Skillet Burrito Bowl,mexican,"[""lunch/dinner""]",['sandwiches'],data/catalog/images/catalog_465/rgb.png,581.080089721875,346.25785046875,33.21475828409375,37.9734804381875,32.812406162140626
catalog_466,Kimchi Fried Rice,chinese,"[""lunch/dinner""]",['main course'],data/catalog/images/catalog_466/rgb.png,588.8351875,246.09,7.592477375,117.048440875,13.06545325
catalog_467,Open Faced Afternoon Tea Sandwiches,british,"[""lunch/dinner""]",['sandwiches'],data/catalog/images/catalog_467/rgb.png,194.3743624999744,152.0762499999694,6.181707874999731,30.14299437499493,7.043536124998667
catalog_468,Sheet Pan Shrimp Fajitas,mexican,"[""lunch/dinner""]",['main course'],data/catalog/images/catalog_468/rgb.png,230.706378625,207.0105925,3.36814277175,25.735825,25.3289915925
catalog_469,Mexican Rice Dinner,mexican,"[""lunch/dinner""]",['main course'],data/catalog/images/catalog_469/rgb.png,229.46038498333334,86.17436416666668,8.435447833333333,30.845375000000008,9.699678136666668
catalog_470,Western style sushi,japanese,"[""lunch/dinner""]",['main course'],data/catalog/images/catalog_470/rgb.png,314.3025,189.9705886875,0.424125,70.49407500000001,4.833562500000001
catalog_471,Peanut Butter Noodles With Cucumbers,asian,"[""lunch/dinner""]",['salad'],data/catalog/images/catalog_471/rgb.png,653.3391255162827,225.05939736487878,29.962243111445975,77.83030510646387,23.157157804895
catalog_472,Veggie Crisp,indian,"[""lunch/dinner""]",['main course'],data/catalog/images/catalog_472/rgb.png,163.809937671875,240.30712423591982,4.035770256493055,26.22135610416667,8.523253176388888
catalog_473,"Pico De Gallo, Simplicity",mexican,"[""lunch/dinner""]",['salad'],data/catalog/images/catalog_473/rgb.png,153.69822222222226,626.0061023084195,1.018031111111111,38.50077361111111,5.21223666666667
catalog_474,Chef Salad — Steemit,south american,"[""lunch/dinner""]",['salad'],data/catalog/images/catalog_474/rgb.png,162.29333333333332,251.95833333333334,8.836216666666669,10.316566666666667,12.98830833333333
catalog_475,Primal Roast Beast Wrap Recipe,british,"[""lunch/dinner""]",['main course'],data/catalog/images/catalog_475/rgb.png,176.56122245416668,61.71410645833333,10.893208487916667,8.308579166666666,10.967526286875
catalog_476,Reuben Quesadilla,mexican,"[""lunch/dinner""]",['main course'],data/catalog/images/catalog_476/rgb.png,144.2832812501625,29.664062500125,14.839996093750587,3.000835937543875,0.0954820312504625
catalog_477,Mandarin Coleslaw Recipe,mexican,"[""lunch/dinner""]",['salad'],data/catalog/images/catalog_477/rgb.png,279.55395410859376,112.14750126918825,25.208899459007814,13.327176737109374,0.7308220334921876
catalog_478,Potato Salad with Green Beans and Asparagu,japanese,"[""lunch/dinner""]",['salad'],data/catalog/images/catalog_478/rgb.png,258.3201829805555,449.70868277777777,17.271630525722223,24.74546124863889,6.50629523163889
catalog_479,Sausage Sweet Potato And Bell Pepper Hash,eastern europe,"[""lunch/dinner""]",['main course'],data/catalog/images/catalog_479/rgb.png,380.8346737416667,292.5052034206147,21.295185180625,34.07408753141669,14.665235890958336
catalog_480,Low Carb Avocado Tuna Salad,mexican,"[""lunch/dinner""]",['salad'],data/catalog/images/catalog_480/rgb.png,175.29357075000001,125.92995081319845,11.074634395000002,7.625853,13.2771108
catalog_481,Apple Sausage Stuffing,central europe,"[""lunch/dinner""]",['main course'],data/catalog/images/catalog_481/rgb.png,752.9522558557406,407.0760219021876,41.36591406801133,72.7246756865875,25.25930320660875
catalog_482,Saffron Rice,middle eastern,"[""lunch/dinner""]",['main course'],data/catalog/images/catalog_482/rgb.png,226.76088281255446,162.1704427083817,3.9795748046885273,42.1583214062615,5.492583593752003
catalog_483,"Sausage, Potato and Kale Soup",central europe,"[""lunch/dinner""]",['soup'],data/catalog/images/catalog_483/rgb.png,512.5688781902819,546.4433678087092,27.49356982118725,50.21978794858115,19.00810145122406
catalog_484,Caribbean Okra,caribbean,"[""lunch/dinner""]",['main course'],data/catalog/images/catalog_484/rgb.png,35.68625,112.375,0.2159875,8.085925000000003,1.6153124999999997
catalog_485,"Orzo with Lamb, Olives & Feta",greek,"[""lunch/dinner""]",['main course'],data/catalog/images/catalog_485/rgb.png,516.76990815,283.6833715685245,15.742971841781252,72.52273590665625,20.868094591281253
catalog_486,Summer Chicken Burgers,nordic,"[""lunch/dinner""]",['main course'],data/catalog/images/catalog_486/rgb.png,578.56741707305,337.40537355500004,37.235687317892996,6.2743206752,55.80604405472
catalog_487,"Heirloom Tomato, Zucchini, Caramelized Onion and Feta Galette recipes",greek,"[""lunch/dinner""]",['main course'],data/catalog/images/catalog_487/rgb.png,449.2170050625,325.08175964713075,28.57756244125,42.570310875,7.9907589
catalog_488,Nutty Brussels Sprouts,central europe,"[""lunch/dinner""]",['starter'],data/catalog/images/catalog_488/rgb.png,251.8598636388888,92.26368157308617,21.850895046111116,13.197489,3.846754066666667
catalog_489,Austrian Salad,south american,"[""lunch/dinner""]",['salad'],data/catalog/images/catalog_489/rgb.png,591.7425808374245,513.602474680697,47.95149835242445,18.175542771297653,25.5669759622338
catalog_490,M'baazi,british,"[""lunch/dinner""]",['main course'],data/catalog/images/catalog_490/rgb.png,213.82969921876065,111.16999927302466,20.414070060764082,7.95017291666895,2.058476736111458
catalog_491,Sweet Potato Latkes,kosher,"[""lunch/dinner""]",['main course'],data/catalog/images/catalog_491/rgb.png,78.23035871380397,77.34123490290024,1.9620124551488263,13.16991079920575,2.20814961213541
catalog_492,Salmon Cakes,nordic,"[""lunch/dinner""]",['main course'],data/catalog/images/catalog_492/rgb.png,184.82360791666667,74.24936416666667,15.253406273333335,2.6508082353333333,9.771399229583336
catalog_493,Anne Burrell's Full English Breakfast,british,"[""breakfast""]",['main course'],data/catalog/images/catalog_493/rgb.png,653.965421278652,388.8880527778993,51.27294652787665,15.764552083333404,31.63698784722324
catalog_494,Grilled Root Vegetables,chinese,"[""lunch/dinner""]",['main course'],data/catalog/images/catalog_494/rgb.png,387.429314796225,614.1288946540164,12.476842009982503,57.139159984,18.1516220658
catalog_495,"Spaghetti Squash and Tortellini with Lemon, Herb and Feta Dressing",greek,"[""lunch/dinner""]",['main course'],data/catalog/images/catalog_495/rgb.png,434.196375,252.744892943299,16.21500375,57.3362375,16.656368750000002
catalog_496,Chicken Curry Salad,indian,"[""lunch/dinner""]",['salad'],data/catalog/images/catalog_496/rgb.png,241.6211111111111,148.28634396262888,15.914484722222223,6.527711111111112,17.907016666666667
catalog_497,Wild Rice Salad Recipe,south american,"[""lunch/dinner""]",['salad'],data/catalog/images/catalog_497/rgb.png,577.962256163453,313.8830552368087,22.23066503277906,88.3066397625625,15.611720376475
catalog_498,Scallion Egg Drop Soup,chinese,"[""lunch/dinner""]",['soup'],data/catalog/images/catalog_498/rgb.png,142.9422900012778,588.465666667011,6.33115973333359,8.486863666972136,12.114545333335116
catalog_499,Crispy Fried Eggs,chinese,"[""lunch/dinner""]",['starter'],data/catalog/images/catalog_499/rgb.png,431.033798125,155.55948595834448,30.961631890625,20.7925375,16.549794375
catalog_500,Crispy Chicken Wings,south american,"[""lunch/dinner""]",['main course'],data/catalog/images/catalog_500/rgb.png,894.12256560484,299.1679207653965,68.416688696643,24.3391986752,42.98859278472
catalog_501,Tex-Mex Pork Chops,mexican,"[""lunch/dinner""]",['main course'],data/catalog/images/catalog_501/rgb.png,393.97089985625,295.599523125,21.656318712437496,5.60347806375,42.3813165665
catalog_502,Game-Winning 7-Layer Dip,mexican,"[""lunch/dinner""]",['main course'],data/catalog/images/catalog_502/rgb.png,195.09324438888902,163.5931727777778,12.216726106166666,15.307702608888883,8.743264448777778
catalog_503,Jalapeno Pepper Appetizers,mexican,"[""snack""]",['starter'],data/catalog/images/catalog_503/rgb.png,231.3533309375,89.974523125,19.760360955,4.5326311765,9.4551206721875
catalog_504,EASY Three Cheese Queso Dip,caribbean,"[""lunch/dinner""]",['main course'],data/catalog/images/catalog_504/rgb.png,247.525014909375,95.08654625,19.5430863603125,5.18398639925,13.1705937009375
catalog_505,Breakfast Sausage Casserole Recipe - (4.2/5),british,"[""breakfast""]",['main course'],data/catalog/images/catalog_505/rgb.png,270.9078875958333,126.36571291666667,19.069786447083334,9.977986706291667,14.83112927875
catalog_506,Breakfast Sausage Casserole recipes,british,"[""breakfast""]",['main course'],data/catalog/images/catalog_506/rgb.png,262.56383546666666,130.46603083333335,17.339692313333334,12.059200753416667,14.442268748333333
catalog_507,Fresh Asparagus Patties,south american,"[""lunch/dinner""]",['main course'],data/catalog/images/catalog_507/rgb.png,101.67964039792396,105.85473335721291,5.5282000773189415,7.7572579856266906,6.1047458024075185
catalog_508,Garlic Parmesan Edamame with Toasted Black,south east asian,"[""lunch/dinner""]",['main course'],data/catalog/images/catalog_508/rgb.png,141.74152354731154,72.7967823780099,8.46664027847532,6.13286043751795,11.462802387513493
catalog_509,Quick and Easy Salad,south american,"[""lunch/dinner""]",['salad'],data/catalog/images/catalog_509/rgb.png,170.179806375,188.78650651041667,8.990203701453128,14.969424932000003,11.062495731489584
catalog_510,Crock Pot Shrimp Scampi Recipe,chinese,"[""lunch/dinner""]",['main course'],data/catalog/images/catalog_510/rgb.png,473.8242201317325,311.4295554714485,5.146772436252117,61.33062108004666,45.365478225518
catalog_511,Pressure Cooker Corned Beef and Cabbage Recipe,middle eastern,"[""lunch/dinner""]",['main course'],data/catalog/images/catalog_511/rgb.png,151.964111575,294.36179175,8.606957891250001,9.289778664749997,10.36739979875
catalog_512,Easy Crockpot Shredded Barbecue Chicken recipe,british,"[""lunch/dinner""]",['main course'],data/catalog/images/catalog_512/rgb.png,231.15587436422126,190.85624162781764,3.3192814358224387,22.55342479802456,25.96785042853874
catalog_513,Easy Coconut Rice Made in a Rice Cooker,south east asian,"[""lunch/dinner""]",['main course'],data/catalog/images/catalog_513/rgb.png,235.42203124981475,135.68221537497186,7.393300781231898,38.18562187499337,3.982493749998069
catalog_514,Coconut Milk Tilapia,south american,"[""lunch/dinner""]",['main course'],data/catalog/images/catalog_514/rgb.png,425.53744956136,432.028806378498,20.2147301215,35.523127991875,29.557123295
catalog_515,Cherry Chicken,british,"[""lunch/dinner""]",['main course'],data/catalog/images/catalog_515/rgb.png,1086.9670857467756,664.6511867142204,64.2287330155702,65.1859420442128,63.008978060580525
catalog_516,Couscous with Scallions,middle eastern,"[""lunch/dinner""]",['main course'],data/catalog/images/catalog_516/rgb.png,137.12143966666667,101.3046558434811,2.5535616466666666,23.430318666666665,4.7282258666666666
catalog_517,Broccoli and Sesame Rice,chinese,"[""lunch/dinner""]",['main course'],data/catalog/images/catalog_517/rgb.png,148.92814814814815,64.91308851374572,2.52112962962963,28.01184814814815,3.4692388888888885
catalog_518,Grilled Teriyaki Steak,japanese,"[""lunch/dinner""]",['main course'],data/catalog/images/catalog_518/rgb.png,266.3082248196625,173.28698138892693,14.955669728907797,7.803694444453347,25.4837082591734
catalog_519,Grilled Chicken and Chopped Veggie Salad with Sesame-Ginger Vinaigrette,asian,"[""lunch/dinner""]",['salad'],data/catalog/images/catalog_519/rgb.png,502.8620306069445,347.10889167982526,40.3982112251389,11.88608729646528,23.24545371416667
catalog_520,JW Fried Chicken,south american,"[""lunch/dinner""]",['main course'],data/catalog/images/catalog_520/rgb.png,1737.1172110684702,650.9307108436565,127.93460550927527,83.5687441816,61.74466570491
catalog_521,Winnie's Sweet 'N' Sour Fish,chinese,"[""lunch/dinner""]",['main course'],data/catalog/images/catalog_521/rgb.png,613.5159763306473,564.677485331801,5.516983735034975,79.56258465586197,58.36284010485655
catalog_522,Tropical Island Fruit Salad,caribbean,"[""lunch/dinner""]",['salad'],data/catalog/images/catalog_522/rgb.png,108.80688095238092,197.01666666666665,0.49669833333333335,27.75572857142857,1.292944047619048
catalog_523,Forbidden Rice And Pineapple Salad Recipe,south east asian,"[""lunch/dinner""]",['salad'],data/catalog/images/catalog_523/rgb.png,41.92240549516909,12.850981280195912,2.0027037620772945,5.4692822705314,0.6006038405797102
catalog_524,"Eggplant with Bell Pepper, Feta, and Green Olives",greek,"[""lunch/dinner""]",['main course'],data/catalog/images/catalog_524/rgb.png,115.987324674715,206.95153831975,7.0759004931875,11.389455748625,3.942141141875
catalog_525,Roast Lamb with Figs,middle eastern,"[""lunch/dinner""]",['main course'],data/catalog/images/catalog_525/rgb.png,1103.7288506946554,448.3592013892943,83.60013979166935,29.643551666720825,48.21898666667515
catalog_526,Quinoa With Mushrooms & Arugula recipes,south american,"[""lunch/dinner""]",['main course'],data/catalog/images/catalog_526/rgb.png,259.995345611525,224.83179579114264,15.4357263584465,25.6576415651,7.13243731736
catalog_527,Eggplant Dip with Rosemary and Roasted Tomatoes – Baba Ghanoush Recipe,middle eastern,"[""lunch/dinner""]",['main course'],data/catalog/images/catalog_527/rgb.png,109.5290799249188,480.138390573671,1.02123517545916,25.5251223983339,4.33173873305692
catalog_528,Chickpea Curry | FastDay Intermittent Fasting,indian,"[""lunch/dinner""]",['main course'],data/catalog/images/catalog_528/rgb.png,238.89890242968875,248.2061934897505,12.484026959843765,28.297646125000323,6.71468058125005
catalog_529,Binghamton Spiedies recipes,middle eastern,"[""lunch/dinner""]",['main course'],data/catalog/images/catalog_529/rgb.png,707.76152665,444.8222266667282,46.02350064,26.8406,45.680956725
catalog_530,Pan-Fried Salmon in Curry Cream Sauce,nordic,"[""lunch/dinner""]",['main course'],data/catalog/images/catalog_530/rgb.png,443.6695228703551,177.92345911082245,36.84280413178608,2.8397140043757445,25.039718041539704
catalog_531,Roasted Sweet Potato & Beet Stacks,south american,"[""lunch/dinner""]",['main course'],data/catalog/images/catalog_531/rgb.png,151.906577625,236.28446133190334,4.2489230825,25.403922875,4.2527811125
catalog_532,Grape Leaves with Bulgur and Mint,middle eastern,"[""lunch/dinner""]",['salad'],data/catalog/images/catalog_532/rgb.png,62.675060965499995,56.790366475,3.44154013295,7.588337305877502,1.2201474249800004
catalog_533,Grilled Salmon with Cilantro-Pecan Pesto,nordic,"[""lunch/dinner""]",['main course'],data/catalog/images/catalog_533/rgb.png,226.9762016079403,61.84826643704437,22.505010961933944,1.9201355446713546,5.358303857449315
catalog_534,Montreal-Style Hanger Steak & Sweet Potato Frites recipes,south american,"[""lunch/dinner""]",['main course'],data/catalog/images/catalog_534/rgb.png,507.14555688414623,387.17274999993526,21.754987744106394,48.034946270936,31.190756661673625
catalog_535,"Salmon With Oranges, Tomatoes, and Olives",nordic,"[""lunch/dinner""]",['main course'],data/catalog/images/catalog_535/rgb.png,285.409457688025,251.44968857910075,19.5812001117965,9.229903414007497,18.7643321296
catalog_536,Portobello Burgers Recipe,british,"[""lunch/dinner""]",['main course'],data/catalog/images/catalog_536/rgb.png,335.60425000000436,252.625000000019,16.46203000000012,33.217187500000506,14.7530125000006
catalog_537,Grilled Scallops And Mushrooms In Foil Packets,south american,"[""lunch/dinner""]",['main course'],data/catalog/images/catalog_537/rgb.png,393.276698,379.1692775,24.636744820999994,12.6437514985,31.62827194325
catalog_538,Dinner Tonight: Bubble and Squeak Recipe,british,"[""lunch/dinner""]",['main course'],data/catalog/images/catalog_538/rgb.png,322.78257406343124,305.47562665965626,21.44220674337962,30.77729128335,5.1851785687475
catalog_539,Classic Reuben Sandwich (Corned Beef on Rye With Sauerkraut and Swiss) Recipe,central europe,"[""lunch/dinner""]",['sandwiches'],data/catalog/images/catalog_539/rgb.png,704.5878276679302,287.87638451612673,57.05326093230892,14.262294958746992,34.030727582881674
catalog_540,Polish Cucumber Salad (Mizeria),eastern europe,"[""lunch/dinner""]",['salad'],data/catalog/images/catalog_540/rgb.png,92.629307125,128.30271270729253,7.568164769166665,5.747661833333335,1.7316199333333335
catalog_541,"Quinoa, lentil & feta salad",greek,"[""lunch/dinner""]",['salad'],data/catalog/images/catalog_541/rgb.png,497.9118134920636,149.35939153439153,2.3409385582010582,88.55792543650793,33.94912625661376
catalog_542,Mandarin Orange Salad,asian,"[""lunch/dinner""]",['salad'],data/catalog/images/catalog_542/rgb.png,556.4149753356285,213.04307092743406,39.05661895806465,46.359273346312,12.909292613762677
catalog_543,Crockpot Swedish Meatballs Recipe,nordic,"[""lunch/dinner""]",['main course'],data/catalog/images/catalog_543/rgb.png,764.4149232333372,246.23029958334382,65.51340328750008,15.39819904825067,30.678563165500318
catalog_544,Paris mash (creamy mashed potato recipe),caribbean,"[""lunch/dinner""]",['starter'],data/catalog/images/catalog_544/rgb.png,725.1319029795408,352.67426590727,59.0107300587525,45.90165329915315,7.09233418919424
catalog_545,Loaded Mashed Potatoes,british,"[""lunch/dinner""]",['starter'],data/catalog/images/catalog_545/rgb.png,252.00856050200895,175.60080113839942,14.766746111013392,24.165329997042416,6.651585700959821
catalog_546,"Cucumber, Salmon & Cream Cheese Rolls recipes",nordic,"[""lunch/dinner""]",['main course'],data/catalog/images/catalog_546/rgb.png,133.69907874895833,117.62825265625001,10.234978191083334,3.7651650367916667,7.200187931380209
catalog_547,Salmon & Crab Cakes,nordic,"[""lunch/dinner""]",['main course'],data/catalog/images/catalog_547/rgb.png,322.82881591820626,235.7903552603514,15.868257853562383,22.092037395830165,23.558054134841534
catalog_548,Cauliflower Fried Rice Fritters recipes,south east asian,"[""lunch/dinner""]",['main course'],data/catalog/images/catalog_548/rgb.png,175.16332959003427,269.080565618017,9.15202326253524,19.79556506843478,6.24178663690251
catalog_549,Fried Okra,middle eastern,"[""lunch/dinner""]",['starter'],data/catalog/images/catalog_549/rgb.png,528.84123947863,261.97499548309275,36.76971153860725,44.490383343275,8.192651085165
catalog_550,Chinese Macaroni recipes,chinese,"[""lunch/dinner""]",['main course'],data/catalog/images/catalog_550/rgb.png,652.1925130441863,355.6435977093137,31.092610389998676,59.688423718906726,32.8361460031511
catalog_551,Aunt Peggy and Uncle Bill's Stuffed Cabbage,middle eastern,"[""lunch/dinner""]",['main course'],data/catalog/images/catalog_551/rgb.png,607.67455193125,914.05403546875,28.753961201671874,58.286083473390626,32.23178526132813
catalog_552,Sweet Potato Pancakes (Latkes),kosher,"[""lunch/dinner"",""breakfast""]",['main course'],data/catalog/images/catalog_552/rgb.png,529.1027500000002,339.1125,31.56935,52.145225,10.9453875
catalog_553,Fodni Bhaat (Indian Fried Rice) Recipe,indian,"[""lunch/dinner""]",['main course'],data/catalog/images/catalog_553/rgb.png,601.110999999893,243.06766205920604,39.44134999999964,56.4108249999762,5.30647499999543
catalog_554,Bengali-Spiced Squash,indian,"[""lunch/dinner""]",['main course'],data/catalog/images/catalog_554/rgb.png,205.904,280.3375,9.2708375,32.5964125,3.3122125
catalog_555,Vegan Spring Soba Noodle Bowl,asian,"[""lunch/dinner""]",['main course'],data/catalog/images/catalog_555/rgb.png,513.727423238007,242.2311205685617,18.37512207181632,72.919075450956,21.32990178018916
catalog_556,Rainbow Red Cabbage Salad recipes,south east asian,"[""lunch/dinner""]",['salad'],data/catalog/images/catalog_556/rgb.png,186.09462500155593,174.08750000026376,14.073202500139402,14.494500000057254,4.680640000045264
catalog_557,Smoked Sausage with Sauerkraut on the Char,central europe,"[""lunch/dinner""]",['main course'],data/catalog/images/catalog_557/rgb.png,117.805,526.0625,0.96975,26.27766875,4.93725
catalog_558,Salty Dogs Recipe,eastern europe,"[""lunch/dinner""]",['sandwiches'],data/catalog/images/catalog_558/rgb.png,215.68963888888882,81.40347222222222,12.073471527777777,17.62299131944445,8.595240972222221
catalog_559,German Potato Salad recipes,central europe,"[""lunch/dinner""]",['salad'],data/catalog/images/catalog_559/rgb.png,368.35460735836756,305.39206650075187,20.09439787036126,38.118476802184134,9.247555424005713
catalog_560,Tofu Thai Green Curry,south east asian,"[""lunch/dinner""]",['main course'],data/catalog/images/catalog_560/rgb.png,194.50545833339925,30.610416666743276,20.979750625001035,2.382837916680993,0.9777106250025055
catalog_561,Smoky Shrimp and Cheesy Grits,south east asian,"[""lunch/dinner""]",['main course'],data/catalog/images/catalog_561/rgb.png,798.9034905846288,449.99053585401225,57.575627885033875,26.3254465596425,43.6808892683525
catalog_562,Easy Crockpot “Roast” Chicken,nordic,"[""lunch/dinner""]",['main course'],data/catalog/images/catalog_562/rgb.png,260.9642857142857,204.52339792341678,13.119867857142856,17.77767142857143,18.01672142857143
catalog_563,Potato-free Hash Browns recipes,eastern europe,"[""breakfast""]",['starter'],data/catalog/images/catalog_563/rgb.png,301.7835,241.2301471715,23.100775,16.22,7.543225
catalog_564,Indian Red Lentil Flatbread,indian,"[""lunch/dinner""]",['main course'],data/catalog/images/catalog_564/rgb.png,185.94562499999995,92.8125,1.07210625,32.8642625,12.620993749999997
catalog_565,Baked Halibut Curry with Basmati Rice,indian,"[""lunch/dinner""]","['starter', 'main course']",data/catalog/images/catalog_565/rgb.png,211.116446359375,203.5800578125,3.62600851890625,25.707215625,17.915578253125
catalog_566,Quinoa Brown Rice Sushi,japanese,"[""lunch/dinner""]",['main course'],data/catalog/images/catalog_566/rgb.png,514.0959574816668,457.19419384166673,20.10837855778472,73.81244408944167,15.636855189390552
catalog_567,Salmon with Curried Yogurt & Cucumber Salad,nordic,"[""lunch/dinner""]",['salad'],data/catalog/images/catalog_567/rgb.png,382.4574155,206.48511562500002,26.28838549375,4.314125,30.8267385875
catalog_568,Oyster Kilpatrick,british,"[""lunch/dinner""]",['starter'],data/catalog/images/catalog_568/rgb.png,76.67802083362379,71.35242251520451,3.5938900463288017,5.23177152777847,5.6463501157413925
catalog_569,Paprika Cream Schnitzel With Veal And Bacon Recipe,central europe,"[""lunch/dinner""]",['main course'],data/catalog/images/catalog_569/rgb.png,220.49439999999998,111.36984277113402,19.159776000000004,3.3314100000000004,8.9407
catalog_570,Malaysian Chicken Satay,south east asian,"[""lunch/dinner""]",['main course'],data/catalog/images/catalog_570/rgb.png,209.7995,99.97441199398624,14.745308333333332,4.851766666666667,14.402926666666668
catalog_571,Corned Beef,south american,"[""lunch/dinner""]",['main course'],data/catalog/images/catalog_571/rgb.png,334.34162499999996,167.470625,25.2321425,5.2185250000000005,20.42172625
catalog_572,Potato Salad with Radishes and Sweet Pickle Relish,south american,"[""lunch/dinner""]",['salad'],data/catalog/images/catalog_572/rgb.png,248.7157343375,220.4016073773076,11.464783049875,33.91642553125,3.8220632193749986
catalog_573,Potato Salad,central europe,"[""lunch/dinner""]",['salad'],data/catalog/images/catalog_573/rgb.png,320.664491938675,350.26705189999024,11.0176937052055,46.56509938936667,10.979856652053336
catalog_574,Creamy German Coleslaw,central europe,"[""lunch/dinner""]",['salad'],data/catalog/images/catalog_574/rgb.png,179.46533333333332,112.86612308762888,14.944066666666666,10.993485000000002,1.0464866666666666
catalog_575,Spicy Honey Chicken Thighs ~ Sweet Beginnings Blog,south american,"[""lunch/dinner""]",['main course'],data/catalog/images/catalog_575/rgb.png,151.86275,108.45290227920962,4.072579999999999,9.482316666666668,19.025858333333336
catalog_576,Spiced Crab Slaw,south american,"[""lunch/dinner""]",['salad'],data/catalog/images/catalog_576/rgb.png,381.634562499182,375.081249999852,18.375287499935208,48.57581499995533,10.718012499973074
catalog_577,Spiced Peppers and Eggplant,middle eastern,"[""lunch/dinner""]",['main course'],data/catalog/images/catalog_577/rgb.png,242.58721687944364,490.9409719949765,14.644968930684826,28.219266044364225,4.924846257276608
catalog_578,Chinese Mushroom Rice,chinese,"[""lunch/dinner""]",['main course'],data/catalog/images/catalog_578/rgb.png,31.682583333333337,30.067227164089346,0.6683116666666667,5.783283333333333,0.8961000000000005
catalog_579,Spicy Ramen-Stuffed Jalapenos,japanese,"[""lunch/dinner""]",['main course'],data/catalog/images/catalog_579/rgb.png,275.45149048928846,88.38241364582863,23.29290899666694,6.280105303223719,10.24963505788685
catalog_580,Moroccan-Style Lamb Stew recipes,middle eastern,"[""lunch/dinner""]",['main course'],data/catalog/images/catalog_580/rgb.png,523.86875,705.875,18.0789125,68.1008,29.196262500000007
catalog_581,Strawberry Spinach Salad,middle eastern,"[""lunch/dinner""]",['salad'],data/catalog/images/catalog_581/rgb.png,232.9673896,218.14809250000002,18.2252192775,16.856898504,5.07036721975
catalog_582,Indian Corn and Coconut Salad,south american,"[""lunch/dinner""]",['salad'],data/catalog/images/catalog_582/rgb.png,268.7614791666737,205.05416666669888,9.968709375000074,46.42012500000222,6.571136458333448
catalog_583,Sweet Pea & Pearl Onion Pesto smothered Zucchini Noodles recipes,asian,"[""lunch/dinner""]",['main course'],data/catalog/images/catalog_583/rgb.png,461.0640289023452,556.632219661651,28.479175178671895,44.54153600000037,11.82818855312506
catalog_584,Sweet and Spicy Sweet Potato Steak Fries,south american,"[""lunch/dinner""]",['main course'],data/catalog/images/catalog_584/rgb.png,165.807875,140.5240492857603,4.6458031250000005,29.68235625,2.0969687500000007
catalog_585,Baked Sweet Potato With Topping,south american,"[""lunch/dinner""]",['main course'],data/catalog/images/catalog_585/rgb.png,226.2052072929375,166.183644959476,3.119949729318672,48.19982916660461,3.612843333389864
catalog_586,Quinoa Tabbouleh,middle eastern,"[""lunch/dinner""]",['salad'],data/catalog/images/catalog_586/rgb.png,210.20574166666665,88.20166666666664,15.73892786111111,16.312863888888888,3.183220277777778
catalog_587,Salmon with Lentils and Orange-Basil Dressing,nordic,"[""lunch/dinner""]",['main course'],data/catalog/images/catalog_587/rgb.png,460.90581529922525,353.65816830037227,20.01079903536046,41.14748029542,30.68992023550575
catalog_588,Salmon With Cucumber Salad,nordic,"[""lunch/dinner""]",['salad'],data/catalog/images/catalog_588/rgb.png,315.58275925,232.588240625,19.57772674375,3.4646618750000004,29.946605462500006
catalog_589,Cucumber and Tomato Salad with Feta (NO DRESSING NEEDED!),greek,"[""lunch/dinner""]",['salad'],data/catalog/images/catalog_589/rgb.png,67.27662500000001,125.2875,4.1853975,4.848975,3.454325
catalog_590,Feta & peach couscous,greek,"[""lunch/dinner""]",['main course'],data/catalog/images/catalog_590/rgb.png,192.73416666666665,124.08333333333333,8.578125,22.581883333333334,7.506075
catalog_591,"Gnocchi With Summer Squash, Basil, and Feta",greek,"[""lunch/dinner""]",['main course'],data/catalog/images/catalog_591/rgb.png,444.3426214700128,340.11988300545175,22.6439461332444,50.81428353944375,11.79472574388146
catalog_592,Black Eyed Peas And Veggie Soup Recipe,british,"[""lunch/dinner""]",['soup'],data/catalog/images/catalog_592/rgb.png,128.623375,157.74243531185562,7.2953,15.06730625,2.44791875
catalog_593,Easy Egg Muffins,british,"[""breakfast""]",['main course'],data/catalog/images/catalog_593/rgb.png,134.8300215625,118.54070685793492,8.507674981250002,2.870158125,11.3495055
catalog_594,Grilled Cheesy Potato Pack,south east asian,"[""lunch/dinner""]",['main course'],data/catalog/images/catalog_594/rgb.png,97.61762243020833,116.28948423822654,7.2223956003125,5.086756131322916,4.100287064479167
catalog_595,Gems Country Gravy Recipe,british,"[""lunch/dinner""]",['main course'],data/catalog/images/catalog_595/rgb.png,245.08800000000002,146.8,12.79903,24.02865,8.49423
catalog_596,Wild Mushroom Stroganoff With Noodles,asian,"[""lunch/dinner""]",['main course'],data/catalog/images/catalog_596/rgb.png,315.812383621875,263.09455421191626,12.628659835531247,41.0668541148125,10.681507814656252
catalog_597,Thai Yum Yum Beef Salad,south east asian,"[""lunch/dinner""]",['salad'],data/catalog/images/catalog_597/rgb.png,123.37131885526632,192.92481134992357,4.909565970663772,6.75095029170114,13.319437654803407
catalog_598,Summer Bulgur Salad recipes,middle eastern,"[""lunch/dinner""]",['salad'],data/catalog/images/catalog_598/rgb.png,178.23085564028167,280.3294105925659,1.6805577598432333,37.21550147136,7.874496176595997
catalog_599,Thai Chicken Burritto recipes,south east asian,"[""lunch/dinner""]",['main course'],data/catalog/images/catalog_599/rgb.png,727.25475,394.27720629675,34.55263,72.836875,33.801835
catalog_600,Vegetables with Brown Rice,chinese,"[""lunch/dinner""]",['starter'],data/catalog/images/catalog_600/rgb.png,118.166734375,147.171599292875,4.7371721875,16.71359625,3.394185
catalog_601,Kale Chopped Salad recipes,south american,"[""lunch/dinner""]",['salad'],data/catalog/images/catalog_601/rgb.png,449.67775160288136,282.72373065310103,37.67624817398663,19.167166013712507,13.52234144684
catalog_602,Honey Mustard Grilled Salmon Or Tuna Steaks,nordic,"[""lunch/dinner""]",['main course'],data/catalog/images/catalog_602/rgb.png,306.1235,255.0125,8.3412475,1.17454375,52.8634575
catalog_603,Creamy Tuna Noodle Casserole,asian,"[""lunch/dinner""]",['main course'],data/catalog/images/catalog_603/rgb.png,240.66656435028665,200.37893666672718,2.9606761349768664,37.42106050600002,16.807229717194783
catalog_604,Grilled Octopus Salad,caribbean,"[""lunch/dinner""]",['salad'],data/catalog/images/catalog_604/rgb.png,252.94066666666666,258.28333333333336,9.201056666666666,6.470898333333335,34.05620166666667
catalog_605,Jazzie Ragu Brunch Tostada #Ragu,south american,"[""lunch/dinner""]",['sandwiches'],data/catalog/images/catalog_605/rgb.png,393.22336111111116,218.20700477233666,13.70806722222222,47.278255555555546,21.432533333333335
catalog_606,Sausage and Egg Casserole,british,"[""breakfast""]",['main course'],data/catalog/images/catalog_606/rgb.png,313.38385256000004,148.734237,21.916505776,11.8756984041,17.132197498
catalog_607,Cornish Rarebit,british,"[""lunch/dinner""]",['main course'],data/catalog/images/catalog_607/rgb.png,241.09947912943926,85.02738605683552,8.808123437499999,29.428845330017662,10.37010222586144
catalog_608,Chicken Kiev-Cheap and Tasty,central europe,"[""lunch/dinner""]",['main course'],data/catalog/images/catalog_608/rgb.png,1221.43,711.0,45.5738,40.0521,153.247
catalog_609,Rolfs Original Swiss Cheese Fondue,nordic,"[""lunch/dinner""]",['main course'],data/catalog/images/catalog_609/rgb.png,384.5389146158719,154.78646526697287,19.521921674456426,22.773496655916514,19.10422428391396
catalog_610,"Short ribs, Korean style (Kalbi)",chinese,"[""lunch/dinner""]",['main course'],data/catalog/images/catalog_610/rgb.png,1274.794716899853,415.5651358747058,107.04321361806251,32.64485075773146,42.67742756052354
catalog_611,Moroccan spiced chicken,middle eastern,"[""lunch/dinner""]",['main course'],data/catalog/images/catalog_611/rgb.png,1208.1315128149986,473.64405924832175,94.80452590003013,13.463075000000002,78.44845110864638
catalog_612,Cold Noodles with Salsa Verde and White Beans,asian,"[""lunch/dinner""]",['main course'],data/catalog/images/catalog_612/rgb.png,298.8478483800406,99.59505042224157,16.120355980510563,32.56374196742143,6.848201383627857
catalog_613,Cinnamon Sugar Snap Peas,nordic,"[""lunch/dinner""]",['starter'],data/catalog/images/catalog_613/rgb.png,74.069829986525,118.39339059584495,2.4963328284465,10.36076432135,3.2376941948600004
catalog_614,"Steamed Salmon and Zucchini, Tomato and Basil",nordic,"[""lunch/dinner""]",['main course'],data/catalog/images/catalog_614/rgb.png,268.30033795558484,153.25087027814013,18.268159950555766,1.1524558333358035,23.53535392556073
catalog_615,Summer Couscous Salad recipes,middle eastern,"[""lunch/dinner""]",['salad'],data/catalog/images/catalog_615/rgb.png,257.89507291667064,194.15065104166789,11.515462148437571,30.176033723959186,8.768642968750129
catalog_616,Asian Tofu Tacos,asian,"[""lunch/dinner""]",['main course'],data/catalog/images/catalog_616/rgb.png,242.97950916666665,175.54641666666666,12.947393033333334,23.264516825,13.196157008333335
catalog_617,Asian Chicken Salad,asian,"[""lunch/dinner""]",['salad'],data/catalog/images/catalog_617/rgb.png,485.022983971369,292.4719894207555,29.12021237708295,24.994914004320908,35.27284098406985
catalog_618,Indian Style Saffron Rice,indian,"[""lunch/dinner""]",['main course'],data/catalog/images/catalog_618/rgb.png,223.0804535083955,131.82718304207435,8.280735038872107,34.119166415816736,4.12437511548703
catalog_619,"Sweet Potato, Kale & Split Pea Soup",british,"[""lunch/dinner""]",['soup'],data/catalog/images/catalog_619/rgb.png,267.65173926928,604.0098643174538,2.80783220217,48.97824729179,14.267126950630002
catalog_620,Cabbage Roll Bowls,british,"[""lunch/dinner""]",['main course'],data/catalog/images/catalog_620/rgb.png,423.00854135,494.048813002151,18.001964779296877,48.775746696640624,18.15359682757813
catalog_621,Chimichurri Sirloin,south american,"[""lunch/dinner""]",['main course'],data/catalog/images/catalog_621/rgb.png,1335.025291646,537.3367373740945,103.9284076427,8.124715,89.02241518109997
catalog_622,Green salad with avocado,south american,"[""lunch/dinner""]",['salad'],data/catalog/images/catalog_622/rgb.png,193.43583333333333,113.43836805566667,18.96605,7.052391666666666,1.8079458333333334
catalog_623,Roasted Cornish Hens recipes,indian,"[""lunch/dinner""]",['main course'],data/catalog/images/catalog_623/rgb.png,283.417573510424,113.640944791699,23.790085216875088,5.456630187502285,11.216533258333454
catalog_624,Olivye (Russian Potato Salad) Оливье recipes,eastern europe,"[""lunch/dinner""]",['salad'],data/catalog/images/catalog_624/rgb.png,1311.5200819374813,713.9155732613913,105.62510601860488,63.88544689008875,28.62800775364875
catalog_625,"Roasted Asparagus With Smoky Lemon Yogurt, Chopped Eggs And Toasted Almonds",british,"[""lunch/dinner""]",['main course'],data/catalog/images/catalog_625/rgb.png,153.42577411171894,153.370516313409,11.606673938853222,7.490460106622224,7.049488648795556
catalog_626,Oniony Brothy Beans,south east asian,"[""lunch/dinner""]",['main course'],data/catalog/images/catalog_626/rgb.png,220.27881897118667,426.98983672934514,5.742596526029998,32.677627239985,9.138089841878333
catalog_627,Broccoli Quinoa Slaw,central europe,"[""lunch/dinner""]",['salad'],data/catalog/images/catalog_627/rgb.png,232.1779539704862,184.12658559027784,3.897342254184027,40.66870314670138,10.491684839670137
catalog_628,Salmon Caesar Salad,nordic,"[""lunch/dinner""]",['salad'],data/catalog/images/catalog_628/rgb.png,672.335105825,557.4223771875,48.258070884375,22.2260273223125,39.314628226875
catalog_629,Donal Skehan's Sticky Roasted Carrots and,chinese,"[""lunch/dinner""]",['main course'],data/catalog/images/catalog_629/rgb.png,252.87366666684818,225.8019109736425,9.18487,38.1506150000492,8.325707916666845
catalog_630,Candied Turnip Salad,south american,"[""lunch/dinner""]",['salad'],data/catalog/images/catalog_630/rgb.png,263.02,156.8125,21.43315,15.1700625,5.45525625
catalog_631,Moroccan carrot salad recipe,middle eastern,"[""lunch/dinner""]",['salad'],data/catalog/images/catalog_631/rgb.png,88.30510070312478,120.38719926131033,6.999390401562495,7.0287324999999425,1.0465004374999907
catalog_632,Cauliflower No-Mash Potatoes recipes,british,"[""lunch/dinner""]",['starter'],data/catalog/images/catalog_632/rgb.png,99.7610486111111,172.62569444444443,4.803215694444445,11.839138888888884,4.804883333333333
catalog_633,Lime Curry Chicken,indian,"[""lunch/dinner""]",['main course'],data/catalog/images/catalog_633/rgb.png,324.681055125,207.38802305555555,21.06027064805556,11.370233333333333,23.655765343888895
catalog_634,"Watermelon, Strawberry and Tomatillo Salad recipes",south american,"[""lunch/dinner""]",['salad'],data/catalog/images/catalog_634/rgb.png,135.97157590433335,213.72914049666667,7.4118498335075,17.6366165836275,1.951455360714167
catalog_635,Sesame Crusted Scallops With Teriyaki Glaze recipes,japanese,"[""lunch/dinner""]",['main course'],data/catalog/images/catalog_635/rgb.png,117.7134858504459,77.77811514143643,7.541406149096643,4.4377014375344075,7.19311699930211
catalog_636,Sesame and Ginger Beef Sandwiches,chinese,"[""lunch/dinner""]",['sandwiches'],data/catalog/images/catalog_636/rgb.png,681.0683515895835,286.63591885416673,34.338222323791676,70.71095582583335,21.5055309085625
catalog_637,Best Pork Chops Marinade Ever,british,"[""lunch/dinner""]",['main course'],data/catalog/images/catalog_637/rgb.png,294.93687500374824,130.42187500035848,28.2758875004734,9.154921874887268,2.7900562499998625
catalog_638,Butternut Squash and Veggie Bake with Tort,british,"[""lunch/dinner""]",['main course'],data/catalog/images/catalog_638/rgb.png,222.66170704886983,191.09232194477167,8.426321997726978,30.704550141208333,8.690053105797915
catalog_639,Black Bean Casserole,south american,"[""lunch/dinner""]",['main course'],data/catalog/images/catalog_639/rgb.png,573.3166027464285,282.91292321428574,29.288209835678572,49.2240731792857,28.606787700857144
catalog_640,Cheeseburger Empanadas,south american,"[""lunch/dinner""]",['sandwiches'],data/catalog/images/catalog_640/rgb.png,234.56916666666666,97.875,15.656374999999999,11.846783333333333,11.933950000000001
catalog_641,20-Minute Crispy Pierogies with Broccoli and Sausage,central europe,"[""lunch/dinner""]",['main course'],data/catalog/images/catalog_641/rgb.png,322.09240765332726,343.684177396047,17.461042065792732,26.1525327561079,18.166694464495272
catalog_642,Basil Grilled Chicken Recipe,south american,"[""lunch/dinner""]",['main course'],data/catalog/images/catalog_642/rgb.png,509.90660156815727,189.26099482322385,41.847458789699225,1.0364532487034395,31.709367252605425
catalog_643,5-Ingredient Easy Meatloaf,central europe,"[""lunch/dinner""]",['main course'],data/catalog/images/catalog_643/rgb.png,214.946361575,108.34357750000001,12.392420436250001,6.48224265625,18.64231966
catalog_644,Paleohacks recipes,british,"[""breakfast""]",['main course'],data/catalog/images/catalog_644/rgb.png,912.271024,458.1472,57.6444752,60.97340000000001,37.5136
catalog_645,Savory Lokshen Kugel (Noodle Pudding),british,"[""lunch/dinner""]","['main course', 'desserts']",data/catalog/images/catalog_645/rgb.png,484.9434001,197.93610098611074,25.5068664035,47.97242122625,16.8526708175
catalog_646,Buttermilk Mashed Potatoes,middle eastern,"[""lunch/dinner""]",['starter'],data/catalog/images/catalog_646/rgb.png,271.4606431487,216.882882380405,15.956884168928662,29.145716033466666,4.755435334813334
catalog_647,"Chicken, Shrimp, and Pepper Skewers",chinese,"[""lunch/dinner""]",['main course'],data/catalog/images/catalog_647/rgb.png,162.2108015203311,177.38874048824638,7.57748346934609,5.097303114524445,18.88716760288801
catalog_648,Mango chutney baked feta with lentils,greek,"[""lunch/dinner""]",['main course'],data/catalog/images/catalog_648/rgb.png,214.6267516237275,111.0271927233239,8.080260990070528,24.570019212156886,12.18702815781184
catalog_649,Mini Potato Leek Frittata,british,"[""breakfast""]","['main course', 'egg']",data/catalog/images/catalog_649/rgb.png,87.19560986498959,112.226156779519,3.86147327066875,6.5451811126749995,6.50653735834375
catalog_650,Marinated Cauliflower Salad,british,"[""lunch/dinner""]",['salad'],data/catalog/images/catalog_650/rgb.png,162.496490375,115.97796676615248,15.5794867475,6.3183915,1.5426428166666668
catalog_651,Hungarian Salad,central europe,"[""lunch/dinner""]",['salad'],data/catalog/images/catalog_651/rgb.png,189.79489162500002,117.34880781250003,14.938551300625,11.560719054687503,2.78805780015625
catalog_652,6 Scarily Good Halloween Food Ideas,british,"[""lunch/dinner""]","['main course', 'special occasions']",data/catalog/images/catalog_652/rgb.png,155.50888888869716,70.9444444440894,9.964055555551472,6.819333333302585,9.522366666658925
catalog_653,Sicilian Summer Vegetable Medley - Caponatina pressure cooker recipes,eastern europe,"[""lunch/dinner""]",['main course'],data/catalog/images/catalog_653/rgb.png,338.20385259363525,521.600680517526,18.3306411743749,41.80180787496955,7.306545099998725
catalog_654,Grilled Eggplant with Pomegranate and Feta,greek,"[""lunch/dinner""]",['main course'],data/catalog/images/catalog_654/rgb.png,95.2192529791666,211.5102307743428,3.99214794125,14.856850249999988,2.3340641083333318
catalog_655,Warm Ham and Potato Salad,nordic,"[""lunch/dinner""]",['salad'],data/catalog/images/catalog_655/rgb.png,482.208328875116,265.05712250004626,34.8544940205015,24.218000287404557,19.273835175129808
catalog_656,Easy Creamy Potato Salad with Yogurt,nordic,"[""lunch/dinner""]",['salad'],data/catalog/images/catalog_656/rgb.png,209.834532433313,218.44745666664016,6.56377921533331,32.170815489995384,7.062868489332793
catalog_657,Moroccan Spaghetti (Very Low Fat and Healthy),middle eastern,"[""lunch/dinner""]",['main course'],data/catalog/images/catalog_657/rgb.png,612.067979643866,415.76264786479624,7.44422570392338,116.68796149665458,28.85279894059855
catalog_658,Famous Queso Dip: Green Goodness,caribbean,"[""lunch/dinner""]",['main course'],data/catalog/images/catalog_658/rgb.png,236.8770610125,99.76095015625,19.004524661015626,3.709380924171875,13.411820632109375
catalog_659,Chef Kiran's Okra Stir Fry,chinese,"[""lunch/dinner""]",['main course'],data/catalog/images/catalog_659/rgb.png,132.42637052500004,215.52309250000002,7.35906887575,16.04510789125,3.24275818525
catalog_660,Grilled Salmon with Black Bean Salsa,nordic,"[""lunch/dinner""]",['main course'],data/catalog/images/catalog_660/rgb.png,988.944081776031,556.1113078124735,58.78221737598954,22.5793020968725,87.06214644442655
catalog_661,Ginger-Soy Tilapia,japanese,"[""lunch/dinner""]",['main course'],data/catalog/images/catalog_661/rgb.png,181.75599447522188,177.64120681906252,5.031345508176438,1.6597697142,32.74756859637
catalog_662,Chinese Boiled Peanuts Recipe,south east asian,"[""lunch/dinner""]",['starter'],data/catalog/images/catalog_662/rgb.png,276.63852379,56.02423700000001,22.394911104,11.731284657,12.274273146
catalog_663,Chicken Teriyaki Meatballs With Edamame,japanese,"[""lunch/dinner""]",['main course'],data/catalog/images/catalog_663/rgb.png,635.5650625656813,376.72331006936776,21.232751310069442,71.82926501839708,39.35158095208325
catalog_664,Pork Schnitzels,central europe,"[""lunch/dinner""]",['main course'],data/catalog/images/catalog_664/rgb.png,350.0414466666667,127.91457064840061,25.271604611111112,7.883677777777779,21.883017777777784
catalog_665,Broccoli Pasta With Salmon,nordic,"[""lunch/dinner""]",['main course'],data/catalog/images/catalog_665/rgb.png,283.39400000015735,161.63003472259115,3.3915650000083803,48.658200000012364,14.52972500000812
catalog_666,"Michael Schlow's Buttered ""Noodles""",asian,"[""lunch/dinner""]",['main course'],data/catalog/images/catalog_666/rgb.png,660.767954425,151.092233125,27.068246353,85.024686425625,18.31045436875
catalog_667,"Beer-Braised Cabbage, Apples, and Sausage",central europe,"[""lunch/dinner""]",['main course'],data/catalog/images/catalog_667/rgb.png,593.6295790590875,493.7876169156945,41.47067400706275,26.91739013528055,25.48098581282945
catalog_668,Warm White Bean And Spinach Salad,middle eastern,"[""lunch/dinner""]",['salad'],data/catalog/images/catalog_668/rgb.png,560.95867095625,571.423569375,13.7717019205625,82.7473880683125,30.146664084125003
catalog_669,Pumpkin Spring Rolls,south east asian,"[""lunch/dinner""]",['main course'],data/catalog/images/catalog_669/rgb.png,264.5861698201019,172.26864308871,9.419251095694179,36.01335527325533,9.599630388227867
catalog_670,Cuban Sandwich,caribbean,"[""lunch/dinner""]",['sandwiches'],data/catalog/images/catalog_670/rgb.png,205.93325,77.31875,14.26425625,8.124525625000002,11.34255625
catalog_671,Mini Shrimp Rolls,south east asian,"[""lunch/dinner""]",['main course'],data/catalog/images/catalog_671/rgb.png,1308.112602000749,454.70807799059867,41.943843035547765,180.33050947506968,53.110239676017954
catalog_672,Stir-fried Noodles with Vegetables,asian,"[""lunch/dinner""]",['main course'],data/catalog/images/catalog_672/rgb.png,578.787936984695,387.54535099254923,18.779077459687514,87.48613366674938,17.856672762500025
catalog_673,Chinese Noodle Salad,chinese,"[""lunch/dinner""]",['salad'],data/catalog/images/catalog_673/rgb.png,223.80752114948376,119.88654625011834,12.58616133730585,25.27181399421875,3.69858291578125
catalog_674,Linzer Star Sandwich Cookies,central europe,"[""lunch/dinner""]",['sandwiches'],data/catalog/images/catalog_674/rgb.png,150.40713608127686,34.033848990066396,7.862079539495079,18.997022143045342,1.3993521853542943
catalog_675,Mushroom Swiss Veggie Burgers recipes,nordic,"[""lunch/dinner""]",['main course'],data/catalog/images/catalog_675/rgb.png,543.332834528031,283.2824653828542,20.160381898779402,66.88201998639964,26.902585796438785
catalog_676,Grilled Vegetable Kabobs recipes,middle eastern,"[""lunch/dinner""]",['main course'],data/catalog/images/catalog_676/rgb.png,186.38565327777778,232.6249869677738,13.92727274111111,16.37997477777778,2.1088846444444447
catalog_677,Grilled Salmon & Vegetables with Charred Lemon-Garlic Vinaigrette,nordic,"[""lunch/dinner""]",['main course'],data/catalog/images/catalog_677/rgb.png,433.4095965,375.701958125,30.47176695475,8.113645989,32.6159216225
catalog_678,Domestic Diva's Pan Roasted Salmon With Mango Salsa,nordic,"[""lunch/dinner""]",['main course'],data/catalog/images/catalog_678/rgb.png,240.25635845555547,139.8337881741131,16.23390739844444,7.2161378222222226,16.74092416
catalog_679,Roasted Cauliflower Steaks with Sumac,caribbean,"[""lunch/dinner""]",['main course'],data/catalog/images/catalog_679/rgb.png,183.187289603655,638.5197170835,14.3463199852505,12.62962166486225,4.78481204154
catalog_680,Beet-and-Onion Salad,eastern europe,"[""lunch/dinner""]",['salad'],data/catalog/images/catalog_680/rgb.png,116.439350411525,141.92746773914513,6.9720446706965,12.5781264806,2.04259769411
catalog_681,Steak and Rice Noodle Salad with Mint and Peanuts,asian,"[""lunch/dinner""]",['salad'],data/catalog/images/catalog_681/rgb.png,284.425993371915,114.2062562793565,16.409071497667902,23.15927183956001,12.620863980666
catalog_682,Stuffed Eggs Beyth Mahshi,middle eastern,"[""lunch/dinner""]",['starter'],data/catalog/images/catalog_682/rgb.png,265.8363653876383,115.79350683466096,26.097583350632465,2.9292980793942665,6.006964898701152
catalog_683,Shabu-Shabu,eastern europe,"[""lunch/dinner""]",['main course'],data/catalog/images/catalog_683/rgb.png,364.757911384375,787.9483733125,23.829591530437504,12.494784227187498,28.373383564
catalog_684,Oven-Fried Green Tomatoes,south east asian,"[""lunch/dinner""]",['main course'],data/catalog/images/catalog_684/rgb.png,148.647875000895,240.715196229375,1.369268333376625,30.3887916667815,4.7778458333623
catalog_685,Quinoa Salad – Whole Food Plant Based recipes,middle eastern,"[""lunch/dinner""]",['salad'],data/catalog/images/catalog_685/rgb.png,365.884375,269.744270833364,10.000687499999998,55.868525,16.084837500000003
catalog_686,Chickpea Rice Soup With Cabbage recipes,middle eastern,"[""lunch/dinner""]",['soup'],data/catalog/images/catalog_686/rgb.png,403.91026106358123,363.352829532875,9.681375639493625,64.6382323912925,17.4814909816175
catalog_687,Littlemafia's Hungarian Coleslaw,central europe,"[""lunch/dinner""]",['salad'],data/catalog/images/catalog_687/rgb.png,308.061404245025,384.207106927836,22.777595152771497,23.91468471985,6.601691622285
catalog_688,Beet Falafel,middle eastern,"[""lunch/dinner""]",['main course'],data/catalog/images/catalog_688/rgb.png,260.95616666666666,188.10959043642617,6.70625,40.69774833333333,11.288928333333333
catalog_689,Air Fryer Chicken Katsu,japanese,"[""lunch/dinner""]",['main course'],data/catalog/images/catalog_689/rgb.png,676.056739318395,273.3054554168562,43.555803272625,24.8682,44.396456218750004
catalog_690,"Soba Noodles with Peanuts, Carrots, and Snow Peas recipes",asian,"[""lunch/dinner""]",['main course'],data/catalog/images/catalog_690/rgb.png,405.5207358560534,172.43411993839715,19.240169934529614,49.138582334250444,15.897516114020016
catalog_691,Asparagus-Pepper Stir-Fry,chinese,"[""lunch/dinner""]",['main course'],data/catalog/images/catalog_691/rgb.png,47.11561849997052,153.4230924999345,1.3857677109998692,7.452815988993185,3.2532880349995423
catalog_692,"Sausage, Brussels Sprout & Potato Soup",central europe,"[""lunch/dinner""]",['soup'],data/catalog/images/catalog_692/rgb.png,474.718863306143,553.2101156249282,30.527995851187125,33.17699177997623,20.242615935432934
catalog_693,Losh Kebab (Armenian Style Lamb Burgers),middle eastern,"[""lunch/dinner""]",['main course'],data/catalog/images/catalog_693/rgb.png,482.513590375,270.766409583364,36.1309478225,5.3888425,29.7897060875
catalog_694,Sweet and Sour Shrimp Casserole (Microwave),chinese,"[""lunch/dinner""]",['main course'],data/catalog/images/catalog_694/rgb.png,303.845272915541,319.22118599819635,3.14043251186455,50.328177596266386,19.156152671223783
catalog_695,Healthy Chicken Tikka Masala,indian,"[""lunch/dinner""]",['main course'],data/catalog/images/catalog_695/rgb.png,395.342790592126,338.3767123251678,19.481774641669197,17.539371506364116,37.1480926410331
catalog_696,Pickled Eggs Recipe,eastern europe,"[""breakfast""]",['starter'],data/catalog/images/catalog_696/rgb.png,103.22607117187499,207.35357057291665,4.413893213515624,6.829094938906249,5.896989398515625
catalog_697,Beet Salad,eastern europe,"[""lunch/dinner""]",['salad'],data/catalog/images/catalog_697/rgb.png,169.40687706534064,145.2573226246875,12.991198792172312,9.55718450061,5.3923408433275
catalog_698,Curried Chicken Salad Sandwich,indian,"[""lunch/dinner""]",['sandwiches'],data/catalog/images/catalog_698/rgb.png,1673.6675311249996,651.166216715674,115.8424720925,60.16373575,98.04561745
catalog_699,Crunchy Quinoa,middle eastern,"[""lunch/dinner""]",['main course'],data/catalog/images/catalog_699/rgb.png,269.06828373251426,353.570051035942,6.067288491515613,36.46772502592,18.08805098624325
catalog_700,Slow Cooker Mild Curry Split Black Lentils,indian,"[""lunch/dinner""]",['main course'],data/catalog/images/catalog_700/rgb.png,188.521,238.45471904172825,5.85585,25.8177,9.516200000000001
catalog_701,Chicken & Cucumber Lettuce Wraps with Peanut Sauce,chinese,"[""lunch/dinner""]",['main course'],data/catalog/images/catalog_701/rgb.png,194.87458466667525,152.385320778611,8.172176157583452,15.108312447918475,15.977526187500475
catalog_702,Spicy Fruit Salad,caribbean,"[""lunch/dinner""]",['salad'],data/catalog/images/catalog_702/rgb.png,210.8764746046875,340.3944771355128,1.2960562500000004,48.64813125,2.82876875
catalog_703,Thai Green Curry Coconut Soup,south east asian,"[""lunch/dinner""]",['soup'],data/catalog/images/catalog_703/rgb.png,78.48166666666665,264.20833333333337,1.3517333333333335,14.486091666666665,7.5210875
catalog_704,Butternut Squash and White Bean Soup,indian,"[""lunch/dinner""]",['soup'],data/catalog/images/catalog_704/rgb.png,632.5484617595484,837.2811456597223,16.15465500081597,100.64009213220487,29.601817013619776
catalog_705,Basil Pesto Zucchini Noodles,asian,"[""lunch/dinner""]",['main course'],data/catalog/images/catalog_705/rgb.png,166.2414176675328,90.13190270833333,10.96396418208193,0.5895002743642321,16.37649357625
catalog_706,Asparagus & lentil salad with cranberries & crumbled feta,greek,"[""lunch/dinner""]",['salad'],data/catalog/images/catalog_706/rgb.png,209.59083333333334,127.16666666666667,6.710416666666667,28.840083333333325,10.56945
catalog_707,Thai Basil Chicken in Coconut-Curry Sauce,south east asian,"[""lunch/dinner""]",['main course'],data/catalog/images/catalog_707/rgb.png,511.20711082251,299.904756771,42.04609812385427,12.18378393282925,24.40882315660461
catalog_708,Cabbage and Sauerkraut for the Crock Pot,central europe,"[""lunch/dinner""]",['main course'],data/catalog/images/catalog_708/rgb.png,116.4573398813078,268.0915643484636,5.002980067265031,17.77300111603438,2.787356544285625
catalog_709,Homestyle Venison Sausage Gravy,central europe,"[""lunch/dinner""]",['main course'],data/catalog/images/catalog_709/rgb.png,214.3219692266667,137.5159036666666,15.80785010933333,7.995885570766667,10.17053416466667
catalog_710,Gobi Manchurian Recipe (Dry) | How to Make Veg Cauliflower Manchurian,chinese,"[""lunch/dinner""]",['main course'],data/catalog/images/catalog_710/rgb.png,182.31214999959374,111.55424999995795,0.9771431249958975,38.699087749914554,6.172688599991275
catalog_711,Beef and Broccoli Stir-Fry,chinese,"[""lunch/dinner""]",['main course'],data/catalog/images/catalog_711/rgb.png,514.661751925,518.00963875,28.96640959125,22.70067375,43.91861811125
catalog_712,Lentil-Walnut Salad with Grapes & Feta,greek,"[""lunch/dinner""]",['salad'],data/catalog/images/catalog_712/rgb.png,1956.127000001089,859.1291954810305,99.0391,208.5614600002952,80.08125750000107
catalog_713,Grilled beef scotch fillet with smoky eggplant and pomegranate salad,south east asian,"[""lunch/dinner""]",['main course'],data/catalog/images/catalog_713/rgb.png,1204.77375,823.6875,77.52915,28.3611875,95.95964375
catalog_714,Sweet Mandarin Cucumber Salad,chinese,"[""lunch/dinner""]",['salad'],data/catalog/images/catalog_714/rgb.png,118.0855086390625,168.83618859375002,8.0044534263125,12.321620254062502,1.22196017278125
catalog_715,Coriander Tabbouleh Salad with Shrimp,middle eastern,"[""lunch/dinner""]",['salad'],data/catalog/images/catalog_715/rgb.png,260.35285813802824,345.69069177640074,11.371774790956062,35.392844883800024,8.7353281061175
catalog_716,"Simple, Quick Yet Delicious and Healthy Stir-fry Veggies recipes",chinese,"[""lunch/dinner""]",['main course'],data/catalog/images/catalog_716/rgb.png,187.63633784269663,277.3057309628247,9.532408726741576,23.050346651685395,6.1531598
catalog_717,Roasted Root Vegetable Fries recipes,chinese,"[""lunch/dinner""]",['starter'],data/catalog/images/catalog_717/rgb.png,175.95068750000533,145.25518482007251,9.357038559027872,22.957983854167797,1.698937847222395
catalog_718,Lamb and White Beans with Rosemary,middle eastern,"[""lunch/dinner""]",['main course'],data/catalog/images/catalog_718/rgb.png,729.7232030234455,405.3986471183955,38.09651239026058,60.298019281251726,38.0046779020836
catalog_719,Fattet Batinjen – Eggplant with Yogurt and Pine Nuts,middle eastern,"[""lunch/dinner""]",['main course'],data/catalog/images/catalog_719/rgb.png,176.9274441,243.3703256055675,9.32076,19.40515625,7.20821875
catalog_720,White Bean-Sausage Soup,eastern europe,"[""lunch/dinner""]",['soup'],data/catalog/images/catalog_720/rgb.png,247.8830491625,484.3701285125,5.129450224756252,31.27008497076874,19.86102461414375
catalog_721,Noodles Mit Cabbage Und Bacon,asian,"[""lunch/dinner""]",['main course'],data/catalog/images/catalog_721/rgb.png,604.9977892673188,254.94672003039582,31.344280721365383,63.48801621944168,18.610990398448333
catalog_722,Skillet Beans 'n Weiners,indian,"[""lunch/dinner""]",['main course'],data/catalog/images/catalog_722/rgb.png,874.6462926388891,433.9589194444445,52.939405385111115,48.76243296277778,52.01316560194445
catalog_723,South Carolina Slaw,central europe,"[""lunch/dinner""]",['salad'],data/catalog/images/catalog_723/rgb.png,230.4636481270924,207.75271856015283,14.937164342736697,23.115073740000003,2.3796643340000005
catalog_724,Rack of Lamb with Sautéed Vegetable,middle eastern,"[""lunch/dinner""]",['main course'],data/catalog/images/catalog_724/rgb.png,172.84114814814816,301.94074074074086,11.488475925925925,13.277203703703705,7.194053703703703
catalog_725,Sticky Sriracha Tofu Bowl,asian,"[""lunch/dinner""]",['main course'],data/catalog/images/catalog_725/rgb.png,225.27418981481483,237.98624787962967,3.58035462962963,43.80081273148148,4.332457638888888
catalog_726,David's Sweet Shrimp Kabob's,middle eastern,"[""lunch/dinner""]",['main course'],data/catalog/images/catalog_726/rgb.png,475.7501132067068,190.38211013765024,32.998258270011206,46.36931711509761,3.3182813208892683
catalog_727,Caribbean Summer Salad,caribbean,"[""lunch/dinner""]",['salad'],data/catalog/images/catalog_727/rgb.png,110.95129700911521,145.35724388022612,0.821036039804695,23.40319815468765,4.979706259101587
catalog_728,Basil and roasted peppers french lentils with rice,chinese,"[""lunch/dinner""]",['main course'],data/catalog/images/catalog_728/rgb.png,214.14021423999998,99.9822578334,4.675225912200001,33.004381258,11.812075801999999
catalog_729,Salami & Eggs,chinese,"[""breakfast""]",['starter'],data/catalog/images/catalog_729/rgb.png,133.04865277801545,74.38472222229747,9.762046388892664,2.4222911111740646,8.61940000000976
catalog_730,Copycat Pappasito's Queso,caribbean,"[""lunch/dinner""]",['main course'],data/catalog/images/catalog_730/rgb.png,401.9039249680198,186.15333013886502,28.3403365263471,14.204010838492072,23.4193852668318
catalog_731,Spicy Thai Papaya Salad,south east asian,"[""lunch/dinner""]",['salad'],data/catalog/images/catalog_731/rgb.png,234.6940624994178,496.1273948178228,1.24000625,60.8179140623497,2.8010124999998167
catalog_732,Fast Roast Fish & Snow Peas recipes,south east asian,"[""lunch/dinner""]",['main course'],data/catalog/images/catalog_732/rgb.png,94.04562499999997,114.15625,2.3599125,8.339946875,13.626074999999998
catalog_733,Cucumber & Celery Salad,south east asian,"[""lunch/dinner""]",['salad'],data/catalog/images/catalog_733/rgb.png,42.58733333333333,90.14999999999999,2.401683333333333,4.89771,1.0417500000000002
catalog_734,Sesame Green Beans,chinese,"[""lunch/dinner""]",['starter'],data/catalog/images/catalog_734/rgb.png,45.756004436743275,118.2487755388975,1.19618899946541,8.305391384858975,2.2445047976167456
catalog_735,Peachy Sweet and Sour Tofu Stir-Fry,asian,"[""lunch/dinner""]",['main course'],data/catalog/images/catalog_735/rgb.png,356.88341509278564,483.626073375097,14.645368319223513,48.1464322152301,15.789902460708152
catalog_736,Salsiccia con peperoni,eastern europe,"[""lunch/dinner""]",['main course'],data/catalog/images/catalog_736/rgb.png,268.110131762963,113.18084564814818,19.17535749851852,15.648393160824076,8.731207822407407
catalog_737,Roasted Swiss Chard with Feta,greek,"[""lunch/dinner""]",['main course'],data/catalog/images/catalog_737/rgb.png,172.71318319038127,186.407071694375,13.127323555236625,9.19484258165,6.534617334965
catalog_738,Warm Hummus with Spiced Beef & Feta recipes,greek,"[""lunch/dinner""]",['main course'],data/catalog/images/catalog_738/rgb.png,368.920126990625,158.61035406250002,28.098515790625,13.012448671875,18.344176952812504
catalog_739,Corn on the Cob with Feta and Herbs,greek,"[""lunch/dinner""]",['main course'],data/catalog/images/catalog_739/rgb.png,161.32125,133.225,8.553503333333332,21.069245,4.569481666666666
catalog_740,curry roasted cabbage,indian,"[""lunch/dinner""]",['main course'],data/catalog/images/catalog_740/rgb.png,44.84925,48.01061770618558,3.5452625,3.4287625,0.8896875000000001
catalog_741,Veggie Chickpea Curry,indian,"[""lunch/dinner""]",['main course'],data/catalog/images/catalog_741/rgb.png,288.385858929375,215.6486119463571,12.71161019899375,38.2437748634375,7.324813346281251
catalog_742,Saag Paneer,indian,"[""lunch/dinner""]",['main course'],data/catalog/images/catalog_742/rgb.png,224.30620733497037,191.0560848438955,17.268864074269562,9.180246997226714,10.85649545856859
catalog_743,Red Bell Pepper and Eggplant Tian with Anchovies,middle eastern,"[""lunch/dinner""]",['main course'],data/catalog/images/catalog_743/rgb.png,290.3566696417878,279.9869479999878,14.9731509811318,34.77198714507304,6.354039818543324
catalog_744,Middle Eastern Salad,middle eastern,"[""lunch/dinner""]",['salad'],data/catalog/images/catalog_744/rgb.png,106.81083333333333,117.29779413016666,7.5218583333333315,5.195233333333332,5.560591666666665
catalog_745,Rouladen,central europe,"[""lunch/dinner""]",['main course'],data/catalog/images/catalog_745/rgb.png,586.1128302497596,431.344714562434,36.99695123649935,5.22681562494961,55.1760537199932
catalog_746,Paleo Broccoli Tempura recipes,japanese,"[""lunch/dinner""]",['starter'],data/catalog/images/catalog_746/rgb.png,1076.3115,464.71354166672825,104.9255,26.465425,18.11605
catalog_747,veg fried rice recipe,chinese,"[""lunch/dinner""]",['main course'],data/catalog/images/catalog_747/rgb.png,171.12615885456438,334.2340126146282,0.35260677087832526,37.45875,3.412
catalog_748,Grilled Vegetables Over Couscous recipes,middle eastern,"[""lunch/dinner""]",['main course'],data/catalog/images/catalog_748/rgb.png,196.339462962963,317.6618739398148,4.347468518518519,34.92694240740742,5.865005740740742
catalog_749,Thai Cucumber Salad,south east asian,"[""lunch/dinner""]",['salad'],data/catalog/images/catalog_749/rgb.png,104.70625,284.875,1.38895,22.4319375,1.63925
catalog_750,"Red Pepper, Cauliflower And Wild Rice",chinese,"[""lunch/dinner""]",['main course'],data/catalog/images/catalog_750/rgb.png,637.9724107500001,310.385425,17.384988775,108.8110975,19.379147625
catalog_751,Fattoush recipes,middle eastern,"[""lunch/dinner""]",['salad'],data/catalog/images/catalog_751/rgb.png,277.0491611111112,273.8838888888888,22.66185633333334,19.045082444444443,4.272632222222223
catalog_752,Grilled Tofu and Tomatoes,asian,"[""lunch/dinner""]",['main course'],data/catalog/images/catalog_752/rgb.png,251.0372176253279,247.91856636840384,19.909060198076034,10.24357747711133,11.678294045981895
catalog_753,Halibut Topped with Creamy Parmesan Shrimp,caribbean,"[""lunch/dinner""]","['starter', 'main course']",data/catalog/images/catalog_753/rgb.png,208.27286875647917,133.66984669459603,11.784984674267912,1.9559350521666667,22.9472365603
catalog_754,Croatian Rizi-bizi (Rice and Green Peas),chinese,"[""lunch/dinner""]",['main course'],data/catalog/images/catalog_754/rgb.png,709.05246875,261.61547660212625,21.427204375,113.67375,13.614675
catalog_755,Easy Baked Potato and Spinach Salad Dinner Idea,middle eastern,"[""lunch/dinner""]",['salad'],data/catalog/images/catalog_755/rgb.png,90.21403805223186,74.46256924191235,3.7349587893915475,11.745305125000888,3.019680880555565
catalog_756,Quinoa (Keen-Wa) Vegetable Delight,middle eastern,"[""lunch/dinner""]",['main course'],data/catalog/images/catalog_756/rgb.png,237.968753272488,253.34054270264437,9.786707785977779,32.3261836111111,7.006525555555555
catalog_757,Asian Noodle Salad,asian,"[""lunch/dinner""]",['salad'],data/catalog/images/catalog_757/rgb.png,539.3311646034723,235.36801381944446,22.743015342006945,71.45244104534723,13.431359852083334
catalog_758,Cold Sesame Noodles with Chicken,asian,"[""lunch/dinner""]",['main course'],data/catalog/images/catalog_758/rgb.png,315.48237825416675,148.08237958333336,4.102651431708333,49.77856171541667,19.1713197625
catalog_759,Simple Sesame + Spice Rice Noodles recipes,asian,"[""lunch/dinner""]",['main course'],data/catalog/images/catalog_759/rgb.png,365.368621133307,124.88206166660063,8.06292996199971,63.75669991499419,7.297075377498767
catalog_760,Yakitori Skewers and Red Wine,japanese,"[""lunch/dinner""]",['main course'],data/catalog/images/catalog_760/rgb.png,236.77633333333338,203.05416666666662,7.155687499999999,9.80505,29.7917875
catalog_761,Tasty Sesame Tilapia Recipe,south east asian,"[""lunch/dinner""]",['main course'],data/catalog/images/catalog_761/rgb.png,203.3469188,144.75642583333334,11.101023405833336,2.5603458333333333,23.773374925833334
catalog_762,Garlic-Feta Mashed Potatoes,greek,"[""lunch/dinner""]",['starter'],data/catalog/images/catalog_762/rgb.png,407.0875696145835,424.9625110564735,10.931814138541668,66.98480149725,12.334465617083334
catalog_763,"Chickpea, Sun-dried Tomato and Feta Salad",greek,"[""lunch/dinner""]",['salad'],data/catalog/images/catalog_763/rgb.png,303.0076642645775,170.78928229166667,12.748523381527038,38.22463897233227,13.218183388515628
catalog_764,Herbed Quinoa Salad,middle eastern,"[""lunch/dinner""]",['salad'],data/catalog/images/catalog_764/rgb.png,304.6994270834955,245.6510416668921,12.594170833333557,37.618953125037876,12.375859375005637
catalog_765,"Super Grilled ""cuban"" Midnight Sandwich",caribbean,"[""lunch/dinner""]",['sandwiches'],data/catalog/images/catalog_765/rgb.png,1208.6728142125,365.53463875,104.720084116,25.782189059625,41.081390655
catalog_766,Coconut Rice With Winter Squash,south east asian,"[""lunch/dinner""]",['main course'],data/catalog/images/catalog_766/rgb.png,880.6684722222222,385.422445322165,29.58411944444445,131.84843472222224,21.621933333333335
catalog_767,Red Lentil Kofte,middle eastern,"[""lunch/dinner""]",['salad'],data/catalog/images/catalog_767/rgb.png,101.59868952027271,51.06052714647691,3.807805631315218,14.331569756959649,3.6968137689408107
catalog_768,Creamy Avocado Zucchini Noodles,asian,"[""lunch/dinner""]",['main course'],data/catalog/images/catalog_768/rgb.png,215.5496873333333,230.48203608588997,19.200277373333332,11.803289333333332,3.3483482666666666
catalog_769,Chicken Apricot Curry,indian,"[""lunch/dinner""]",['main course'],data/catalog/images/catalog_769/rgb.png,252.84002525833338,176.37725916666662,13.788226411,9.272789583333333,23.143272139166676
catalog_770,Healthy Chicken Stir Fry with Noodles,asian,"[""lunch/dinner""]",['main course'],data/catalog/images/catalog_770/rgb.png,476.902187133919,316.8554720835665,12.287800411965943,59.16762078098265,37.51609240794095
catalog_771,SMOKED GOUDA CABBAGE AND BACON recipes,middle eastern,"[""lunch/dinner""]",['main course'],data/catalog/images/catalog_771/rgb.png,176.03504927945914,129.01554119936628,13.559482422370516,6.518097777187729,7.5745244365834
catalog_772,Cheddar Bacon Pistachio Cheeseball recipes,middle eastern,"[""lunch/dinner""]",['main course'],data/catalog/images/catalog_772/rgb.png,630.3791514583893,163.96883791673932,56.79068066,8.50021985301395,23.004446344374998
catalog_773,Beer-Cheese Soup,central europe,"[""lunch/dinner""]",['soup'],data/catalog/images/catalog_773/rgb.png,418.1789232208275,280.86522537319485,31.221069999999916,12.741122391873759,18.600788529416334
catalog_774,Quick White Bean Stew with Swiss Chard and Tomatoes,eastern europe,"[""lunch/dinner""]",['main course'],data/catalog/images/catalog_774/rgb.png,172.38902515,300.408685,14.12305487,10.627852319000002,4.56983133
catalog_775,Spicy sauteed peppers recipe,eastern europe,"[""lunch/dinner""]",['starter'],data/catalog/images/catalog_775/rgb.png,134.53770833336503,358.80937500000977,7.369269687500568,17.315116458340167,3.2114804166677025
catalog_776,Instant Pot Chicken Fried Rice,chinese,"[""lunch/dinner""]",['main course'],data/catalog/images/catalog_776/rgb.png,553.5363864519288,514.1751787962738,14.670956555700451,74.28681972754006,31.544942772359665
catalog_777,Curried Chicken Salad With Toasted Almonds,indian,"[""lunch/dinner""]",['salad'],data/catalog/images/catalog_777/rgb.png,448.90163003472225,146.67121519856636,35.93173318402778,12.684134722222222,19.635955833333337
catalog_778,Cinnamon's Curry Chicken Salad,indian,"[""lunch/dinner""]",['salad'],data/catalog/images/catalog_778/rgb.png,392.4949135951833,250.880697174787,25.89707672127159,13.6758790371425,26.5259765777853
catalog_779,Curried Sweet Potato Soup,indian,"[""lunch/dinner""]",['soup'],data/catalog/images/catalog_779/rgb.png,239.227807013405,518.0766101375,3.64795402276,49.22630378046125,4.63135976955875
catalog_780,Feta Shrimp Pasta,greek,"[""lunch/dinner""]",['main course'],data/catalog/images/catalog_780/rgb.png,298.467174384375,105.2733309375,6.929861902250002,43.139798297375016,15.1396213025
catalog_781,Fermented Beet and Orange Sauerkraut Salad Recipe [Beat the Winter Blues],central europe,"[""lunch/dinner""]",['salad'],data/catalog/images/catalog_781/rgb.png,73.538118140625,105.6747615625,3.1684737359375004,9.433080748625,2.888916141875
catalog_782,Arugula with Berries and Feta,greek,"[""lunch/dinner""]",['salad'],data/catalog/images/catalog_782/rgb.png,323.52991784690425,198.9179694228618,27.371171503361627,14.829248915057297,8.019102551631962
catalog_783,Chicken Noodle Soup recipes,asian,"[""lunch/dinner""]",['soup'],data/catalog/images/catalog_783/rgb.png,901.5041044081134,949.8238415222812,56.13368494948263,28.83784964535375,67.71974849037974
catalog_784,Roast duck with plum compote,chinese,"[""lunch/dinner""]",['main course'],data/catalog/images/catalog_784/rgb.png,738.83425,317.76176478125,54.5624775,24.128475,37.0119275
catalog_785,Braised Cabbage and Bacon,middle eastern,"[""lunch/dinner""]",['main course'],data/catalog/images/catalog_785/rgb.png,137.92096800182253,106.88681029698209,10.837639664087414,5.556914751682064,4.863478001314999
catalog_786,Turmeric Rice (Slow Cooker Recipe),chinese,"[""lunch/dinner""]",['main course'],data/catalog/images/catalog_786/rgb.png,315.79608708671736,205.52878916898567,4.396923901488565,57.13910691737581,10.439547479936516
catalog_787,Chickpea Salad,indian,"[""lunch/dinner""]",['salad'],data/catalog/images/catalog_787/rgb.png,284.3439912743055,235.30203745939733,12.03266506392361,35.67711907118055,10.779386901562498
catalog_788,Saucy meatballs,eastern europe,"[""lunch/dinner""]",['main course'],data/catalog/images/catalog_788/rgb.png,54.79562962962963,37.725925925925935,1.735899259259259,2.250362962962963,7.5389044444444435
catalog_789,Vegan Spring Soba Noodle Bowl recipes,asian,"[""lunch/dinner""]",['main course'],data/catalog/images/catalog_789/rgb.png,257.9878616190035,126.18056028428087,9.217900035908157,36.650837725478,10.709360890094583
catalog_790,Pork Fried Rice,chinese,"[""lunch/dinner""]",['main course'],data/catalog/images/catalog_790/rgb.png,234.3673987874579,156.4623521461797,10.76950110402483,23.13798161922844,10.76280024644722
catalog_791,Spring Veggie Rösti,south east asian,"[""lunch/dinner""]",['starter'],data/catalog/images/catalog_791/rgb.png,152.92258888541667,124.46882346474916,7.053731805791667,18.067216756083333,5.330877916750002
catalog_792,Connecticut-Style Lobster Rolls,south east asian,"[""lunch/dinner""]",['main course'],data/catalog/images/catalog_792/rgb.png,970.86993735,787.613555,39.8801391625,29.842535,117.716574075
catalog_793,Warm Shrimp Salad,japanese,"[""lunch/dinner""]",['salad'],data/catalog/images/catalog_793/rgb.png,500.5627270555556,649.441901111111,32.989807029,23.629524444444446,35.641022123333336
catalog_794,Butter Beans and Noodles In Tarragon-Lemon Cream Recipe,asian,"[""lunch/dinner""]",['main course'],data/catalog/images/catalog_794/rgb.png,360.32879205607884,186.8418811464764,12.09111505889267,53.1939459547452,11.97624978615945
catalog_795,Raspberry-Dressed Coleslaw,central europe,"[""lunch/dinner""]",['salad'],data/catalog/images/catalog_795/rgb.png,119.88345808989375,106.4415228061089,10.338744554022375,6.73335579654375,1.44521231867625
catalog_796,Curried Potato Salad recipes,indian,"[""lunch/dinner""]",['salad'],data/catalog/images/catalog_796/rgb.png,158.79760000000005,147.85999999999999,7.896783999999999,17.997608,5.174672000000002
catalog_797,Greek Orzo and Feta Stuffed Peppers,greek,"[""lunch/dinner""]",['main course'],data/catalog/images/catalog_797/rgb.png,234.71155725215417,191.57981241896468,8.747099098074507,30.66296018797908,10.70067342326584
catalog_798,Indian Tofu With Spinach,indian,"[""lunch/dinner""]",['main course'],data/catalog/images/catalog_798/rgb.png,273.4962818125795,324.595869930877,17.441103673958345,13.55318053193569,22.81275400345839
catalog_799,Warming Winter Veggie Curry,indian,"[""lunch/dinner""]",['main course'],data/catalog/images/catalog_799/rgb.png,586.96605445196,634.2270833334564,35.6969054016275,52.6205479688425,23.5652327129725
catalog_800,Supremely Easy Teriyaki Chicken,japanese,"[""lunch/dinner""]",['main course'],data/catalog/images/catalog_800/rgb.png,381.6557577177553,165.9036660175698,26.744923763613766,13.700984249160847,21.22824121955823
catalog_801,Sage Mashed Potatoes,eastern europe,"[""lunch/dinner""]",['starter'],data/catalog/images/catalog_801/rgb.png,501.8380701063833,350.75296664158685,33.70460231255965,46.394196756866684,8.263647772886666
catalog_802,Spicy Asian Chicken With Brussels Sprouts,asian,"[""lunch/dinner""]",['main course'],data/catalog/images/catalog_802/rgb.png,533.4617482067888,309.329518725693,12.271082138098308,69.17490436147078,34.9202819090633
catalog_803,Grilled Romaine Lettuce Cobb Salad,eastern europe,"[""lunch/dinner""]",['salad'],data/catalog/images/catalog_803/rgb.png,139.3225,177.95833333333334,10.263116666666665,4.635779166666665,7.769466666666666
catalog_804,Loaded Baked Potato Dip Recipe Will Be a Super Bowl Party Hit,caribbean,"[""lunch/dinner""]",['main course'],data/catalog/images/catalog_804/rgb.png,284.42283184010427,94.11303348958334,26.011345153963543,4.44633018190625,8.901359714640625
catalog_805,Polish Noodles,asian,"[""lunch/dinner""]",['main course'],data/catalog/images/catalog_805/rgb.png,433.6764500858364,434.38867427587326,25.37812235051691,33.68145311684139,19.902402759476225
catalog_806,Red Cabbage and Peas with Cumin and Mustar,indian,"[""lunch/dinner""]",['starter'],data/catalog/images/catalog_806/rgb.png,116.10521021059293,205.58336567467705,3.414241536713815,18.714818164062798,5.14653285156255
catalog_807,Crunchy Asian Cucumber Watermelon Salad,chinese,"[""lunch/dinner""]",['salad'],data/catalog/images/catalog_807/rgb.png,160.67000000000002,327.3776041666975,8.004225000000002,22.801083333333334,2.11835
catalog_808,Easy Fried Crab Cakes,eastern europe,"[""lunch/dinner""]",['main course'],data/catalog/images/catalog_808/rgb.png,263.954605940625,169.78703578125,10.595026209,17.123911778125,23.93987727940625
catalog_809,Curried Egg Salad,indian,"[""lunch/dinner""]",['salad'],data/catalog/images/catalog_809/rgb.png,170.52583333333334,84.87458615979382,14.241416666666666,4.0313,6.344816666666669
catalog_810,Fried Tomatoes with Garlic,chinese,"[""lunch/dinner""]",['main course'],data/catalog/images/catalog_810/rgb.png,80.3759691875,78.30512968956765,7.17916361375,4.026319875,0.891537675
catalog_811,Classic Viennese Schnitzel Recipe,central europe,"[""lunch/dinner""]",['main course'],data/catalog/images/catalog_811/rgb.png,954.6707500000001,275.825,77.69526166666668,40.09381666666667,24.6178
catalog_812,"Crunchy, Juicy Apple, Edamame and Chickpea Salad recipes",indian,"[""lunch/dinner""]",['salad'],data/catalog/images/catalog_812/rgb.png,158.76130381944446,134.1324698818192,8.699820243055557,17.54467777777778,4.93725625
catalog_813,Cumin-Scented Beef Kebabs,south east asian,"[""lunch/dinner""]",['main course'],data/catalog/images/catalog_813/rgb.png,382.2925404999551,163.27245666664976,28.623549453332615,1.5368499999883511,30.715088789998486
catalog_814,BCD Soon Tofu Soup Starter with Mussels in White Wine recipes,asian,"[""lunch/dinner""]",['soup'],data/catalog/images/catalog_814/rgb.png,551.8532908861107,715.4712684722217,9.54480585822222,20.045055917736107,82.88578817041663
catalog_815,Hungarian Cabbage and Potatoes,central europe,"[""lunch/dinner""]",['main course'],data/catalog/images/catalog_815/rgb.png,217.3924764997591,291.32118724831486,5.637525889999347,38.74388349994949,5.382179349993179
catalog_816,Flank Steak with Asian Slaw,asian,"[""lunch/dinner""]",['salad'],data/catalog/images/catalog_816/rgb.png,1266.3667426415382,608.9044581550113,116.86011775688267,18.694921618316858,40.58037005352185
catalog_817,Curry Tomato Soup With Naan Croutons,indian,"[""lunch/dinner""]",['soup'],data/catalog/images/catalog_817/rgb.png,407.2326143193335,544.4229530600545,20.505684478194905,49.97312144096833,10.337930859285487
catalog_818,Asian pear slaw,asian,"[""lunch/dinner""]",['salad'],data/catalog/images/catalog_818/rgb.png,58.95072222222223,110.76074942136042,0.32182314814814816,15.03891537037037,0.7688194444444442
catalog_819,Watermelon Mandarin Mint Salad recipes,caribbean,"[""lunch/dinner""]",['salad'],data/catalog/images/catalog_819/rgb.png,139.8421799546875,328.99868859375,2.632422184640625,29.14246058296875,3.551538127609375
catalog_820,"Slow Cooker Sundried Tomato, Asparagus, & Feta Frittata recipes",greek,"[""breakfast""]","['egg', 'main course']",data/catalog/images/catalog_820/rgb.png,185.22607673560415,168.868558829784,12.012186876729748,6.157328831081647,13.491601672596056
catalog_821,Sesame-Paprika Fregola,south east asian,"[""lunch/dinner""]",['main course'],data/catalog/images/catalog_821/rgb.png,537.0434368127723,119.11737898446458,34.755913624375,45.15758193248005,11.53221158375027
catalog_822,Grilled Mojo-Marinated Skirt Steak Recipe,south east asian,"[""lunch/dinner""]",['main course'],data/catalog/images/catalog_822/rgb.png,781.8518269229043,304.662330155612,65.257764180892,5.66399127514935,46.25794395471655
catalog_823,Cold Carrot Soup with Indian Spices,indian,"[""lunch/dinner""]",['soup'],data/catalog/images/catalog_823/rgb.png,122.790875,346.8,4.06294375,18.073900000000002,5.98475625
catalog_824,Zucchini Noodles with Roasted Tomatoes,asian,"[""lunch/dinner""]",['main course'],data/catalog/images/catalog_824/rgb.png,202.216185,418.15715204737126,14.7078881,16.454765,4.957174
catalog_825,Low Carb Zucchini Noodles Carbonara,asian,"[""lunch/dinner""]",['main course'],data/catalog/images/catalog_825/rgb.png,210.162046875,124.5287109375,18.592865234375,3.6865119921875,7.782601015625
catalog_826,Grilled Leg of Lamb with Pearl Onion and Plum Chutney,indian,"[""lunch/dinner""]",['main course'],data/catalog/images/catalog_826/rgb.png,1302.2445625000057,622.5876482612236,85.59465272569453,30.0839138541678,98.79833784722238
catalog_827,Beer-Flavored Potatoes,central europe,"[""lunch/dinner""]",['main course'],data/catalog/images/catalog_827/rgb.png,255.0298124998545,302.17187499996174,7.03168375,43.569153124962426,5.227728749999953
catalog_828,Low Fat Potato Latkes,kosher,"[""breakfast""]",['starter'],data/catalog/images/catalog_828/rgb.png,69.05234894583334,75.66571291666666,0.12496580829166666,14.907244760416667,2.299155448125
catalog_829,Tonkatsu,japanese,"[""lunch/dinner""]",['main course'],data/catalog/images/catalog_829/rgb.png,354.241325,129.94640625,26.606779375,5.70216875,22.04176875
catalog_830,Tofu Burgers,asian,"[""lunch/dinner""]",['main course'],data/catalog/images/catalog_830/rgb.png,224.19944070021802,140.32934250003805,12.010934916018908,10.8892544715089,22.890782502506738
catalog_831,Gingered Sesame Noodles,asian,"[""lunch/dinner""]",['main course'],data/catalog/images/catalog_831/rgb.png,729.226084922674,199.22896469694209,28.414067928565874,98.06151373724344,22.865626010013987
catalog_832,Christmas Cider and Applesauce: 2 for 1,central europe,"[""lunch/dinner""]","['salad', 'special occasions']",data/catalog/images/catalog_832/rgb.png,208.91391666666667,639.4844380833333,0.4842345833333333,55.15665416666667,0.7498533333333333
catalog_833,Salt And Vinegar Potatoes,central europe,"[""lunch/dinner""]",['starter'],data/catalog/images/catalog_833/rgb.png,226.24400848352937,528.75865194651,13.594053426312488,22.10326270318769,2.505154153859331
catalog_834,White Bean and Chickpea Salad,indian,"[""lunch/dinner""]",['salad'],data/catalog/images/catalog_834/rgb.png,170.16564581032986,136.49774933437962,5.057508299019098,24.61064912165799,7.891044340143229
catalog_835,Whole Grilled Vegetables,japanese,"[""lunch/dinner""]",['main course'],data/catalog/images/catalog_835/rgb.png,102.53622666666666,268.7544125187628,5.0938642666666665,13.771510666666666,3.0827706666666668
catalog_836,French in a Flash: Green Salad with Creamy Goat Cheese Dressing Recipe,japanese,"[""lunch/dinner""]",['salad'],data/catalog/images/catalog_836/rgb.png,180.33544048467422,162.38449940560926,16.096258248526237,5.93414790665,5.3181280610025
catalog_837,Peach-Tomato Salad with Basil and Feta,greek,"[""lunch/dinner""]",['salad'],data/catalog/images/catalog_837/rgb.png,107.9003198451906,187.1978714585367,5.705219622618315,12.321916790825,3.6280574674825
catalog_838,Chickpea Salad,indian,"[""lunch/dinner""]",['salad'],data/catalog/images/catalog_838/rgb.png,205.53415535937498,201.90089114583336,11.288765726406249,22.27464009114583,6.099720117447919
catalog_839,Curry Coconut Drinkable Soup,indian,"[""lunch/dinner""]",['soup'],data/catalog/images/catalog_839/rgb.png,117.54426763464,173.07978323687243,12.154513581085,2.888195645895,1.3692326753150001
catalog_840,Asian Noodle Salad,asian,"[""lunch/dinner""]",['salad'],data/catalog/images/catalog_840/rgb.png,334.5754727944445,316.762935138889,3.00942854788889,70.52009953694446,7.530409918541667
catalog_841,Katsu curry sauce,indian,"[""lunch/dinner""]",['main course'],data/catalog/images/catalog_841/rgb.png,186.13772244503664,138.8939876102404,16.178958293257587,11.015403355627656,2.25632256001665
catalog_842,Roasted Vegetables Recipe: A Colorful Side Dish for Any Meal,caribbean,"[""lunch/dinner""]",['starter'],data/catalog/images/catalog_842/rgb.png,113.65246875007385,127.07065972236074,4.669002708334278,17.166233333352217,1.8586983333363467
catalog_843,Greek Style Mac and (Feta) Cheese recipes,greek,"[""lunch/dinner""]",['main course'],data/catalog/images/catalog_843/rgb.png,300.31445830088416,136.7395990322801,14.415264120091217,33.59155295437685,9.6007835403988
catalog_844,Zucchini & Yellow Tomato Fritters,south east asian,"[""lunch/dinner""]",['main course'],data/catalog/images/catalog_844/rgb.png,299.15523856,179.4071438907307,24.028657912,19.0458898,3.36837448
catalog_845,Beef and Sauerkraut Dinner Recipe 3,central europe,"[""lunch/dinner""]",['main course'],data/catalog/images/catalog_845/rgb.png,598.12798855147,468.0657049307247,35.48076998382755,41.9413672708316,27.690256379543666
catalog_846,Bulk curried egg,indian,"[""breakfast""]",['main course'],data/catalog/images/catalog_846/rgb.png,153.5504727854027,84.06904085145104,11.978390332540929,1.111761599998874,9.879563947499285
catalog_847,Sweet Noodle Kugel,asian,"[""lunch/dinner""]",['main course'],data/catalog/images/catalog_847/rgb.png,410.7934188,137.24007384453725,23.99533132675,39.536959988125,10.42538228375
catalog_848,Spiced Roasted Pumpkin Seeds Recipe,caribbean,"[""breakfast""]",['starter'],data/catalog/images/catalog_848/rgb.png,59.18687500142875,40.260416666829926,3.8663541668612007,6.46299374992499,0.3556354166686136
catalog_849,"Bacon, Spinach and Feta Breakfast Scramble",greek,"[""breakfast""]","['main course', 'egg']",data/catalog/images/catalog_849/rgb.png,261.18494107000004,130.054931,21.484318827900008,2.6842606256,14.19856408665
catalog_850,Sweet Potatoes With Feta Cheese,greek,"[""lunch/dinner""]",['starter'],data/catalog/images/catalog_850/rgb.png,204.57000000000002,134.75,10.683125,18.93185,8.324225
catalog_851,Chickpea & Avocado Salad w/ Feta recipes,greek,"[""lunch/dinner""]",['salad'],data/catalog/images/catalog_851/rgb.png,235.76176,142.5530905012371,15.0592376,20.721739999999997,7.429529
catalog_852,Sauteed Cremini Mushrooms with Red Russian Kale,eastern europe,"[""lunch/dinner""]",['main course'],data/catalog/images/catalog_852/rgb.png,171.07610713333335,245.33078999999998,13.366364123333334,11.163070636666669,6.043186416666667
catalog_853,Indonesian Bakwan Sayur (Vegetable Fritter,south east asian,"[""lunch/dinner""]",['main course'],data/catalog/images/catalog_853/rgb.png,104.1488472219167,89.4879439973387,1.308874444443259,19.203659722155354,3.7484520833283677
catalog_854,Ramen Broccoli Soup Recipe 3,japanese,"[""lunch/dinner""]","['main course', 'soup']",data/catalog/images/catalog_854/rgb.png,158.8632992732143,267.2008130357143,6.697992650035716,19.760290842214285,6.097266140928572
catalog_855,Korean Barbecue Marinade,korean,"[""lunch/dinner""]",['main course'],data/catalog/images/catalog_855/rgb.png,160.74577777777782,153.96742949537037,4.837456018518519,27.9688587962963,3.15475
catalog_856,Bobby's 'slaw (Rob's Coleslaw),central europe,"[""lunch/dinner""]",['salad'],data/catalog/images/catalog_856/rgb.png,88.95918749999998,97.09583333333335,5.9936114583333335,8.786761249999998,0.9955252083333335
catalog_857,Sushi Sandwiches,japanese,"[""lunch/dinner""]","['main course', 'sandwiches']",data/catalog/images/catalog_857/rgb.png,264.2264166666834,315.927083333406,8.131639166667295,26.686190000003563,22.620576666668384
catalog_858,Boy Scout Supper | Easy Recipe for the Gri,central europe,"[""lunch/dinner""]",['main course'],data/catalog/images/catalog_858/rgb.png,213.15166666666667,254.75,4.479983333333333,36.317299999999996,7.8924666666666665
catalog_859,Sauteed Brussels Sprouts and Apples recipes,central europe,"[""lunch/dinner""]",['main course'],data/catalog/images/catalog_859/rgb.png,241.29751310833336,199.6592036111111,17.115102610833333,17.474366500972224,7.186933304277778
catalog_860,Butternut Squash Noodles with Red Pesto – Squashetti and Pesto recipes,asian,"[""lunch/dinner""]",['main course'],data/catalog/images/catalog_860/rgb.png,617.52875,255.116127435567,44.259666666666675,54.6905625,14.394254166666668
catalog_861,Frugal Family Creamy Noodles recipes,asian,"[""lunch/dinner""]",['main course'],data/catalog/images/catalog_861/rgb.png,463.37127049372225,130.85513435360457,26.146503280875375,46.67870868849263,10.765200770781082
catalog_862,Asparagus - the Dutch way,central europe,"[""lunch/dinner""]",['starter'],data/catalog/images/catalog_862/rgb.png,184.22875,154.33556713917525,12.891975,11.7602625,6.616712499999998
catalog_863,SPICY POTATO WEDGES WITH LIME DIPPING SAUCE,caribbean,"[""lunch/dinner""]",['starter'],data/catalog/images/catalog_863/rgb.png,759.9421388888887,604.0652777777777,36.83525694444445,99.1111763888889,17.273154166666668
catalog_864,Hot and Sour Soup with Tofu,asian,"[""lunch/dinner""]",['soup'],data/catalog/images/catalog_864/rgb.png,154.2398895940132,372.268624791599,5.957372645541633,12.17734449539659,15.35855610621858
catalog_865,Recipe Fried Tofu with Broccoli and Mushrooms recipes,asian,"[""lunch/dinner""]",['main course'],data/catalog/images/catalog_865/rgb.png,501.371757580963,271.75053580465874,44.32522360308955,9.896445907757897,22.520346485873493
catalog_866,"Feta, Baby Spinach, Tomatoes, Lentils and Morrocan Spices",greek,"[""lunch/dinner""]",['main course'],data/catalog/images/catalog_866/rgb.png,248.73723923749122,296.6185359959507,8.434421476749945,32.44283744999793,13.806273069999651
catalog_867,Leah Darby’s Chowchow,kosher,"[""lunch/dinner""]",['starter'],data/catalog/images/catalog_867/rgb.png,31.016513125,161.2379792070039,0.2351546625,6.80162125,1.2314365
catalog_868,Sauerkraut and mushroom TARTS recipes,central europe,"[""lunch/dinner""]",['main course'],data/catalog/images/catalog_868/rgb.png,631.5231207541008,353.52760377227423,39.5803338591967,60.66844294128465,10.32776760295875
catalog_869,Golden Beet Quinoa Salad,eastern europe,"[""lunch/dinner""]",['salad'],data/catalog/images/catalog_869/rgb.png,308.6498125,317.64669215625,9.67145125,46.2901,10.1582
catalog_870,Baby Romaine and Grapefruit Salad,eastern europe,"[""lunch/dinner""]",['salad'],data/catalog/images/catalog_870/rgb.png,160.79712703812498,126.12957081249999,12.0236517124375,13.684789379731251,1.90911622099375
catalog_871,"Tomato, Basil, and Feta Salad",greek,"[""lunch/dinner""]",['salad'],data/catalog/images/catalog_871/rgb.png,155.47449330351952,180.29772525817032,12.88040222385139,8.187542161450413,3.07428088278482
catalog_872,Feta Pomegranate and Couscous Salad with Mint,greek,"[""lunch/dinner""]",['salad'],data/catalog/images/catalog_872/rgb.png,172.61972465695385,77.13575345490408,6.2128402110001035,23.674292062954365,4.79606060888904
catalog_873,"Creamy Feta, Bacon and Spinach Dip",greek,"[""lunch/dinner""]",['main course'],data/catalog/images/catalog_873/rgb.png,319.4273228067735,100.07528350694525,23.258671881852475,18.964707290693273,8.94886678689245
catalog_874,Red Lentil and Vegetable Soup with Chive Yogurt,eastern europe,"[""lunch/dinner""]",['soup'],data/catalog/images/catalog_874/rgb.png,366.89136653703713,503.5640619539693,5.153386299629628,58.08287503703701,26.459407170370365
catalog_875,Tofu kimchi burger,korean,"[""lunch/dinner""]",['sandwiches'],data/catalog/images/catalog_875/rgb.png,123.21603374999998,87.85209375,11.573343749999998,4.99771875,0.75075
catalog_876,Glass Noodle Stir-Fry,asian,"[""lunch/dinner""]",['main course'],data/catalog/images/catalog_876/rgb.png,188.44921580817265,206.36560782751965,11.465099117917399,20.232373487735952,3.2548752987144116
catalog_877,Teriyaki Chicken Noodle Salad,asian,"[""lunch/dinner""]",['main course'],data/catalog/images/catalog_877/rgb.png,2018.2752962962968,891.6925925925926,126.79215925925924,50.43596296296297,159.41321111111108
catalog_878,Asian Succotash,asian,"[""lunch/dinner""]",['main course'],data/catalog/images/catalog_878/rgb.png,80.79375,89.250908189433,2.923775,9.9372,5.747425
catalog_879,Sally's Napa Cabbage Salad,south east asian,"[""lunch/dinner""]",['salad'],data/catalog/images/catalog_879/rgb.png,581.4036346458332,337.0538090104167,40.670103719166676,48.5977739166146,10.4669635190625
catalog_880,Loaded Smashed Potatoes,central europe,"[""lunch/dinner""]",['main course'],data/catalog/images/catalog_880/rgb.png,95.410806245,41.3399972851015,7.54769915665,4.568396987500001,2.6437696792500005
catalog_881,"Coconut Shrimp Curry with Cauliflower, Red Pepper, and Spinach",south east asian,"[""lunch/dinner""]",['main course'],data/catalog/images/catalog_881/rgb.png,575.9741360546875,357.96657109096174,34.16731679990625,47.12849099929687,24.733927821093758
catalog_882,Warm Shrimp Salad,japanese,"[""lunch/dinner""]",['salad'],data/catalog/images/catalog_882/rgb.png,232.40970325,176.051575,17.977476344999996,8.668838,7.0711238
catalog_883,Savory Dutch Baby,central europe,"[""breakfast""]",['starter'],data/catalog/images/catalog_883/rgb.png,215.02147519884818,89.75746742126528,13.338821375417654,12.190831980553192,11.115049010843812
catalog_884,Roasted Asparagus with Lemon Feta Vinaigre,greek,"[""lunch/dinner""]",['main course'],data/catalog/images/catalog_884/rgb.png,167.08522723018748,126.64512676251327,14.72640866195274,3.8785676384966448,6.066432960821058
catalog_885,Healthy Baked Chicken Fingers,eastern europe,"[""lunch/dinner""]",['main course'],data/catalog/images/catalog_885/rgb.png,262.8797084166667,178.97050354166666,8.64616841675,6.401890442708333,38.05940353125002
catalog_886,"Spinach, Mushroom and Feta Egg Scramble",greek,"[""breakfast""]","['egg', 'main course']",data/catalog/images/catalog_886/rgb.png,37.36114648420319,41.309960937435164,2.08035910154856,0.7749089843724842,3.8516244531157926
catalog_887,"Orzo with Zucchini, Dill, and Feta",greek,"[""lunch/dinner""]",['main course'],data/catalog/images/catalog_887/rgb.png,612.94013913316,302.4041456973333,28.632909995178665,67.88703209113334,22.489212313146666
catalog_888,"Instant Pot Chickpea Salad with Lemon, Feta, and Fresh Dill",greek,"[""lunch/dinner""]",['salad'],data/catalog/images/catalog_888/rgb.png,289.8657934392566,326.1516270105679,12.78728818193825,33.89120237952042,12.267681704408785
catalog_889,Green Beans with Warm Pistachio Vinaigrette recipes,south east asian,"[""lunch/dinner""]",['starter'],data/catalog/images/catalog_889/rgb.png,224.393283675,154.48228369525,18.7204133035,12.114474547250003,5.30450884275
catalog_890,Sushi Rice,japanese,"[""lunch/dinner""]",['main course'],data/catalog/images/catalog_890/rgb.png,755.1350000000001,492.2483673194443,1.131,167.14557777777776,12.889500000000004
catalog_891,Broccoli & Water Chestnut Thai Peanut Stir-fry,south east asian,"[""lunch/dinner""]",['main course'],data/catalog/images/catalog_891/rgb.png,453.0792957713908,291.6194493697353,16.735368849580446,66.0628592194478,13.049252686842586
catalog_892,Zucchini and Cauliflower Skewers with Feta,greek,"[""lunch/dinner""]",['main course'],data/catalog/images/catalog_892/rgb.png,56.68243055555555,238.07791666666662,1.7128347222222224,8.545469444444443,3.9104416666666664
catalog_893,Coconut Fish Curry,south east asian,"[""lunch/dinner""]",['main course'],data/catalog/images/catalog_893/rgb.png,217.4272568664063,316.85963875000004,14.206618563093755,13.421083399601565,11.989189733578124
catalog_894,Rice patties recipe | Leftover rice cutlet recipes,eastern europe,"[""lunch/dinner""]",['main course'],data/catalog/images/catalog_894/rgb.png,82.02693181806211,58.30881594631382,3.495746590907022,11.502895454527573,1.5919727272657989
catalog_895,Indonesian Style Stir-Fried Cabbage,south east asian,"[""lunch/dinner""]",['main course'],data/catalog/images/catalog_895/rgb.png,484.6349,248.47115014226802,33.89480733333333,3.4213833333333334,39.50017666666667
catalog_896,Cucumber Kimchi (Oi Gimchi),korean,"[""lunch/dinner""]",['starter'],data/catalog/images/catalog_896/rgb.png,94.82353703703704,709.8181563902962,0.6214907407407408,22.779120370370364,3.8892722222222216
catalog_897,Warm German Potato Salad,central europe,"[""lunch/dinner""]",['salad'],data/catalog/images/catalog_897/rgb.png,183.35896333333343,195.43124683054052,5.664588495138889,28.621561660416663,5.201087027083332
catalog_898,Deviled Cuban Eggs,caribbean,"[""lunch/dinner""]",['starter'],data/catalog/images/catalog_898/rgb.png,194.551025,75.89932538991947,17.52767481875,0.9498429031250001,7.64396425625
catalog_899,Creamy Potato Salad,central europe,"[""lunch/dinner""]",['salad'],data/catalog/images/catalog_899/rgb.png,322.2268208033334,220.2868082222345,20.619715328788892,28.89990484166666,6.461366131055556
catalog_900,Asian Style Tilapia,japanese,"[""lunch/dinner""]",['main course'],data/catalog/images/catalog_900/rgb.png,206.50146638641402,261.617733568281,7.959297270608283,26.9542776055,10.297922249175
catalog_901,"Baked Pasta and Rolls with Feta, Sundried Tomatoes and Thyme",greek,"[""lunch/dinner""]",['main course'],data/catalog/images/catalog_901/rgb.png,251.032957191663,98.42522014442848,14.064036785924666,22.93788506635898,8.357489161531214
catalog_902,"Mama's Bhindi Okra :: Gluten-Free, Grain-Free, Dairy-Free",south east asian,"[""lunch/dinner""]",['main course'],data/catalog/images/catalog_902/rgb.png,113.97674403333338,196.94363722224273,4.995643501,16.509043854999998,3.6752175803333333
catalog_903,Pork and Sauerkraut a La Budapest,central europe,"[""lunch/dinner""]",['main course'],data/catalog/images/catalog_903/rgb.png,499.1028625208333,456.81479291666665,31.758528479333332,16.651933953875,33.29765309841667
catalog_904,Jaeger Schnitzel (Spaetzle Sauce),central europe,"[""lunch/dinner""]",['main course'],data/catalog/images/catalog_904/rgb.png,92.14100000012172,224.23750000016906,3.2791125000001675,11.154567500028403,5.662112500004228
catalog_905,Grilled Mushrooms With Garlic Oil,eastern europe,"[""lunch/dinner""]",['main course'],data/catalog/images/catalog_905/rgb.png,172.7004263893387,92.1401049068346,17.38726614983951,4.175243980066193,2.065331474885756
catalog_906,Edamame Two Ways,japanese,"[""lunch/dinner""]",['main course'],data/catalog/images/catalog_906/rgb.png,276.50714374375,185.04394715935692,16.0482611595625,15.8357217935,21.283528441874996
catalog_907,Warm Garbanzo Quinoa Salad,south east asian,"[""lunch/dinner""]",['salad'],data/catalog/images/catalog_907/rgb.png,242.67233333333334,173.15,6.182316666666666,38.800305,8.576611666666667
catalog_908,Sofrito- Puerto Rican cooking base (Recaito),caribbean,"[""lunch/dinner""]",['main course'],data/catalog/images/catalog_908/rgb.png,207.80350405,450.3980925,1.2004942775000005,46.60950497775001,8.53284111575
catalog_909,Teriyaki Grilled Prawns recipes,japanese,"[""lunch/dinner""]",['main course'],data/catalog/images/catalog_909/rgb.png,267.8206124999455,324.8501249999613,1.3499089999998155,11.087036874987795,53.4757183749977
catalog_910,Garlicky Sautéed Swiss Chard,eastern europe,"[""lunch/dinner""]",['main course'],data/catalog/images/catalog_910/rgb.png,119.2560937500079,300.29039601039227,7.353924088541808,12.10125078125171,5.331081770833593
catalog_911,"Grapefruit, Feta And Cauliflower",greek,"[""lunch/dinner""]",['main course'],data/catalog/images/catalog_911/rgb.png,581.42859325,503.599376060384,40.002954025,41.1522475,19.798511375
catalog_912,"Salad with Asparagus, Cherry Tomatoes, Kalamata Olives, and Feta recipes",greek,"[""lunch/dinner""]",['salad'],data/catalog/images/catalog_912/rgb.png,92.82686111113003,131.5194444445304,7.09204583333354,5.36263000000593,3.382998055555857
catalog_913,Fresh Green Beans with Cherry Tomatoes,south east asian,"[""lunch/dinner""]",['starter'],data/catalog/images/catalog_913/rgb.png,320.0535957625506,456.4983223942452,23.722637657686906,26.994639311646257,5.4942237969015
catalog_914,Honey Walnut Shrimp,japanese,"[""lunch/dinner""]",['main course'],data/catalog/images/catalog_914/rgb.png,801.085878625,341.982651625,36.35620527175,92.371,30.8307165925
catalog_915,Broccoli Fritters Recipe 4,japanese,"[""lunch/dinner""]",['starter'],data/catalog/images/catalog_915/rgb.png,144.10508333333334,140.91283864078608,8.520309583333333,9.491446458333332,8.916647916666665
catalog_916,Singapore-Style Chicken Fried Rice,south east asian,"[""lunch/dinner""]",['main course'],data/catalog/images/catalog_916/rgb.png,405.983299625,330.5326975,17.413503989166667,41.40369333333333,21.231215068333334
catalog_917,One Pot Hamburger Stroganoff,eastern europe,"[""lunch/dinner""]",['sandwiches'],data/catalog/images/catalog_917/rgb.png,507.3274944486857,385.0651943056523,22.40408743654167,50.3550434872686,25.69886097191667
catalog_918,"Grape Salad with Toasted Garlic, Basil and Feta",greek,"[""lunch/dinner""]",['salad'],data/catalog/images/catalog_918/rgb.png,340.58780196562503,175.40618739583334,24.39744401727083,27.643285491125006,6.300999074541665
catalog_919,"Asparagus, Bean, and Feta Salad",greek,"[""lunch/dinner""]",['salad'],data/catalog/images/catalog_919/rgb.png,158.90560416670564,206.6645649131694,5.502476250000485,19.557422500010915,9.825673333334578
catalog_920,Thai Cucumber Salad,south east asian,"[""lunch/dinner""]",['salad'],data/catalog/images/catalog_920/rgb.png,166.36599999883416,211.07019555453596,11.443399999924095,14.82230624990001,3.708374999960105
catalog_921,Beet & Cabbage Salad,eastern europe,"[""lunch/dinner""]",['salad'],data/catalog/images/catalog_921/rgb.png,226.0338958333333,188.2554687500154,13.819587083333332,26.082716666666673,2.742044166666665
catalog_922,Ramen Coleslaw recipes,japanese,"[""lunch/dinner""]",['main course'],data/catalog/images/catalog_922/rgb.png,275.3086805555555,187.11402905798968,16.001608611111113,29.40452555555555,5.983408333333332
catalog_923,Strawberry Feta Salad Recipe,greek,"[""lunch/dinner""]",['salad'],data/catalog/images/catalog_923/rgb.png,284.0615625,281.21875,10.16935625,11.33855,35.655475
catalog_924,Watermelon Feta Salad,greek,"[""lunch/dinner""]",['salad'],data/catalog/images/catalog_924/rgb.png,169.12127644038128,326.439401222973,6.697561300236625,23.98898058165,6.520907134965
catalog_925,Japanese Potato Salad,japanese,"[""lunch/dinner""]",['salad'],data/catalog/images/catalog_925/rgb.png,493.1972080625,590.47236875,20.68963797125,64.916446,13.92072635
catalog_926,Japanese Cucumber Salad,japanese,"[""lunch/dinner""]",['salad'],data/catalog/images/catalog_926/rgb.png,74.83916666673933,282.83756633162784,1.9305666666729684,13.6012833333363,2.108800000002245
catalog_927,Korean Roast Chicken Thighs,korean,"[""lunch/dinner""]",['main course'],data/catalog/images/catalog_927/rgb.png,508.98203125,229.084375,37.251715625,8.87766875,33.42343875000001
catalog_928,Slow Cooker Sweet Teriyaki Chicken,japanese,"[""lunch/dinner""]",['main course'],data/catalog/images/catalog_928/rgb.png,257.6411,188.06,3.7170630000000005,22.06627,32.79591
catalog_929,A Warm Bowl of Soup is Just What the Doctor Ordered,japanese,"[""lunch/dinner""]",['soup'],data/catalog/images/catalog_929/rgb.png,224.7460272078125,359.91056328125,3.5774730549375,19.3866288894375,27.783602824
catalog_930,Polish Egg Salad,eastern europe,"[""lunch/dinner""]",['salad'],data/catalog/images/catalog_930/rgb.png,196.09064379550833,79.45176506018886,17.773423784482166,3.668303014533333,5.876610297869999
catalog_931,Top Ramen Recipe (Not Your Average Top Ramen!) recipes,japanese,"[""lunch/dinner""]",['main course'],data/catalog/images/catalog_931/rgb.png,309.12906250086,223.6645833334533,20.8876770834306,11.14671875000007,20.00379895833435
catalog_932,Low Fat Butter & Lemon Spaghetti (Kosher-Dairy),kosher,"[""lunch/dinner""]",['main course'],data/catalog/images/catalog_932/rgb.png,449.87916666666666,138.48804353522337,14.978833333333334,66.95020833333334,12.044479166666667
catalog_933,Serbian Roasted Eggplant Pepper Spread (Ajvar),eastern europe,"[""lunch/dinner""]",['main course'],data/catalog/images/catalog_933/rgb.png,255.91141673555,427.719938364024,18.913632477956334,23.015383374379997,3.76078412625
catalog_934,"Bow Ties With Tomatoes, Feta, and Balsamic Dressing",greek,"[""lunch/dinner""]",['salad'],data/catalog/images/catalog_934/rgb.png,325.2849366385585,206.0917879443614,11.526199587323543,45.22421715881605,10.830075959793383
catalog_935,Sauteed Spinach with Cranberries and Feta,greek,"[""lunch/dinner""]",['main course'],data/catalog/images/catalog_935/rgb.png,165.1281296518722,123.9383760569733,11.24914115502052,13.327306321372305,5.34161486276968
catalog_936,Crispy Parmesan Green Beans,caribbean,"[""lunch/dinner""]",['starter'],data/catalog/images/catalog_936/rgb.png,217.52662143125,227.6435297572428,13.151880312375,20.2563036608125,7.8491137560625
catalog_937,Greek Chicken Burgers With Feta,greek,"[""lunch/dinner""]",['main course'],data/catalog/images/catalog_937/rgb.png,276.94754263164174,159.27438015124082,14.081777296063963,12.436505615409027,25.296759667338474
catalog_938,Feta Chicken Bake,greek,"[""lunch/dinner""]",['main course'],data/catalog/images/catalog_938/rgb.png,212.13900511025417,170.01211630889165,4.3994900746994166,10.241297925433333,35.153062746643336
catalog_939,Halloween: Zombie Fingers,eastern europe,"[""snack""]","['special occasions', 'main course']",data/catalog/images/catalog_939/rgb.png,151.0354444444444,96.42222222222223,11.12507277777778,3.85361611111111,9.54118611111111
catalog_940,Cuban Pork Hash,caribbean,"[""lunch/dinner""]",['main course'],data/catalog/images/catalog_940/rgb.png,458.3532799479984,289.1115446816485,32.671551820924,21.11915679292015,22.521302196990973
catalog_941,Roasted Red Pepper Pasta with Kale & Feta recipes,greek,"[""lunch/dinner""]",['main course'],data/catalog/images/catalog_941/rgb.png,349.7525608910806,164.157702321449,12.304853112065638,48.79433786860911,12.345230769881246
catalog_942,Asparagus with Feta Yogurt Mint Dressing recipes,greek,"[""lunch/dinner""]",['salad'],data/catalog/images/catalog_942/rgb.png,135.98452220873224,159.91993616061077,8.79402364243949,6.922611969097448,9.24802349918568
catalog_943,Seared Asparagus and Red Peppers Recipe,japanese,"[""lunch/dinner""]",['main course'],data/catalog/images/catalog_943/rgb.png,194.93314358413127,161.50367735941032,14.655887675236627,9.850341084399998,7.551360329340002
catalog_944,Sushi Rice,japanese,"[""lunch/dinner""]",['main course'],data/catalog/images/catalog_944/rgb.png,106.165,69.15915399484535,0.042,26.3167,0.15400000000000005
catalog_945,Japanese noodles with sesame dressing,japanese,"[""lunch/dinner""]",['main course'],data/catalog/images/catalog_945/rgb.png,525.547000000872,339.90000000015215,10.723475000075625,95.6211850000356,21.261575000026934
catalog_946,Miso Phat Poke,japanese,"[""lunch/dinner""]",['main course'],data/catalog/images/catalog_946/rgb.png,315.7468000119811,277.71427986897,11.353530316156652,7.17336867489336,45.48537438840387
catalog_947,Homemade Teriyaki Sauce,japanese,"[""lunch/dinner""]","['condiments and sauces', 'main course']",data/catalog/images/catalog_947/rgb.png,65.65012499993558,39.59834559760809,0.05888562499999155,14.995134374984563,1.5671337499999562
catalog_948,Vegan Kimchi Fried Rice,korean,"[""lunch/dinner""]",['main course'],data/catalog/images/catalog_948/rgb.png,282.49990972,184.948569375,9.5427640201,38.678527177925005,12.189522292875
catalog_949,Mandarin Orange Spinach Salad with Orange,caribbean,"[""lunch/dinner""]",['salad'],data/catalog/images/catalog_949/rgb.png,101.5735875,99.6227083078608,2.38365775,19.3696,0.61391
catalog_950,Caribbean Black Bean Mango Salad with Orange-Ginger Dressing,caribbean,"[""lunch/dinner""]",['salad'],data/catalog/images/catalog_950/rgb.png,227.23557039271364,292.7379875347238,2.4053447471841216,44.13071985437613,10.03094844348281
catalog_951,My Version Of Asian Pork Burger,japanese,"[""lunch/dinner""]",['sandwiches'],data/catalog/images/catalog_951/rgb.png,350.57985058472224,201.56706006944447,25.50750343306945,6.191941676097223,23.77071123039583
catalog_952,Russian Beet Salad with Sour Cream,eastern europe,"[""lunch/dinner""]",['salad'],data/catalog/images/catalog_952/rgb.png,321.9749999994485,139.86318951974303,23.725206249999125,19.14321874985314,11.61734374999499
catalog_953,Garlic Roasted Red Potato Wedges,eastern europe,"[""lunch/dinner""]",['starter'],data/catalog/images/catalog_953/rgb.png,237.74763683333333,258.1394522057165,7.16764191,40.424814,4.894023066666667
catalog_954,3-Ingredient Tomato Soup,eastern europe,"[""lunch/dinner""]",['soup'],data/catalog/images/catalog_954/rgb.png,237.3391258,281.77847666672824,21.33677862,11.043521596500002,3.006906428
catalog_955,Sauteed Cabbage with Bacon,eastern europe,"[""lunch/dinner""]",['starter'],data/catalog/images/catalog_955/rgb.png,128.67922641538127,54.675559194375,10.544566855236624,4.1422880844,4.14314241934
catalog_956,Eggplant Croquettes,japanese,"[""lunch/dinner""]",['main course'],data/catalog/images/catalog_956/rgb.png,551.6724333333333,278.8293378589777,46.39695833333334,25.414766666666665,11.276400000000002
catalog_957,Chicken Teriyaki,japanese,"[""lunch/dinner""]",['main course'],data/catalog/images/catalog_957/rgb.png,510.38,257.8,34.013200000000005,11.232,37.5264
catalog_958,Drunken Shrimp Recipe,caribbean,"[""lunch/dinner""]",['main course'],data/catalog/images/catalog_958/rgb.png,244.17739372211517,237.13014663024884,7.807775848444055,11.291645138863752,31.27901295666592
catalog_959,Easy Crock Pot Teriyaki Chicken,japanese,"[""lunch/dinner""]",['main course'],data/catalog/images/catalog_959/rgb.png,342.824999999709,291.1562499999235,10.435925,7.257468749924845,52.3393749999999
catalog_960,Easy Bacon-wrapped Green Beans,caribbean,"[""lunch/dinner""]",['main course'],data/catalog/images/catalog_960/rgb.png,188.54545433720884,94.7302962499234,15.38373790175,8.397079773549846,5.016030046374908
catalog_961,Cabbage Soup with Pickled Cucumbers,eastern europe,"[""lunch/dinner""]",['soup'],data/catalog/images/catalog_961/rgb.png,212.689135416744,473.49062500003083,0.9051943750010035,46.55291666668635,7.668788333336536
catalog_962,Asian Kale Salad,japanese,"[""lunch/dinner""]",['salad'],data/catalog/images/catalog_962/rgb.png,154.00609083362437,155.63500042602197,11.830001950025213,11.797296666678633,3.4479780000089932
catalog_963,Pressure Cooker “Roasted” Whole Chicken recipes,caribbean,"[""lunch/dinner""]",['main course'],data/catalog/images/catalog_963/rgb.png,1056.7649272961,535.6393298793155,75.951512328786,3.2567348504,86.00986413944003
catalog_964,Japanese Cucumber Salad,japanese,"[""lunch/dinner""]",['salad'],data/catalog/images/catalog_964/rgb.png,127.835,495.6784757731959,0.63755,29.70761,4.254849999999999
catalog_965,MISO PUMPKIN SOUP,japanese,"[""lunch/dinner""]",['soup'],data/catalog/images/catalog_965/rgb.png,245.84424048333335,238.49517979895316,9.158697456666665,39.732240005000016,3.2251873530000004
catalog_966,Sushi Rice,japanese,"[""lunch/dinner""]",['main course'],data/catalog/images/catalog_966/rgb.png,507.29040000000003,345.670987817664,0.6786000000000002,112.007192,7.733700000000002
catalog_967,Healthy Baked Chicken Fingers recipes,eastern europe,"[""lunch/dinner""]",['main course'],data/catalog/images/catalog_967/rgb.png,302.97292975,149.36823046401426,14.42578705475,11.190717578125,30.43004065625
catalog_968,Sweet-Potato Latkes recipes,kosher,"[""lunch/dinner""]",['starter'],data/catalog/images/catalog_968/rgb.png,167.87726875235882,61.24717538888375,13.71116748453473,9.742355532735045,1.8978615545384616
catalog_969,Tangy tuna burgers,japanese,"[""lunch/dinner""]",['main course'],data/catalog/images/catalog_969/rgb.png,180.317,122.925,7.3904875,1.92885,25.270275
catalog_970,Saucy Meatball Subs,eastern europe,"[""lunch/dinner""]",['sandwiches'],data/catalog/images/catalog_970/rgb.png,241.57392396,107.9915458249421,18.5651248,1.19846,16.282877528
catalog_971,Spicy Potato Wedges,eastern europe,"[""lunch/dinner""]",['starter'],data/catalog/images/catalog_971/rgb.png,161.69850864305727,174.35981236111766,3.5303612790416867,29.962606833333734,3.531155146458398
catalog_972,Celery Root Mash,caribbean,"[""lunch/dinner""]",['starter'],data/catalog/images/catalog_972/rgb.png,126.85993179999998,179.621827026278,6.873092369999998,14.900326013333332,2.9711118499999998
catalog_973,Coconut Lime Black Beans,caribbean,"[""lunch/dinner""]",['main course'],data/catalog/images/catalog_973/rgb.png,394.8212845555555,246.6890460201684,5.0812393177777775,68.1857948888889,22.212648266666672
catalog_974,"Chicken Sausage with Apples, Sage and Cabbage",eastern europe,"[""lunch/dinner""]",['main course'],data/catalog/images/catalog_974/rgb.png,485.5433296083335,408.05642583333326,26.621109318333325,40.44143190116667,21.65907850416667
catalog_975,Chicken al Mattone,caribbean,"[""lunch/dinner""]",['main course'],data/catalog/images/catalog_975/rgb.png,761.556432472,488.238022480558,56.90133736133,2.0049235577099997,57.68958617899
catalog_976,Simple Russian Cucumber and Tomato Salad recipes,eastern europe,"[""lunch/dinner""]",['salad'],data/catalog/images/catalog_976/rgb.png,97.41098553125,207.86772575090816,7.045764550625,8.797948375,1.5876039000000004
catalog_977,Crawford Polish Bake,eastern europe,"[""lunch/dinner""]",['main course'],data/catalog/images/catalog_977/rgb.png,377.0881666773105,316.04635125199314,21.208732935089184,29.265189683000184,18.483645160846482
catalog_978,baby's beef stroganoff,eastern europe,"[""lunch/dinner""]",['main course'],data/catalog/images/catalog_978/rgb.png,141.77907009375,228.0242846875,2.28951809346875,18.841004141625007,12.7789704925
catalog_979,Korean Food: Galbi Tang (Short Rib Soup),korean,"[""lunch/dinner""]",['soup'],data/catalog/images/catalog_979/rgb.png,927.4749546268557,275.20936966601425,82.381889666447,10.744964900073478,33.846884870484224
catalog_980,Red Zone Chicken Fingers,eastern europe,"[""lunch/dinner""]",['main course'],data/catalog/images/catalog_980/rgb.png,614.9589957916705,209.54980552085306,18.4033733942292,79.4325916666676,30.64616353385434
catalog_981,Basic Tzimmes,kosher,"[""lunch/dinner""]",['main course'],data/catalog/images/catalog_981/rgb.png,219.086106478715,235.2125447781185,0.31842138924996616,52.72385816855481,3.6986581652080965
catalog_982,Korean Beef Meal Prep Bowls recipes,korean,"[""lunch/dinner""]",['main course'],data/catalog/images/catalog_982/rgb.png,627.49847588658,486.983702987602,29.0510019645923,63.96723492089305,28.1474733763342
catalog_983,"Steamer Clams, New England Style",caribbean,"[""lunch/dinner""]",['main course'],data/catalog/images/catalog_983/rgb.png,599.4455190062503,502.941893125,27.408950006375,18.167457322875002,67.1500493365625
catalog_984,Spicy and Sweet Spinach,caribbean,"[""lunch/dinner""]",['starter'],data/catalog/images/catalog_984/rgb.png,64.83530139242671,88.16143835524935,2.5844710912702684,9.94304325801568,2.56267412801847
catalog_985,Honey Marinated Cucumber,eastern europe,"[""lunch/dinner""]",['starter'],data/catalog/images/catalog_985/rgb.png,244.6972669370132,663.88752070572,2.377593888888889,53.98204979768678,5.156884166666668
catalog_986,Grilled Red Potatoes,eastern europe,"[""lunch/dinner""]",['starter'],data/catalog/images/catalog_986/rgb.png,226.8322475,222.70521986889185,6.96828935,38.02984,4.498974
catalog_987,Grilled Skirt Steak with Green Bean Salad and Citrus Vinaigrette,caribbean,"[""lunch/dinner""]",['salad'],data/catalog/images/catalog_987/rgb.png,459.1038856820333,177.36155466673483,37.38132359792866,1.2138124501333334,30.573377063146665
catalog_988,Korean Sesame Chicken and Potatoes,korean,"[""lunch/dinner""]",['main course'],data/catalog/images/catalog_988/rgb.png,776.613903087611,678.3812608124663,33.58322534476855,73.02323749998513,45.031326848502175
catalog_989,Copy Desk Salad Bowl,caribbean,"[""lunch/dinner""]",['salad'],data/catalog/images/catalog_989/rgb.png,124.79432228125,30.68927999123636,13.644423188958337,0.9092430833333334,0.23870172499999986
catalog_990,Shakshuka with Fire-Roasted Tomatoes and Fennel,kosher,"[""lunch/dinner""]",['main course'],data/catalog/images/catalog_990/rgb.png,657.8937305656,851.9971719115805,45.343297534141,39.929546961735,29.435569390955
catalog_991,Chicken with Roasted Tomato Scallion Relish,eastern europe,"[""lunch/dinner""]",['main course'],data/catalog/images/catalog_991/rgb.png,451.01168293491,307.57723698712,28.16572434953125,15.43788200000352,34.01208991875
catalog_992,Vegetarian Eggplant Caviar Recipe,eastern europe,"[""lunch/dinner""]",['starter'],data/catalog/images/catalog_992/rgb.png,218.07345312511592,278.2010457254008,17.390151562501504,16.052037500029556,2.6945925000048025
catalog_993,Easy Korean-Style Beef and Rice,korean,"[""lunch/dinner""]",['main course'],data/catalog/images/catalog_993/rgb.png,458.4438531266762,240.3546198333364,22.0550740395835,44.50552760416872,20.20099565300032
catalog_994,Red Russian Kale,eastern europe,"[""lunch/dinner""]",['salad'],data/catalog/images/catalog_994/rgb.png,50.440908,104.17651834725775,2.9021256,5.13444,3.061824
catalog_995,Spiced Carrot & Chickpea Mash,caribbean,"[""lunch/dinner""]",['main course'],data/catalog/images/catalog_995/rgb.png,248.91217226924505,281.599706345164,6.8579182835215,40.26340634805,9.525515649385003
catalog_996,Kale with Red Bell Pepper,eastern europe,"[""lunch/dinner""]",['main course'],data/catalog/images/catalog_996/rgb.png,123.8624999998861,219.04769170937854,8.999627604167236,8.422384999969257,4.404870833334325
catalog_997,Cuban Black Beans,caribbean,"[""lunch/dinner""]",['main course'],data/catalog/images/catalog_997/rgb.png,291.26499695,108.05528634282115,3.472335275666667,50.02610648000002,16.827691986666668
catalog_998,Mamzells Potatoes and Octopus Salad,caribbean,"[""lunch/dinner""]",['salad'],data/catalog/images/catalog_998/rgb.png,266.06907339762904,220.31889932862833,12.554207661872159,21.12589826667109,17.13289766666719
catalog_999,Sausage and Peppers,eastern europe,"[""lunch/dinner""]",['main course'],data/catalog/images/catalog_999/rgb.png,130.62114583333337,159.18512532474227,5.9850191666666674,7.775358333333332,11.976743750000002
